# Blender 5.0.0
# www.blender.org
mtllib 33.mtl
o Head
v 0.000000 8.000000 -0.747582
v 0.000000 8.500000 -1.250001
v 0.000000 8.024471 -0.902838
v 0.000000 8.095491 -1.042896
v 0.000000 8.206107 -1.154047
v 0.000000 8.345491 -1.225411
v 0.000000 10.500000 -0.747582
v 0.000000 10.000000 -1.250001
v 0.000000 10.475529 -0.902838
v 0.000000 10.404509 -1.042896
v 0.000000 10.293893 -1.154047
v 0.000000 10.154509 -1.225411
v 0.145845 8.000000 -0.733217
v 0.243863 8.500000 -1.225983
v 0.176134 8.024471 -0.885490
v 0.203459 8.095491 -1.022857
v 0.225143 8.206107 -1.131873
v 0.239066 8.345491 -1.201865
v 0.145845 10.500000 -0.733217
v 0.243863 10.000000 -1.225983
v 0.176134 10.475529 -0.885490
v 0.203459 10.404509 -1.022857
v 0.225143 10.293893 -1.131873
v 0.239066 10.154509 -1.201865
v 0.286087 8.000000 -0.690675
v 0.478354 8.500000 -1.154850
v 0.345501 8.024471 -0.834113
v 0.399099 8.095491 -0.963511
v 0.441635 8.206107 -1.066201
v 0.468944 8.345491 -1.132132
v 0.286087 10.500000 -0.690675
v 0.478354 10.000000 -1.154850
v 0.345501 10.475529 -0.834113
v 0.399099 10.404509 -0.963511
v 0.441635 10.293893 -1.066201
v 0.468944 10.154509 -1.132132
v 0.415334 8.000000 -0.621592
v 0.694463 8.500000 -1.039338
v 0.501589 8.024471 -0.750682
v 0.579402 8.095491 -0.867137
v 0.641154 8.206107 -0.959556
v 0.680801 8.345491 -1.018892
v 0.415334 10.500000 -0.621592
v 0.694463 10.000000 -1.039338
v 0.501589 10.475529 -0.750682
v 0.579402 10.404509 -0.867137
v 0.641154 10.293893 -0.959556
v 0.680801 10.154509 -1.018892
v 0.528619 8.000000 -0.528620
v 0.883883 8.500000 -0.883884
v 0.638402 8.024471 -0.638403
v 0.737438 8.095491 -0.737439
v 0.816034 8.206107 -0.816035
v 0.866496 8.345491 -0.866497
v 0.528619 10.500000 -0.528620
v 0.883883 10.000000 -0.883884
v 0.638402 10.475529 -0.638403
v 0.737438 10.404509 -0.737439
v 0.816034 10.293893 -0.816035
v 0.866496 10.154509 -0.866497
v 0.621591 8.000000 -0.415335
v 1.039337 8.500000 -0.694464
v 0.750681 8.024471 -0.501590
v 0.867136 8.095491 -0.579403
v 0.959555 8.206107 -0.641155
v 1.018891 8.345491 -0.680802
v 0.621591 10.500000 -0.415335
v 1.039337 10.000000 -0.694464
v 0.750681 10.475529 -0.501590
v 0.867136 10.404509 -0.579403
v 0.959555 10.293893 -0.641155
v 1.018891 10.154509 -0.680802
v 0.690674 8.000000 -0.286088
v 1.154849 8.500000 -0.478355
v 0.834112 8.024471 -0.345502
v 0.963510 8.095491 -0.399100
v 1.066200 8.206107 -0.441636
v 1.132131 8.345491 -0.468945
v 0.690674 10.500000 -0.286088
v 1.154849 10.000000 -0.478355
v 0.834112 10.475529 -0.345502
v 0.963510 10.404509 -0.399100
v 1.066200 10.293893 -0.441636
v 1.132131 10.154509 -0.468945
v 0.733216 8.000000 -0.145846
v 1.225982 8.500000 -0.243864
v 0.885489 8.024471 -0.176135
v 1.022856 8.095491 -0.203460
v 1.131872 8.206107 -0.225144
v 1.201864 8.345491 -0.239067
v 0.733216 10.500000 -0.145846
v 1.225982 10.000000 -0.243864
v 0.885489 10.475529 -0.176135
v 1.022856 10.404509 -0.203460
v 1.131872 10.293893 -0.225144
v 1.201864 10.154509 -0.239067
v 0.747581 8.000000 -0.000001
v 1.250000 8.500000 -0.000001
v 0.902837 8.024471 -0.000001
v 1.042895 8.095491 -0.000001
v 1.154046 8.206107 -0.000001
v 1.225410 8.345491 -0.000001
v 0.747581 10.500000 -0.000001
v 1.250000 10.000000 -0.000001
v 0.902837 10.475529 -0.000001
v 1.042895 10.404509 -0.000001
v 1.154046 10.293893 -0.000001
v 1.225410 10.154509 -0.000001
v 0.733216 8.000000 0.145844
v 1.225982 8.500000 0.243862
v 0.885489 8.024471 0.176133
v 1.022856 8.095491 0.203458
v 1.131872 8.206107 0.225142
v 1.201864 8.345491 0.239065
v 0.733216 10.500000 0.145844
v 1.225982 10.000000 0.243862
v 0.885489 10.475529 0.176133
v 1.022856 10.404509 0.203458
v 1.131872 10.293893 0.225142
v 1.201864 10.154509 0.239065
v 0.690674 8.000000 0.286086
v 1.154849 8.500000 0.478353
v 0.834112 8.024471 0.345500
v 0.963510 8.095491 0.399098
v 1.066200 8.206107 0.441634
v 1.132131 8.345491 0.468943
v 0.690674 10.500000 0.286086
v 1.154849 10.000000 0.478353
v 0.834112 10.475529 0.345500
v 0.963510 10.404509 0.399098
v 1.066200 10.293893 0.441634
v 1.132131 10.154509 0.468943
v 0.621591 8.000000 0.415333
v 1.039337 8.500000 0.694462
v 0.750681 8.024471 0.501588
v 0.867136 8.095491 0.579401
v 0.959555 8.206107 0.641153
v 1.018891 8.345491 0.680800
v 0.621591 10.500000 0.415333
v 1.039337 10.000000 0.694462
v 0.750681 10.475529 0.501588
v 0.867136 10.404509 0.579401
v 0.959555 10.293893 0.641153
v 1.018891 10.154509 0.680800
v 0.528619 8.000000 0.528618
v 0.883883 8.500000 0.883882
v 0.638402 8.024471 0.638401
v 0.737438 8.095491 0.737437
v 0.816034 8.206107 0.816033
v 0.866496 8.345491 0.866495
v 0.528619 10.500000 0.528618
v 0.883883 10.000000 0.883882
v 0.638402 10.475529 0.638401
v 0.737438 10.404509 0.737437
v 0.816034 10.293893 0.816033
v 0.866496 10.154509 0.866495
v 0.415334 8.000000 0.621590
v 0.694463 8.500000 1.039336
v 0.501589 8.024471 0.750680
v 0.579402 8.095491 0.867135
v 0.641154 8.206107 0.959554
v 0.680801 8.345491 1.018890
v 0.415334 10.500000 0.621590
v 0.694463 10.000000 1.039336
v 0.501589 10.475529 0.750680
v 0.579402 10.404509 0.867135
v 0.641154 10.293893 0.959554
v 0.680801 10.154509 1.018890
v 0.286087 8.000000 0.690673
v 0.478354 8.500000 1.154848
v 0.345501 8.024471 0.834111
v 0.399099 8.095491 0.963509
v 0.441635 8.206107 1.066199
v 0.468944 8.345491 1.132130
v 0.286087 10.500000 0.690673
v 0.478354 10.000000 1.154848
v 0.345501 10.475529 0.834111
v 0.399099 10.404509 0.963509
v 0.441635 10.293893 1.066199
v 0.468944 10.154509 1.132130
v 0.145845 8.000000 0.733215
v 0.243863 8.500000 1.225981
v 0.176134 8.024471 0.885488
v 0.203459 8.095491 1.022855
v 0.225143 8.206107 1.131871
v 0.239066 8.345491 1.201863
v 0.145845 10.500000 0.733215
v 0.243863 10.000000 1.225981
v 0.176134 10.475529 0.885488
v 0.203459 10.404509 1.022855
v 0.225143 10.293893 1.131871
v 0.239066 10.154509 1.201863
v 0.000000 8.000000 0.747580
v 0.000000 8.500000 1.249999
v 0.000000 8.024471 0.902836
v 0.000000 8.095491 1.042894
v 0.000000 8.206107 1.154045
v 0.000000 8.345491 1.225409
v 0.000000 10.500000 0.747580
v 0.000000 10.000000 1.249999
v 0.000000 10.475529 0.902836
v 0.000000 10.404509 1.042894
v 0.000000 10.293893 1.154045
v 0.000000 10.154509 1.225409
v -0.145845 8.000000 0.733215
v -0.243863 8.500000 1.225981
v -0.176134 8.024471 0.885488
v -0.203459 8.095491 1.022855
v -0.225143 8.206107 1.131871
v -0.239066 8.345491 1.201863
v -0.145845 10.500000 0.733215
v -0.243863 10.000000 1.225981
v -0.176134 10.475529 0.885488
v -0.203459 10.404509 1.022855
v -0.225143 10.293893 1.131871
v -0.239066 10.154509 1.201863
v -0.286087 8.000000 0.690673
v -0.478354 8.500000 1.154848
v -0.345501 8.024471 0.834111
v -0.399099 8.095491 0.963509
v -0.441635 8.206107 1.066199
v -0.468944 8.345491 1.132130
v -0.286087 10.500000 0.690673
v -0.478354 10.000000 1.154848
v -0.345501 10.475529 0.834111
v -0.399099 10.404509 0.963509
v -0.441635 10.293893 1.066199
v -0.468944 10.154509 1.132130
v -0.415334 8.000000 0.621590
v -0.694463 8.500000 1.039336
v -0.501589 8.024471 0.750680
v -0.579402 8.095491 0.867135
v -0.641154 8.206107 0.959554
v -0.680801 8.345491 1.018890
v -0.415334 10.500000 0.621590
v -0.694463 10.000000 1.039336
v -0.501589 10.475529 0.750680
v -0.579402 10.404509 0.867135
v -0.641154 10.293893 0.959554
v -0.680801 10.154509 1.018890
v -0.528619 8.000000 0.528618
v -0.883883 8.500000 0.883882
v -0.638402 8.024471 0.638401
v -0.737438 8.095491 0.737437
v -0.816034 8.206107 0.816033
v -0.866496 8.345491 0.866495
v -0.528619 10.500000 0.528618
v -0.883883 10.000000 0.883882
v -0.638402 10.475529 0.638401
v -0.737438 10.404509 0.737437
v -0.816034 10.293893 0.816033
v -0.866496 10.154509 0.866495
v -0.621591 8.000000 0.415333
v -1.039337 8.500000 0.694462
v -0.750681 8.024471 0.501588
v -0.867136 8.095491 0.579401
v -0.959555 8.206107 0.641153
v -1.018891 8.345491 0.680800
v -0.621591 10.500000 0.415333
v -1.039337 10.000000 0.694462
v -0.750681 10.475529 0.501588
v -0.867136 10.404509 0.579401
v -0.959555 10.293893 0.641153
v -1.018891 10.154509 0.680800
v -0.690674 8.000000 0.286086
v -1.154849 8.500000 0.478353
v -0.834112 8.024471 0.345500
v -0.963510 8.095491 0.399098
v -1.066200 8.206107 0.441634
v -1.132131 8.345491 0.468943
v -0.690674 10.500000 0.286086
v -1.154849 10.000000 0.478353
v -0.834112 10.475529 0.345500
v -0.963510 10.404509 0.399098
v -1.066200 10.293893 0.441634
v -1.132131 10.154509 0.468943
v -0.733216 8.000000 0.145844
v -1.225982 8.500000 0.243862
v -0.885489 8.024471 0.176133
v -1.022856 8.095491 0.203458
v -1.131872 8.206107 0.225142
v -1.201864 8.345491 0.239065
v -0.733216 10.500000 0.145844
v -1.225982 10.000000 0.243862
v -0.885489 10.475529 0.176133
v -1.022856 10.404509 0.203458
v -1.131872 10.293893 0.225142
v -1.201864 10.154509 0.239065
v -0.747581 8.000000 -0.000001
v -1.250000 8.500000 -0.000001
v -0.902837 8.024471 -0.000001
v -1.042895 8.095491 -0.000001
v -1.154046 8.206107 -0.000001
v -1.225410 8.345491 -0.000001
v -0.747581 10.500000 -0.000001
v -1.250000 10.000000 -0.000001
v -0.902837 10.475529 -0.000001
v -1.042895 10.404509 -0.000001
v -1.154046 10.293893 -0.000001
v -1.225410 10.154509 -0.000001
v -0.733216 8.000000 -0.145846
v -1.225982 8.500000 -0.243864
v -0.885489 8.024471 -0.176135
v -1.022856 8.095491 -0.203460
v -1.131872 8.206107 -0.225144
v -1.201864 8.345491 -0.239067
v -0.733216 10.500000 -0.145846
v -1.225982 10.000000 -0.243864
v -0.885489 10.475529 -0.176135
v -1.022856 10.404509 -0.203460
v -1.131872 10.293893 -0.225144
v -1.201864 10.154509 -0.239067
v -0.690674 8.000000 -0.286088
v -1.154849 8.500000 -0.478355
v -0.834112 8.024471 -0.345502
v -0.963510 8.095491 -0.399100
v -1.066200 8.206107 -0.441636
v -1.132131 8.345491 -0.468945
v -0.690674 10.500000 -0.286088
v -1.154849 10.000000 -0.478355
v -0.834112 10.475529 -0.345502
v -0.963510 10.404509 -0.399100
v -1.066200 10.293893 -0.441636
v -1.132131 10.154509 -0.468945
v -0.621591 8.000000 -0.415335
v -1.039337 8.500000 -0.694464
v -0.750681 8.024471 -0.501590
v -0.867136 8.095491 -0.579403
v -0.959555 8.206107 -0.641155
v -1.018891 8.345491 -0.680802
v -0.621591 10.500000 -0.415335
v -1.039337 10.000000 -0.694464
v -0.750681 10.475529 -0.501590
v -0.867136 10.404509 -0.579403
v -0.959555 10.293893 -0.641155
v -1.018891 10.154509 -0.680802
v -0.528619 8.000000 -0.528620
v -0.883883 8.500000 -0.883884
v -0.638402 8.024471 -0.638403
v -0.737438 8.095491 -0.737439
v -0.816034 8.206107 -0.816035
v -0.866496 8.345491 -0.866497
v -0.528619 10.500000 -0.528620
v -0.883883 10.000000 -0.883884
v -0.638402 10.475529 -0.638403
v -0.737438 10.404509 -0.737439
v -0.816034 10.293893 -0.816035
v -0.866496 10.154509 -0.866497
v -0.415334 8.000000 -0.621592
v -0.694463 8.500000 -1.039338
v -0.501589 8.024471 -0.750682
v -0.579402 8.095491 -0.867137
v -0.641154 8.206107 -0.959556
v -0.680801 8.345491 -1.018892
v -0.415334 10.500000 -0.621592
v -0.694463 10.000000 -1.039338
v -0.501589 10.475529 -0.750682
v -0.579402 10.404509 -0.867137
v -0.641154 10.293893 -0.959556
v -0.680801 10.154509 -1.018892
v -0.286087 8.000000 -0.690675
v -0.478354 8.500000 -1.154850
v -0.345501 8.024471 -0.834113
v -0.399099 8.095491 -0.963511
v -0.441635 8.206107 -1.066201
v -0.468944 8.345491 -1.132132
v -0.286087 10.500000 -0.690675
v -0.478354 10.000000 -1.154850
v -0.345501 10.475529 -0.834113
v -0.399099 10.404509 -0.963511
v -0.441635 10.293893 -1.066201
v -0.468944 10.154509 -1.132132
v -0.145845 8.000000 -0.733217
v -0.243863 8.500000 -1.225983
v -0.176134 8.024471 -0.885490
v -0.203459 8.095491 -1.022857
v -0.225143 8.206107 -1.131873
v -0.239066 8.345491 -1.201865
v -0.145845 10.500000 -0.733217
v -0.243863 10.000000 -1.225983
v -0.176134 10.475529 -0.885490
v -0.203459 10.404509 -1.022857
v -0.225143 10.293893 -1.131873
v -0.239066 10.154509 -1.201865
vn -0.0000 -0.0784 -0.9969
vn 0.1945 -0.0784 -0.9778
vn 0.1856 -0.3075 -0.9333
vn -0.0000 -0.3075 -0.9516
vn 0.1582 -0.5849 -0.7955
vn -0.0000 -0.5849 -0.8111
vn 0.1156 -0.8057 -0.5810
vn -0.0000 -0.8057 -0.5924
vn 0.0617 -0.9486 -0.3104
vn -0.0000 -0.9486 -0.3165
vn 0.0162 -0.9966 -0.0813
vn -0.0000 -0.9966 -0.0829
vn 0.1945 0.0784 -0.9778
vn -0.0000 0.0784 -0.9969
vn -0.0000 0.3075 -0.9516
vn 0.1856 0.3075 -0.9333
vn -0.0000 0.5849 -0.8111
vn 0.1582 0.5849 -0.7955
vn -0.0000 0.8057 -0.5924
vn 0.1156 0.8057 -0.5810
vn -0.0000 0.9486 -0.3165
vn 0.0617 0.9486 -0.3104
vn -0.0000 0.9966 -0.0829
vn 0.0162 0.9966 -0.0813
vn 0.3815 -0.0784 -0.9210
vn 0.3641 -0.3074 -0.8791
vn 0.3104 -0.5849 -0.7493
vn 0.2267 -0.8057 -0.5473
vn 0.1211 -0.9486 -0.2924
vn 0.0317 -0.9966 -0.0766
vn 0.3815 0.0784 -0.9210
vn 0.3641 0.3074 -0.8791
vn 0.3104 0.5849 -0.7493
vn 0.2267 0.8057 -0.5473
vn 0.1211 0.9486 -0.2924
vn 0.0317 0.9966 -0.0766
vn 0.5539 -0.0784 -0.8289
vn 0.5287 -0.3074 -0.7912
vn 0.4506 -0.5849 -0.6744
vn 0.3291 -0.8057 -0.4925
vn 0.1758 -0.9486 -0.2632
vn 0.0461 -0.9966 -0.0690
vn 0.5539 0.0784 -0.8289
vn 0.5287 0.3074 -0.7912
vn 0.4506 0.5849 -0.6744
vn 0.3291 0.8057 -0.4925
vn 0.1758 0.9486 -0.2632
vn 0.0461 0.9966 -0.0690
vn 0.7049 -0.0784 -0.7049
vn 0.6729 -0.3074 -0.6729
vn 0.5735 -0.5849 -0.5735
vn 0.4189 -0.8057 -0.4189
vn 0.2238 -0.9486 -0.2238
vn 0.0586 -0.9966 -0.0586
vn 0.7049 0.0784 -0.7049
vn 0.6729 0.3074 -0.6729
vn 0.5735 0.5849 -0.5735
vn 0.4189 0.8057 -0.4189
vn 0.2238 0.9486 -0.2238
vn 0.0586 0.9966 -0.0586
vn 0.8289 -0.0784 -0.5539
vn 0.7912 -0.3075 -0.5287
vn 0.6744 -0.5849 -0.4506
vn 0.4925 -0.8057 -0.3291
vn 0.2632 -0.9486 -0.1758
vn 0.0690 -0.9966 -0.0461
vn 0.8289 0.0784 -0.5539
vn 0.7912 0.3074 -0.5287
vn 0.6744 0.5849 -0.4506
vn 0.4925 0.8057 -0.3291
vn 0.2632 0.9486 -0.1758
vn 0.0690 0.9966 -0.0461
vn 0.9210 -0.0784 -0.3815
vn 0.8791 -0.3074 -0.3641
vn 0.7493 -0.5849 -0.3104
vn 0.5473 -0.8057 -0.2267
vn 0.2924 -0.9486 -0.1211
vn 0.0766 -0.9966 -0.0317
vn 0.9210 0.0784 -0.3815
vn 0.8791 0.3074 -0.3641
vn 0.7493 0.5849 -0.3104
vn 0.5473 0.8057 -0.2267
vn 0.2924 0.9486 -0.1211
vn 0.0766 0.9966 -0.0317
vn 0.9778 -0.0784 -0.1945
vn 0.9333 -0.3075 -0.1856
vn 0.7955 -0.5849 -0.1582
vn 0.5810 -0.8057 -0.1156
vn 0.3104 -0.9486 -0.0617
vn 0.0813 -0.9966 -0.0162
vn 0.9778 0.0784 -0.1945
vn 0.9333 0.3075 -0.1856
vn 0.7955 0.5849 -0.1582
vn 0.5810 0.8057 -0.1156
vn 0.3104 0.9486 -0.0617
vn 0.0813 0.9966 -0.0162
vn 0.9969 -0.0784 -0.0000
vn 0.9516 -0.3075 -0.0000
vn 0.8111 -0.5849 -0.0000
vn 0.5923 -0.8057 -0.0000
vn 0.3165 -0.9486 -0.0000
vn 0.0829 -0.9966 -0.0000
vn 0.9969 0.0784 -0.0000
vn 0.9516 0.3075 -0.0000
vn 0.8111 0.5849 -0.0000
vn 0.5924 0.8057 -0.0000
vn 0.3165 0.9486 -0.0000
vn 0.0829 0.9966 -0.0000
vn 0.9778 -0.0784 0.1945
vn 0.9333 -0.3075 0.1856
vn 0.7955 -0.5849 0.1582
vn 0.5810 -0.8057 0.1156
vn 0.3104 -0.9486 0.0617
vn 0.0813 -0.9966 0.0162
vn 0.9778 0.0784 0.1945
vn 0.9333 0.3075 0.1856
vn 0.7955 0.5849 0.1582
vn 0.5810 0.8057 0.1156
vn 0.3104 0.9486 0.0617
vn 0.0813 0.9966 0.0162
vn 0.9210 -0.0784 0.3815
vn 0.8791 -0.3074 0.3641
vn 0.7493 -0.5849 0.3104
vn 0.5473 -0.8057 0.2267
vn 0.2924 -0.9486 0.1211
vn 0.0766 -0.9966 0.0317
vn 0.9210 0.0784 0.3815
vn 0.8791 0.3074 0.3641
vn 0.7493 0.5849 0.3104
vn 0.5473 0.8057 0.2267
vn 0.2924 0.9486 0.1211
vn 0.0766 0.9966 0.0317
vn 0.8289 -0.0784 0.5539
vn 0.7912 -0.3074 0.5287
vn 0.6744 -0.5849 0.4506
vn 0.4925 -0.8057 0.3291
vn 0.2632 -0.9486 0.1758
vn 0.0690 -0.9966 0.0461
vn 0.8289 0.0784 0.5539
vn 0.7912 0.3074 0.5287
vn 0.6744 0.5849 0.4506
vn 0.4925 0.8057 0.3291
vn 0.2632 0.9486 0.1758
vn 0.0690 0.9966 0.0461
vn 0.7049 -0.0784 0.7049
vn 0.6729 -0.3074 0.6729
vn 0.5735 -0.5849 0.5735
vn 0.4189 -0.8057 0.4189
vn 0.2238 -0.9486 0.2238
vn 0.0586 -0.9966 0.0586
vn 0.7049 0.0784 0.7049
vn 0.6729 0.3074 0.6729
vn 0.5735 0.5849 0.5735
vn 0.4189 0.8057 0.4189
vn 0.2238 0.9486 0.2238
vn 0.0586 0.9966 0.0586
vn 0.5539 -0.0784 0.8289
vn 0.5287 -0.3074 0.7912
vn 0.4506 -0.5849 0.6744
vn 0.3291 -0.8057 0.4925
vn 0.1758 -0.9486 0.2632
vn 0.0461 -0.9966 0.0690
vn 0.5539 0.0784 0.8289
vn 0.5287 0.3074 0.7912
vn 0.4506 0.5849 0.6744
vn 0.3291 0.8057 0.4925
vn 0.1758 0.9486 0.2632
vn 0.0461 0.9966 0.0690
vn 0.3815 -0.0784 0.9210
vn 0.3641 -0.3074 0.8791
vn 0.3104 -0.5849 0.7493
vn 0.2267 -0.8057 0.5473
vn 0.1211 -0.9486 0.2924
vn 0.0317 -0.9966 0.0766
vn 0.3815 0.0784 0.9210
vn 0.3641 0.3075 0.8791
vn 0.3104 0.5849 0.7493
vn 0.2267 0.8057 0.5473
vn 0.1211 0.9486 0.2924
vn 0.0317 0.9966 0.0766
vn 0.1945 -0.0784 0.9778
vn 0.1856 -0.3075 0.9333
vn 0.1582 -0.5849 0.7955
vn 0.1156 -0.8057 0.5810
vn 0.0617 -0.9486 0.3104
vn 0.0162 -0.9966 0.0813
vn 0.1945 0.0784 0.9778
vn 0.1856 0.3075 0.9333
vn 0.1582 0.5849 0.7955
vn 0.1156 0.8057 0.5810
vn 0.0617 0.9486 0.3104
vn 0.0162 0.9966 0.0813
vn -0.0000 -0.0784 0.9969
vn -0.0000 -0.3075 0.9516
vn -0.0000 -0.5849 0.8111
vn -0.0000 -0.8057 0.5924
vn -0.0000 -0.9486 0.3165
vn -0.0000 -0.9966 0.0829
vn -0.0000 0.0784 0.9969
vn -0.0000 0.3075 0.9516
vn -0.0000 0.5849 0.8111
vn -0.0000 0.8057 0.5924
vn -0.0000 0.9486 0.3165
vn -0.0000 0.9966 0.0829
vn -0.1945 -0.0784 0.9778
vn -0.1856 -0.3075 0.9333
vn -0.1582 -0.5849 0.7955
vn -0.1156 -0.8057 0.5810
vn -0.0617 -0.9486 0.3104
vn -0.0162 -0.9966 0.0813
vn -0.1945 0.0784 0.9778
vn -0.1856 0.3075 0.9333
vn -0.1582 0.5849 0.7955
vn -0.1156 0.8057 0.5810
vn -0.0617 0.9486 0.3104
vn -0.0162 0.9966 0.0813
vn -0.3815 -0.0784 0.9210
vn -0.3641 -0.3074 0.8791
vn -0.3104 -0.5849 0.7493
vn -0.2267 -0.8057 0.5473
vn -0.1211 -0.9486 0.2924
vn -0.0317 -0.9966 0.0766
vn -0.3815 0.0784 0.9210
vn -0.3641 0.3075 0.8791
vn -0.3104 0.5849 0.7493
vn -0.2267 0.8057 0.5473
vn -0.1211 0.9486 0.2924
vn -0.0317 0.9966 0.0766
vn -0.5539 -0.0784 0.8289
vn -0.5287 -0.3074 0.7912
vn -0.4506 -0.5849 0.6744
vn -0.3291 -0.8057 0.4925
vn -0.1758 -0.9486 0.2632
vn -0.0461 -0.9966 0.0690
vn -0.5539 0.0784 0.8289
vn -0.5287 0.3074 0.7912
vn -0.4506 0.5849 0.6744
vn -0.3291 0.8057 0.4925
vn -0.1758 0.9486 0.2632
vn -0.0461 0.9966 0.0690
vn -0.7049 -0.0784 0.7049
vn -0.6729 -0.3074 0.6729
vn -0.5735 -0.5849 0.5735
vn -0.4189 -0.8057 0.4189
vn -0.2238 -0.9486 0.2238
vn -0.0586 -0.9966 0.0586
vn -0.7049 0.0784 0.7049
vn -0.6729 0.3074 0.6729
vn -0.5735 0.5849 0.5735
vn -0.4189 0.8057 0.4189
vn -0.2238 0.9486 0.2238
vn -0.0586 0.9966 0.0586
vn -0.8289 -0.0784 0.5539
vn -0.7912 -0.3074 0.5287
vn -0.6744 -0.5849 0.4506
vn -0.4925 -0.8057 0.3291
vn -0.2632 -0.9486 0.1758
vn -0.0690 -0.9966 0.0461
vn -0.8289 0.0784 0.5539
vn -0.7912 0.3074 0.5287
vn -0.6744 0.5849 0.4506
vn -0.4925 0.8057 0.3291
vn -0.2632 0.9486 0.1758
vn -0.0690 0.9966 0.0461
vn -0.9210 -0.0784 0.3815
vn -0.8791 -0.3074 0.3641
vn -0.7493 -0.5849 0.3104
vn -0.5473 -0.8057 0.2267
vn -0.2924 -0.9486 0.1211
vn -0.0766 -0.9966 0.0317
vn -0.9210 0.0784 0.3815
vn -0.8791 0.3074 0.3641
vn -0.7493 0.5849 0.3104
vn -0.5473 0.8057 0.2267
vn -0.2924 0.9486 0.1211
vn -0.0766 0.9966 0.0317
vn -0.9778 -0.0784 0.1945
vn -0.9333 -0.3075 0.1856
vn -0.7955 -0.5849 0.1582
vn -0.5810 -0.8057 0.1156
vn -0.3104 -0.9486 0.0617
vn -0.0813 -0.9966 0.0162
vn -0.9778 0.0784 0.1945
vn -0.9333 0.3075 0.1856
vn -0.7955 0.5849 0.1582
vn -0.5810 0.8057 0.1156
vn -0.3104 0.9486 0.0617
vn -0.0813 0.9966 0.0162
vn -0.9969 -0.0784 -0.0000
vn -0.9516 -0.3075 -0.0000
vn -0.8111 -0.5849 -0.0000
vn -0.5923 -0.8057 -0.0000
vn -0.3165 -0.9486 -0.0000
vn -0.0829 -0.9966 -0.0000
vn -0.9969 0.0784 -0.0000
vn -0.9516 0.3075 -0.0000
vn -0.8111 0.5849 -0.0000
vn -0.5924 0.8057 -0.0000
vn -0.3165 0.9486 -0.0000
vn -0.0829 0.9966 -0.0000
vn -0.9778 -0.0784 -0.1945
vn -0.9333 -0.3075 -0.1856
vn -0.7955 -0.5849 -0.1582
vn -0.5810 -0.8057 -0.1156
vn -0.3104 -0.9486 -0.0617
vn -0.0813 -0.9966 -0.0162
vn -0.9778 0.0784 -0.1945
vn -0.9333 0.3075 -0.1856
vn -0.7955 0.5849 -0.1582
vn -0.5810 0.8057 -0.1156
vn -0.3104 0.9486 -0.0617
vn -0.0813 0.9966 -0.0162
vn -0.9210 -0.0784 -0.3815
vn -0.8791 -0.3074 -0.3641
vn -0.7493 -0.5849 -0.3104
vn -0.5473 -0.8057 -0.2267
vn -0.2924 -0.9486 -0.1211
vn -0.0766 -0.9966 -0.0317
vn -0.9210 0.0784 -0.3815
vn -0.8791 0.3074 -0.3641
vn -0.7493 0.5849 -0.3104
vn -0.5473 0.8057 -0.2267
vn -0.2924 0.9486 -0.1211
vn -0.0766 0.9966 -0.0317
vn -0.8289 -0.0784 -0.5539
vn -0.7912 -0.3075 -0.5287
vn -0.6744 -0.5849 -0.4506
vn -0.4925 -0.8057 -0.3291
vn -0.2632 -0.9486 -0.1758
vn -0.0690 -0.9966 -0.0461
vn -0.8289 0.0784 -0.5539
vn -0.7912 0.3074 -0.5287
vn -0.6744 0.5849 -0.4506
vn -0.4925 0.8057 -0.3291
vn -0.2632 0.9486 -0.1758
vn -0.0690 0.9966 -0.0461
vn -0.7049 -0.0784 -0.7049
vn -0.6729 -0.3074 -0.6729
vn -0.5735 -0.5849 -0.5735
vn -0.4189 -0.8057 -0.4189
vn -0.2238 -0.9486 -0.2238
vn -0.0586 -0.9966 -0.0586
vn -0.7049 0.0784 -0.7049
vn -0.6729 0.3074 -0.6729
vn -0.5735 0.5849 -0.5735
vn -0.4189 0.8057 -0.4189
vn -0.2238 0.9486 -0.2238
vn -0.0586 0.9966 -0.0586
vn -0.5539 -0.0784 -0.8289
vn -0.5287 -0.3074 -0.7912
vn -0.4506 -0.5849 -0.6744
vn -0.3291 -0.8057 -0.4925
vn -0.1758 -0.9486 -0.2632
vn -0.0461 -0.9966 -0.0690
vn -0.5539 0.0784 -0.8289
vn -0.5287 0.3074 -0.7912
vn -0.4506 0.5849 -0.6744
vn -0.3291 0.8057 -0.4925
vn -0.1758 0.9486 -0.2632
vn -0.0461 0.9966 -0.0690
vn -0.3815 -0.0784 -0.9210
vn -0.3641 -0.3074 -0.8791
vn -0.3104 -0.5849 -0.7493
vn -0.2267 -0.8057 -0.5473
vn -0.1211 -0.9486 -0.2924
vn -0.0317 -0.9966 -0.0766
vn -0.3815 0.0784 -0.9210
vn -0.3641 0.3074 -0.8791
vn -0.3104 0.5849 -0.7493
vn -0.2267 0.8057 -0.5473
vn -0.1211 0.9486 -0.2924
vn -0.0317 0.9966 -0.0766
vn -0.1945 -0.0784 -0.9778
vn -0.1856 -0.3075 -0.9333
vn -0.1582 -0.5849 -0.7955
vn -0.1156 -0.8057 -0.5810
vn -0.0617 -0.9486 -0.3104
vn -0.0162 -0.9966 -0.0813
vn -0.1945 0.0784 -0.9778
vn -0.1856 0.3075 -0.9333
vn -0.1582 0.5849 -0.7955
vn -0.1156 0.8057 -0.5810
vn -0.0617 0.9486 -0.3104
vn -0.0162 0.9966 -0.0813
vt 0.951003 0.785761
vt 0.948646 0.785761
vt 0.946279 0.770596
vt 0.948590 0.770596
vt 0.939410 0.756917
vt 0.941586 0.756917
vt 0.928710 0.746060
vt 0.930677 0.746060
vt 0.915229 0.739090
vt 0.916931 0.739090
vt 0.900284 0.736689
vt 0.901694 0.736689
vt 0.948646 0.932976
vt 0.951003 0.932976
vt 0.948590 0.948140
vt 0.946279 0.948140
vt 0.941586 0.961820
vt 0.939410 0.961820
vt 0.930677 0.972676
vt 0.928710 0.972676
vt 0.916931 0.979646
vt 0.915229 0.979646
vt 0.901694 0.982048
vt 0.900284 0.982048
vt 0.941665 0.785761
vt 0.939435 0.770596
vt 0.932964 0.756917
vt 0.922886 0.746060
vt 0.910187 0.739090
vt 0.896109 0.736689
vt 0.941665 0.932976
vt 0.939435 0.948140
vt 0.932964 0.961820
vt 0.922886 0.972676
vt 0.910187 0.979646
vt 0.896109 0.982048
vt 0.930328 0.785761
vt 0.928321 0.770596
vt 0.922498 0.756917
vt 0.913428 0.746060
vt 0.901998 0.739090
vt 0.889329 0.736689
vt 0.930328 0.932976
vt 0.928321 0.948140
vt 0.922498 0.961820
vt 0.913428 0.972676
vt 0.901998 0.979646
vt 0.889329 0.982048
vt 0.915071 0.785761
vt 0.913365 0.770596
vt 0.908412 0.756917
vt 0.900698 0.746060
vt 0.890979 0.739090
vt 0.880204 0.736689
vt 0.915071 0.932976
vt 0.913365 0.948140
vt 0.908412 0.961820
vt 0.900698 0.972676
vt 0.890979 0.979646
vt 0.880204 0.982048
vt 0.896481 0.785761
vt 0.895140 0.770596
vt 0.891249 0.756917
vt 0.885188 0.746060
vt 0.877551 0.739090
vt 0.869086 0.736689
vt 0.896481 0.932976
vt 0.895140 0.948140
vt 0.891249 0.961820
vt 0.885188 0.972676
vt 0.877551 0.979646
vt 0.869086 0.982048
vt 0.875271 0.785761
vt 0.874347 0.770596
vt 0.871667 0.756917
vt 0.867493 0.746060
vt 0.862232 0.739090
vt 0.856401 0.736689
vt 0.875271 0.932976
vt 0.874347 0.948140
vt 0.871667 0.961820
vt 0.867493 0.972676
vt 0.862232 0.979646
vt 0.856401 0.982048
vt 0.852257 0.785761
vt 0.851786 0.770596
vt 0.850420 0.756917
vt 0.848292 0.746060
vt 0.845610 0.739090
vt 0.842637 0.736689
vt 0.852257 0.932976
vt 0.851786 0.948140
vt 0.850420 0.961820
vt 0.848292 0.972676
vt 0.845610 0.979646
vt 0.842637 0.982048
vt 0.828323 0.785761
vt 0.828323 0.770596
vt 0.828323 0.756917
vt 0.828323 0.746060
vt 0.828323 0.739090
vt 0.828323 0.736689
vt 0.828323 0.932976
vt 0.828323 0.948140
vt 0.828323 0.961820
vt 0.828323 0.972676
vt 0.828323 0.979646
vt 0.828323 0.982048
vt 0.804390 0.785761
vt 0.804861 0.770596
vt 0.806227 0.756917
vt 0.808355 0.746060
vt 0.811037 0.739090
vt 0.814010 0.736689
vt 0.804390 0.932976
vt 0.804861 0.948140
vt 0.806227 0.961820
vt 0.808355 0.972676
vt 0.811037 0.979646
vt 0.814010 0.982048
vt 0.781376 0.785761
vt 0.782300 0.770596
vt 0.784980 0.756917
vt 0.789154 0.746060
vt 0.794415 0.739090
vt 0.800246 0.736689
vt 0.781376 0.932976
vt 0.782300 0.948140
vt 0.784980 0.961820
vt 0.789154 0.972676
vt 0.794415 0.979646
vt 0.800246 0.982048
vt 0.760166 0.785761
vt 0.761507 0.770596
vt 0.765398 0.756917
vt 0.771459 0.746060
vt 0.779096 0.739090
vt 0.787561 0.736689
vt 0.760166 0.932976
vt 0.761507 0.948140
vt 0.765398 0.961820
vt 0.771459 0.972676
vt 0.779096 0.979646
vt 0.787561 0.982048
vt 0.741576 0.785761
vt 0.743282 0.770596
vt 0.748235 0.756917
vt 0.755948 0.746060
vt 0.765668 0.739090
vt 0.776443 0.736689
vt 0.741576 0.932976
vt 0.743282 0.948140
vt 0.748235 0.961820
vt 0.755948 0.972676
vt 0.765668 0.979646
vt 0.776443 0.982048
vt 0.726319 0.785761
vt 0.728326 0.770596
vt 0.734149 0.756917
vt 0.743220 0.746060
vt 0.754649 0.739090
vt 0.767318 0.736689
vt 0.726319 0.932976
vt 0.728326 0.948140
vt 0.734149 0.961820
vt 0.743220 0.972676
vt 0.754649 0.979646
vt 0.767318 0.982048
vt 0.714982 0.785761
vt 0.717212 0.770596
vt 0.723683 0.756917
vt 0.733761 0.746060
vt 0.746461 0.739090
vt 0.760538 0.736689
vt 0.714982 0.932976
vt 0.717212 0.948140
vt 0.723683 0.961820
vt 0.733761 0.972676
vt 0.746461 0.979646
vt 0.760538 0.982048
vt 0.708001 0.785761
vt 0.710368 0.770596
vt 0.717237 0.756917
vt 0.727937 0.746060
vt 0.741418 0.739090
vt 0.756363 0.736689
vt 0.708001 0.932976
vt 0.710368 0.948140
vt 0.717237 0.961820
vt 0.727937 0.972676
vt 0.741418 0.979646
vt 0.756363 0.982048
vt 0.705644 0.785761
vt 0.708057 0.770596
vt 0.715061 0.756917
vt 0.725970 0.746060
vt 0.739716 0.739090
vt 0.754953 0.736689
vt 0.705644 0.932976
vt 0.708057 0.948140
vt 0.715061 0.961820
vt 0.725970 0.972676
vt 0.739716 0.979646
vt 0.754953 0.982048
vt 0.256266 0.922772
vt 0.255546 0.922772
vt 0.254822 0.918137
vt 0.255529 0.918137
vt 0.252723 0.913956
vt 0.253388 0.913956
vt 0.249453 0.910637
vt 0.250054 0.910637
vt 0.245332 0.908507
vt 0.245852 0.908507
vt 0.240764 0.907773
vt 0.241195 0.907773
vt 0.255546 0.967769
vt 0.256266 0.967769
vt 0.255529 0.972404
vt 0.254822 0.972404
vt 0.253388 0.976585
vt 0.252723 0.976585
vt 0.250054 0.979903
vt 0.249453 0.979903
vt 0.245852 0.982034
vt 0.245332 0.982034
vt 0.241195 0.982768
vt 0.240764 0.982768
vt 0.253412 0.922772
vt 0.252731 0.918137
vt 0.250753 0.913956
vt 0.247672 0.910637
vt 0.243791 0.908507
vt 0.239488 0.907773
vt 0.253412 0.967769
vt 0.252731 0.972404
vt 0.250753 0.976585
vt 0.247672 0.979903
vt 0.243791 0.982034
vt 0.239488 0.982768
vt 0.249947 0.922772
vt 0.249334 0.918137
vt 0.247554 0.913956
vt 0.244781 0.910637
vt 0.241288 0.908507
vt 0.237416 0.907773
vt 0.249947 0.967769
vt 0.249334 0.972404
vt 0.247554 0.976585
vt 0.244781 0.979903
vt 0.241288 0.982034
vt 0.237416 0.982768
vt 0.245284 0.922772
vt 0.244762 0.918137
vt 0.243248 0.913956
vt 0.240891 0.910637
vt 0.237920 0.908507
vt 0.234627 0.907773
vt 0.245284 0.967769
vt 0.244762 0.972404
vt 0.243248 0.976585
vt 0.240891 0.979903
vt 0.237920 0.982034
vt 0.234627 0.982768
vt 0.239602 0.922772
vt 0.239192 0.918137
vt 0.238002 0.913956
vt 0.236150 0.910637
vt 0.233816 0.908507
vt 0.231228 0.907773
vt 0.239602 0.967769
vt 0.239192 0.972404
vt 0.238002 0.976585
vt 0.236150 0.979903
vt 0.233816 0.982034
vt 0.231228 0.982768
vt 0.233119 0.922772
vt 0.232836 0.918137
vt 0.232017 0.913956
vt 0.230741 0.910637
vt 0.229133 0.908507
vt 0.227351 0.907773
vt 0.233119 0.967769
vt 0.232836 0.972404
vt 0.232017 0.976585
vt 0.230741 0.979903
vt 0.229133 0.982034
vt 0.227351 0.982768
vt 0.226084 0.922772
vt 0.225941 0.918137
vt 0.225523 0.913956
vt 0.224872 0.910637
vt 0.224053 0.908507
vt 0.223144 0.907773
vt 0.226084 0.967769
vt 0.225941 0.972404
vt 0.225523 0.976585
vt 0.224872 0.979903
vt 0.224053 0.982034
vt 0.223144 0.982768
vt 0.218769 0.922772
vt 0.218769 0.918137
vt 0.218769 0.913956
vt 0.218769 0.910637
vt 0.218769 0.908507
vt 0.218769 0.907773
vt 0.218769 0.967769
vt 0.218769 0.972404
vt 0.218769 0.976585
vt 0.218769 0.979903
vt 0.218769 0.982034
vt 0.218769 0.982768
vt 0.211454 0.922772
vt 0.211598 0.918137
vt 0.212015 0.913956
vt 0.212666 0.910637
vt 0.213485 0.908507
vt 0.214394 0.907773
vt 0.211454 0.967769
vt 0.211598 0.972404
vt 0.212015 0.976585
vt 0.212666 0.979903
vt 0.213485 0.982034
vt 0.214394 0.982768
vt 0.204419 0.922772
vt 0.204702 0.918137
vt 0.205521 0.913956
vt 0.206797 0.910637
vt 0.208405 0.908507
vt 0.210187 0.907773
vt 0.204419 0.967769
vt 0.204702 0.972404
vt 0.205521 0.976585
vt 0.206797 0.979903
vt 0.208405 0.982034
vt 0.210187 0.982768
vt 0.197937 0.922772
vt 0.198346 0.918137
vt 0.199536 0.913956
vt 0.201388 0.910637
vt 0.203722 0.908507
vt 0.206310 0.907773
vt 0.197937 0.967769
vt 0.198346 0.972404
vt 0.199536 0.976585
vt 0.201388 0.979903
vt 0.203722 0.982034
vt 0.206310 0.982768
vt 0.192254 0.922772
vt 0.192776 0.918137
vt 0.194290 0.913956
vt 0.196647 0.910637
vt 0.199618 0.908507
vt 0.202912 0.907773
vt 0.192254 0.967769
vt 0.192776 0.972404
vt 0.194290 0.976585
vt 0.196647 0.979903
vt 0.199618 0.982034
vt 0.202912 0.982768
vt 0.187591 0.922772
vt 0.188204 0.918137
vt 0.189984 0.913956
vt 0.192757 0.910637
vt 0.196250 0.908507
vt 0.200123 0.907773
vt 0.187591 0.967769
vt 0.188204 0.972404
vt 0.189984 0.976585
vt 0.192757 0.979903
vt 0.196250 0.982034
vt 0.200123 0.982768
vt 0.184126 0.922772
vt 0.184807 0.918137
vt 0.186785 0.913956
vt 0.189866 0.910637
vt 0.193747 0.908507
vt 0.198050 0.907773
vt 0.184126 0.967769
vt 0.184807 0.972404
vt 0.186785 0.976585
vt 0.189866 0.979903
vt 0.193747 0.982034
vt 0.198050 0.982768
vt 0.181992 0.922772
vt 0.182716 0.918137
vt 0.184815 0.913956
vt 0.188085 0.910637
vt 0.192206 0.908507
vt 0.196774 0.907773
vt 0.181992 0.967769
vt 0.182716 0.972404
vt 0.184815 0.976585
vt 0.188085 0.979903
vt 0.192206 0.982034
vt 0.196774 0.982768
vt 0.181272 0.922772
vt 0.182009 0.918137
vt 0.184150 0.913956
vt 0.187484 0.910637
vt 0.191686 0.908507
vt 0.196343 0.907773
vt 0.181272 0.967769
vt 0.182009 0.972404
vt 0.184150 0.976585
vt 0.187484 0.979903
vt 0.191686 0.982034
vt 0.196343 0.982768
vt 0.099051 0.945111
vt 0.099779 0.937713
vt 0.101937 0.930599
vt 0.105441 0.924043
vt 0.110157 0.918297
vt 0.115903 0.913581
vt 0.122459 0.910077
vt 0.129573 0.907919
vt 0.136970 0.907191
vt 0.144368 0.907919
vt 0.151482 0.910077
vt 0.158038 0.913581
vt 0.163784 0.918297
vt 0.168500 0.924043
vt 0.172004 0.930599
vt 0.174162 0.937713
vt 0.174890 0.945111
vt 0.174162 0.952508
vt 0.172004 0.959622
vt 0.168500 0.966178
vt 0.163784 0.971924
vt 0.158038 0.976640
vt 0.151482 0.980144
vt 0.144368 0.982302
vt 0.136970 0.983031
vt 0.129573 0.982302
vt 0.122459 0.980144
vt 0.115903 0.976640
vt 0.110157 0.971924
vt 0.105441 0.966178
vt 0.101937 0.959622
vt 0.099779 0.952508
vt 0.091838 0.937840
vt 0.092564 0.945218
vt 0.091838 0.952595
vt 0.089686 0.959689
vt 0.086191 0.966227
vt 0.081489 0.971957
vt 0.075758 0.976660
vt 0.069221 0.980154
vt 0.062127 0.982306
vt 0.054749 0.983033
vt 0.047372 0.982306
vt 0.040278 0.980154
vt 0.033740 0.976660
vt 0.028010 0.971957
vt 0.023307 0.966227
vt 0.019813 0.959689
vt 0.017661 0.952595
vt 0.016934 0.945218
vt 0.017661 0.937840
vt 0.019813 0.930747
vt 0.023307 0.924209
vt 0.028010 0.918479
vt 0.033740 0.913776
vt 0.040278 0.910281
vt 0.047372 0.908129
vt 0.054749 0.907403
vt 0.062127 0.908129
vt 0.069221 0.910281
vt 0.075758 0.913776
vt 0.081489 0.918478
vt 0.086191 0.924209
vt 0.089686 0.930747
s 1
usemtl Avatar
f 2/1/1 14/2/2 18/3/3 6/4/4
f 6/4/4 18/3/3 17/5/5 5/6/6
f 5/6/6 17/5/5 16/7/7 4/8/8
f 4/8/8 16/7/7 15/9/9 3/10/10
f 3/10/10 15/9/9 13/11/11 1/12/12
f 20/13/13 8/14/14 12/15/15 24/16/16
f 24/16/16 12/15/15 11/17/17 23/18/18
f 23/18/18 11/17/17 10/19/19 22/20/20
f 22/20/20 10/19/19 9/21/21 21/22/22
f 21/22/22 9/21/21 7/23/23 19/24/24
f 14/2/2 26/25/25 30/26/26 18/3/3
f 18/3/3 30/26/26 29/27/27 17/5/5
f 17/5/5 29/27/27 28/28/28 16/7/7
f 16/7/7 28/28/28 27/29/29 15/9/9
f 15/9/9 27/29/29 25/30/30 13/11/11
f 32/31/31 20/13/13 24/16/16 36/32/32
f 36/32/32 24/16/16 23/18/18 35/33/33
f 35/33/33 23/18/18 22/20/20 34/34/34
f 34/34/34 22/20/20 21/22/22 33/35/35
f 33/35/35 21/22/22 19/24/24 31/36/36
f 26/25/25 38/37/37 42/38/38 30/26/26
f 30/26/26 42/38/38 41/39/39 29/27/27
f 29/27/27 41/39/39 40/40/40 28/28/28
f 28/28/28 40/40/40 39/41/41 27/29/29
f 27/29/29 39/41/41 37/42/42 25/30/30
f 44/43/43 32/31/31 36/32/32 48/44/44
f 48/44/44 36/32/32 35/33/33 47/45/45
f 47/45/45 35/33/33 34/34/34 46/46/46
f 46/46/46 34/34/34 33/35/35 45/47/47
f 45/47/47 33/35/35 31/36/36 43/48/48
f 38/37/37 50/49/49 54/50/50 42/38/38
f 42/38/38 54/50/50 53/51/51 41/39/39
f 41/39/39 53/51/51 52/52/52 40/40/40
f 40/40/40 52/52/52 51/53/53 39/41/41
f 39/41/41 51/53/53 49/54/54 37/42/42
f 56/55/55 44/43/43 48/44/44 60/56/56
f 60/56/56 48/44/44 47/45/45 59/57/57
f 59/57/57 47/45/45 46/46/46 58/58/58
f 58/58/58 46/46/46 45/47/47 57/59/59
f 57/59/59 45/47/47 43/48/48 55/60/60
f 50/49/49 62/61/61 66/62/62 54/50/50
f 54/50/50 66/62/62 65/63/63 53/51/51
f 53/51/51 65/63/63 64/64/64 52/52/52
f 52/52/52 64/64/64 63/65/65 51/53/53
f 51/53/53 63/65/65 61/66/66 49/54/54
f 68/67/67 56/55/55 60/56/56 72/68/68
f 72/68/68 60/56/56 59/57/57 71/69/69
f 71/69/69 59/57/57 58/58/58 70/70/70
f 70/70/70 58/58/58 57/59/59 69/71/71
f 69/71/71 57/59/59 55/60/60 67/72/72
f 62/61/61 74/73/73 78/74/74 66/62/62
f 66/62/62 78/74/74 77/75/75 65/63/63
f 65/63/63 77/75/75 76/76/76 64/64/64
f 64/64/64 76/76/76 75/77/77 63/65/65
f 63/65/65 75/77/77 73/78/78 61/66/66
f 80/79/79 68/67/67 72/68/68 84/80/80
f 84/80/80 72/68/68 71/69/69 83/81/81
f 83/81/81 71/69/69 70/70/70 82/82/82
f 82/82/82 70/70/70 69/71/71 81/83/83
f 81/83/83 69/71/71 67/72/72 79/84/84
f 74/73/73 86/85/85 90/86/86 78/74/74
f 78/74/74 90/86/86 89/87/87 77/75/75
f 77/75/75 89/87/87 88/88/88 76/76/76
f 76/76/76 88/88/88 87/89/89 75/77/77
f 75/77/77 87/89/89 85/90/90 73/78/78
f 92/91/91 80/79/79 84/80/80 96/92/92
f 96/92/92 84/80/80 83/81/81 95/93/93
f 95/93/93 83/81/81 82/82/82 94/94/94
f 94/94/94 82/82/82 81/83/83 93/95/95
f 93/95/95 81/83/83 79/84/84 91/96/96
f 86/85/85 98/97/97 102/98/98 90/86/86
f 90/86/86 102/98/98 101/99/99 89/87/87
f 89/87/87 101/99/99 100/100/100 88/88/88
f 88/88/88 100/100/100 99/101/101 87/89/89
f 87/89/89 99/101/101 97/102/102 85/90/90
f 104/103/103 92/91/91 96/92/92 108/104/104
f 108/104/104 96/92/92 95/93/93 107/105/105
f 107/105/105 95/93/93 94/94/94 106/106/106
f 106/106/106 94/94/94 93/95/95 105/107/107
f 105/107/107 93/95/95 91/96/96 103/108/108
f 98/97/97 110/109/109 114/110/110 102/98/98
f 102/98/98 114/110/110 113/111/111 101/99/99
f 101/99/99 113/111/111 112/112/112 100/100/100
f 100/100/100 112/112/112 111/113/113 99/101/101
f 99/101/101 111/113/113 109/114/114 97/102/102
f 116/115/115 104/103/103 108/104/104 120/116/116
f 120/116/116 108/104/104 107/105/105 119/117/117
f 119/117/117 107/105/105 106/106/106 118/118/118
f 118/118/118 106/106/106 105/107/107 117/119/119
f 117/119/119 105/107/107 103/108/108 115/120/120
f 110/109/109 122/121/121 126/122/122 114/110/110
f 114/110/110 126/122/122 125/123/123 113/111/111
f 113/111/111 125/123/123 124/124/124 112/112/112
f 112/112/112 124/124/124 123/125/125 111/113/113
f 111/113/113 123/125/125 121/126/126 109/114/114
f 128/127/127 116/115/115 120/116/116 132/128/128
f 132/128/128 120/116/116 119/117/117 131/129/129
f 131/129/129 119/117/117 118/118/118 130/130/130
f 130/130/130 118/118/118 117/119/119 129/131/131
f 129/131/131 117/119/119 115/120/120 127/132/132
f 122/121/121 134/133/133 138/134/134 126/122/122
f 126/122/122 138/134/134 137/135/135 125/123/123
f 125/123/123 137/135/135 136/136/136 124/124/124
f 124/124/124 136/136/136 135/137/137 123/125/125
f 123/125/125 135/137/137 133/138/138 121/126/126
f 140/139/139 128/127/127 132/128/128 144/140/140
f 144/140/140 132/128/128 131/129/129 143/141/141
f 143/141/141 131/129/129 130/130/130 142/142/142
f 142/142/142 130/130/130 129/131/131 141/143/143
f 141/143/143 129/131/131 127/132/132 139/144/144
f 134/133/133 146/145/145 150/146/146 138/134/134
f 138/134/134 150/146/146 149/147/147 137/135/135
f 137/135/135 149/147/147 148/148/148 136/136/136
f 136/136/136 148/148/148 147/149/149 135/137/137
f 135/137/137 147/149/149 145/150/150 133/138/138
f 152/151/151 140/139/139 144/140/140 156/152/152
f 156/152/152 144/140/140 143/141/141 155/153/153
f 155/153/153 143/141/141 142/142/142 154/154/154
f 154/154/154 142/142/142 141/143/143 153/155/155
f 153/155/155 141/143/143 139/144/144 151/156/156
f 146/145/145 158/157/157 162/158/158 150/146/146
f 150/146/146 162/158/158 161/159/159 149/147/147
f 149/147/147 161/159/159 160/160/160 148/148/148
f 148/148/148 160/160/160 159/161/161 147/149/149
f 147/149/149 159/161/161 157/162/162 145/150/150
f 164/163/163 152/151/151 156/152/152 168/164/164
f 168/164/164 156/152/152 155/153/153 167/165/165
f 167/165/165 155/153/153 154/154/154 166/166/166
f 166/166/166 154/154/154 153/155/155 165/167/167
f 165/167/167 153/155/155 151/156/156 163/168/168
f 158/157/157 170/169/169 174/170/170 162/158/158
f 162/158/158 174/170/170 173/171/171 161/159/159
f 161/159/159 173/171/171 172/172/172 160/160/160
f 160/160/160 172/172/172 171/173/173 159/161/161
f 159/161/161 171/173/173 169/174/174 157/162/162
f 176/175/175 164/163/163 168/164/164 180/176/176
f 180/176/176 168/164/164 167/165/165 179/177/177
f 179/177/177 167/165/165 166/166/166 178/178/178
f 178/178/178 166/166/166 165/167/167 177/179/179
f 177/179/179 165/167/167 163/168/168 175/180/180
f 170/169/169 182/181/181 186/182/182 174/170/170
f 174/170/170 186/182/182 185/183/183 173/171/171
f 173/171/171 185/183/183 184/184/184 172/172/172
f 172/172/172 184/184/184 183/185/185 171/173/173
f 171/173/173 183/185/185 181/186/186 169/174/174
f 188/187/187 176/175/175 180/176/176 192/188/188
f 192/188/188 180/176/176 179/177/177 191/189/189
f 191/189/189 179/177/177 178/178/178 190/190/190
f 190/190/190 178/178/178 177/179/179 189/191/191
f 189/191/191 177/179/179 175/180/180 187/192/192
f 182/181/181 194/193/193 198/194/194 186/182/182
f 186/182/182 198/194/194 197/195/195 185/183/183
f 185/183/183 197/195/195 196/196/196 184/184/184
f 184/184/184 196/196/196 195/197/197 183/185/185
f 183/185/185 195/197/197 193/198/198 181/186/186
f 200/199/199 188/187/187 192/188/188 204/200/200
f 204/200/200 192/188/188 191/189/189 203/201/201
f 203/201/201 191/189/189 190/190/190 202/202/202
f 202/202/202 190/190/190 189/191/191 201/203/203
f 201/203/203 189/191/191 187/192/192 199/204/204
f 194/205/193 206/206/205 210/207/206 198/208/194
f 198/208/194 210/207/206 209/209/207 197/210/195
f 197/210/195 209/209/207 208/211/208 196/212/196
f 196/212/196 208/211/208 207/213/209 195/214/197
f 195/214/197 207/213/209 205/215/210 193/216/198
f 212/217/211 200/218/199 204/219/200 216/220/212
f 216/220/212 204/219/200 203/221/201 215/222/213
f 215/222/213 203/221/201 202/223/202 214/224/214
f 214/224/214 202/223/202 201/225/203 213/226/215
f 213/226/215 201/225/203 199/227/204 211/228/216
f 206/206/205 218/229/217 222/230/218 210/207/206
f 210/207/206 222/230/218 221/231/219 209/209/207
f 209/209/207 221/231/219 220/232/220 208/211/208
f 208/211/208 220/232/220 219/233/221 207/213/209
f 207/213/209 219/233/221 217/234/222 205/215/210
f 224/235/223 212/217/211 216/220/212 228/236/224
f 228/236/224 216/220/212 215/222/213 227/237/225
f 227/237/225 215/222/213 214/224/214 226/238/226
f 226/238/226 214/224/214 213/226/215 225/239/227
f 225/239/227 213/226/215 211/228/216 223/240/228
f 218/229/217 230/241/229 234/242/230 222/230/218
f 222/230/218 234/242/230 233/243/231 221/231/219
f 221/231/219 233/243/231 232/244/232 220/232/220
f 220/232/220 232/244/232 231/245/233 219/233/221
f 219/233/221 231/245/233 229/246/234 217/234/222
f 236/247/235 224/235/223 228/236/224 240/248/236
f 240/248/236 228/236/224 227/237/225 239/249/237
f 239/249/237 227/237/225 226/238/226 238/250/238
f 238/250/238 226/238/226 225/239/227 237/251/239
f 237/251/239 225/239/227 223/240/228 235/252/240
f 230/241/229 242/253/241 246/254/242 234/242/230
f 234/242/230 246/254/242 245/255/243 233/243/231
f 233/243/231 245/255/243 244/256/244 232/244/232
f 232/244/232 244/256/244 243/257/245 231/245/233
f 231/245/233 243/257/245 241/258/246 229/246/234
f 248/259/247 236/247/235 240/248/236 252/260/248
f 252/260/248 240/248/236 239/249/237 251/261/249
f 251/261/249 239/249/237 238/250/238 250/262/250
f 250/262/250 238/250/238 237/251/239 249/263/251
f 249/263/251 237/251/239 235/252/240 247/264/252
f 242/253/241 254/265/253 258/266/254 246/254/242
f 246/254/242 258/266/254 257/267/255 245/255/243
f 245/255/243 257/267/255 256/268/256 244/256/244
f 244/256/244 256/268/256 255/269/257 243/257/245
f 243/257/245 255/269/257 253/270/258 241/258/246
f 260/271/259 248/259/247 252/260/248 264/272/260
f 264/272/260 252/260/248 251/261/249 263/273/261
f 263/273/261 251/261/249 250/262/250 262/274/262
f 262/274/262 250/262/250 249/263/251 261/275/263
f 261/275/263 249/263/251 247/264/252 259/276/264
f 254/265/253 266/277/265 270/278/266 258/266/254
f 258/266/254 270/278/266 269/279/267 257/267/255
f 257/267/255 269/279/267 268/280/268 256/268/256
f 256/268/256 268/280/268 267/281/269 255/269/257
f 255/269/257 267/281/269 265/282/270 253/270/258
f 272/283/271 260/271/259 264/272/260 276/284/272
f 276/284/272 264/272/260 263/273/261 275/285/273
f 275/285/273 263/273/261 262/274/262 274/286/274
f 274/286/274 262/274/262 261/275/263 273/287/275
f 273/287/275 261/275/263 259/276/264 271/288/276
f 266/277/265 278/289/277 282/290/278 270/278/266
f 270/278/266 282/290/278 281/291/279 269/279/267
f 269/279/267 281/291/279 280/292/280 268/280/268
f 268/280/268 280/292/280 279/293/281 267/281/269
f 267/281/269 279/293/281 277/294/282 265/282/270
f 284/295/283 272/283/271 276/284/272 288/296/284
f 288/296/284 276/284/272 275/285/273 287/297/285
f 287/297/285 275/285/273 274/286/274 286/298/286
f 286/298/286 274/286/274 273/287/275 285/299/287
f 285/299/287 273/287/275 271/288/276 283/300/288
f 278/289/277 290/301/289 294/302/290 282/290/278
f 282/290/278 294/302/290 293/303/291 281/291/279
f 281/291/279 293/303/291 292/304/292 280/292/280
f 280/292/280 292/304/292 291/305/293 279/293/281
f 279/293/281 291/305/293 289/306/294 277/294/282
f 296/307/295 284/295/283 288/296/284 300/308/296
f 300/308/296 288/296/284 287/297/285 299/309/297
f 299/309/297 287/297/285 286/298/286 298/310/298
f 298/310/298 286/298/286 285/299/287 297/311/299
f 297/311/299 285/299/287 283/300/288 295/312/300
f 290/301/289 302/313/301 306/314/302 294/302/290
f 294/302/290 306/314/302 305/315/303 293/303/291
f 293/303/291 305/315/303 304/316/304 292/304/292
f 292/304/292 304/316/304 303/317/305 291/305/293
f 291/305/293 303/317/305 301/318/306 289/306/294
f 308/319/307 296/307/295 300/308/296 312/320/308
f 312/320/308 300/308/296 299/309/297 311/321/309
f 311/321/309 299/309/297 298/310/298 310/322/310
f 310/322/310 298/310/298 297/311/299 309/323/311
f 309/323/311 297/311/299 295/312/300 307/324/312
f 302/313/301 314/325/313 318/326/314 306/314/302
f 306/314/302 318/326/314 317/327/315 305/315/303
f 305/315/303 317/327/315 316/328/316 304/316/304
f 304/316/304 316/328/316 315/329/317 303/317/305
f 303/317/305 315/329/317 313/330/318 301/318/306
f 320/331/319 308/319/307 312/320/308 324/332/320
f 324/332/320 312/320/308 311/321/309 323/333/321
f 323/333/321 311/321/309 310/322/310 322/334/322
f 322/334/322 310/322/310 309/323/311 321/335/323
f 321/335/323 309/323/311 307/324/312 319/336/324
f 314/325/313 326/337/325 330/338/326 318/326/314
f 318/326/314 330/338/326 329/339/327 317/327/315
f 317/327/315 329/339/327 328/340/328 316/328/316
f 316/328/316 328/340/328 327/341/329 315/329/317
f 315/329/317 327/341/329 325/342/330 313/330/318
f 332/343/331 320/331/319 324/332/320 336/344/332
f 336/344/332 324/332/320 323/333/321 335/345/333
f 335/345/333 323/333/321 322/334/322 334/346/334
f 334/346/334 322/334/322 321/335/323 333/347/335
f 333/347/335 321/335/323 319/336/324 331/348/336
f 326/337/325 338/349/337 342/350/338 330/338/326
f 330/338/326 342/350/338 341/351/339 329/339/327
f 329/339/327 341/351/339 340/352/340 328/340/328
f 328/340/328 340/352/340 339/353/341 327/341/329
f 327/341/329 339/353/341 337/354/342 325/342/330
f 344/355/343 332/343/331 336/344/332 348/356/344
f 348/356/344 336/344/332 335/345/333 347/357/345
f 347/357/345 335/345/333 334/346/334 346/358/346
f 346/358/346 334/346/334 333/347/335 345/359/347
f 345/359/347 333/347/335 331/348/336 343/360/348
f 338/349/337 350/361/349 354/362/350 342/350/338
f 342/350/338 354/362/350 353/363/351 341/351/339
f 341/351/339 353/363/351 352/364/352 340/352/340
f 340/352/340 352/364/352 351/365/353 339/353/341
f 339/353/341 351/365/353 349/366/354 337/354/342
f 356/367/355 344/355/343 348/356/344 360/368/356
f 360/368/356 348/356/344 347/357/345 359/369/357
f 359/369/357 347/357/345 346/358/346 358/370/358
f 358/370/358 346/358/346 345/359/347 357/371/359
f 357/371/359 345/359/347 343/360/348 355/372/360
f 350/361/349 362/373/361 366/374/362 354/362/350
f 354/362/350 366/374/362 365/375/363 353/363/351
f 353/363/351 365/375/363 364/376/364 352/364/352
f 352/364/352 364/376/364 363/377/365 351/365/353
f 351/365/353 363/377/365 361/378/366 349/366/354
f 368/379/367 356/367/355 360/368/356 372/380/368
f 372/380/368 360/368/356 359/369/357 371/381/369
f 371/381/369 359/369/357 358/370/358 370/382/370
f 370/382/370 358/370/358 357/371/359 369/383/371
f 369/383/371 357/371/359 355/372/360 367/384/372
f 362/373/361 374/385/373 378/386/374 366/374/362
f 366/374/362 378/386/374 377/387/375 365/375/363
f 365/375/363 377/387/375 376/388/376 364/376/364
f 364/376/364 376/388/376 375/389/377 363/377/365
f 363/377/365 375/389/377 373/390/378 361/378/366
f 380/391/379 368/379/367 372/380/368 384/392/380
f 384/392/380 372/380/368 371/381/369 383/393/381
f 383/393/381 371/381/369 370/382/370 382/394/382
f 382/394/382 370/382/370 369/383/371 381/395/383
f 381/395/383 369/383/371 367/384/372 379/396/384
f 374/385/373 2/397/1 6/398/4 378/386/374
f 378/386/374 6/398/4 5/399/6 377/387/375
f 377/387/375 5/399/6 4/400/8 376/388/376
f 376/388/376 4/400/8 3/401/10 375/389/377
f 375/389/377 3/401/10 1/402/12 373/390/378
f 8/403/14 380/391/379 384/392/380 12/404/15
f 12/404/15 384/392/380 383/393/381 11/405/17
f 11/405/17 383/393/381 382/394/382 10/406/19
f 10/406/19 382/394/382 381/395/383 9/407/21
f 9/407/21 381/395/383 379/396/384 7/408/23
f 1/409/12 13/410/11 25/411/30 37/412/42 49/413/54 61/414/66 73/415/78 85/416/90 97/417/102 109/418/114 121/419/126 133/420/138 145/421/150 157/422/162 169/423/174 181/424/186 193/425/198 205/426/210 217/427/222 229/428/234 241/429/246 253/430/258 265/431/270 277/432/282 289/433/294 301/434/306 313/435/318 325/436/330 337/437/342 349/438/354 361/439/366 373/440/378
f 2/1/1 8/14/14 20/13/13 14/2/2
f 374/385/373 380/391/379 8/403/14 2/397/1
f 19/441/24 7/442/23 379/443/384 367/444/372 355/445/360 343/446/348 331/447/336 319/448/324 307/449/312 295/450/300 283/451/288 271/452/276 259/453/264 247/454/252 235/455/240 223/456/228 211/457/216 199/458/204 187/459/192 175/460/180 163/461/168 151/462/156 139/463/144 127/464/132 115/465/120 103/466/108 91/467/96 79/468/84 67/469/72 55/470/60 43/471/48 31/472/36
f 14/2/2 20/13/13 32/31/31 26/25/25
f 26/25/25 32/31/31 44/43/43 38/37/37
f 38/37/37 44/43/43 56/55/55 50/49/49
f 50/49/49 56/55/55 68/67/67 62/61/61
f 62/61/61 68/67/67 80/79/79 74/73/73
f 74/73/73 80/79/79 92/91/91 86/85/85
f 86/85/85 92/91/91 104/103/103 98/97/97
f 98/97/97 104/103/103 116/115/115 110/109/109
f 110/109/109 116/115/115 128/127/127 122/121/121
f 122/121/121 128/127/127 140/139/139 134/133/133
f 134/133/133 140/139/139 152/151/151 146/145/145
f 146/145/145 152/151/151 164/163/163 158/157/157
f 158/157/157 164/163/163 176/175/175 170/169/169
f 170/169/169 176/175/175 188/187/187 182/181/181
f 182/181/181 188/187/187 200/199/199 194/193/193
f 194/205/193 200/218/199 212/217/211 206/206/205
f 206/206/205 212/217/211 224/235/223 218/229/217
f 218/229/217 224/235/223 236/247/235 230/241/229
f 230/241/229 236/247/235 248/259/247 242/253/241
f 242/253/241 248/259/247 260/271/259 254/265/253
f 254/265/253 260/271/259 272/283/271 266/277/265
f 266/277/265 272/283/271 284/295/283 278/289/277
f 278/289/277 284/295/283 296/307/295 290/301/289
f 290/301/289 296/307/295 308/319/307 302/313/301
f 302/313/301 308/319/307 320/331/319 314/325/313
f 314/325/313 320/331/319 332/343/331 326/337/325
f 326/337/325 332/343/331 344/355/343 338/349/337
f 338/349/337 344/355/343 356/367/355 350/361/349
f 350/361/349 356/367/355 368/379/367 362/373/361
f 362/373/361 368/379/367 380/391/379 374/385/373
o Right_Leg
v -0.800000 0.000000 1.800000
v -0.800000 0.200000 2.000000
v -1.000000 0.200000 1.800000
v -0.800000 0.015224 1.876537
v -0.800000 0.058579 1.941421
v -0.876537 0.015224 1.800000
v -0.878455 0.033598 1.878455
v -0.874474 0.068749 1.931251
v -0.915470 0.084530 1.915470
v -0.876537 0.200000 1.984776
v -0.941421 0.200000 1.941421
v -0.800000 0.123463 1.984776
v -0.878455 0.121545 1.966402
v -0.931251 0.125526 1.931251
v -0.984776 0.123463 1.800000
v -0.941421 0.058579 1.800000
v -0.984776 0.200000 1.876537
v -0.966402 0.121545 1.878455
v -0.931251 0.068749 1.874474
v -0.800000 3.800000 2.000000
v -0.800000 4.000000 1.800000
v -1.000000 3.800000 1.800000
v -0.800000 3.876537 1.984776
v -0.800000 3.941422 1.941421
v -0.876537 3.800000 1.984776
v -0.878455 3.878455 1.966402
v -0.874474 3.931251 1.931251
v -0.915470 3.915470 1.915470
v -0.876537 3.984776 1.800000
v -0.941421 3.941422 1.800000
v -0.800000 3.984776 1.876537
v -0.878455 3.966403 1.878455
v -0.931251 3.931251 1.874474
v -0.984776 3.800000 1.876537
v -0.941421 3.800000 1.941421
v -0.984776 3.876537 1.800000
v -0.966402 3.878455 1.878455
v -0.931251 3.874474 1.931251
v -0.800000 0.000000 0.200000
v -1.000000 0.200000 0.200000
v -0.800000 0.200000 0.000000
v -0.876537 0.015224 0.200000
v -0.941421 0.058579 0.200000
v -0.800000 0.015224 0.123463
v -0.878455 0.033598 0.121545
v -0.931251 0.068749 0.125526
v -0.915470 0.084530 0.084530
v -0.984776 0.200000 0.123463
v -0.941421 0.200000 0.058579
v -0.984776 0.123463 0.200000
v -0.966402 0.121545 0.121545
v -0.931251 0.125526 0.068749
v -0.800000 0.123463 0.015224
v -0.800000 0.058579 0.058579
v -0.876537 0.200000 0.015224
v -0.878455 0.121545 0.033598
v -0.874474 0.068749 0.068749
v -0.800000 4.000000 0.200000
v -0.800000 3.800000 0.000000
v -1.000000 3.800000 0.200000
v -0.800000 3.984776 0.123463
v -0.800000 3.941422 0.058579
v -0.876537 3.984776 0.200000
v -0.878455 3.966403 0.121545
v -0.874474 3.931251 0.068749
v -0.915470 3.915470 0.084530
v -0.876537 3.800000 0.015224
v -0.941421 3.800000 0.058579
v -0.800000 3.876537 0.015224
v -0.878455 3.878455 0.033598
v -0.931251 3.874474 0.068749
v -0.984776 3.876537 0.200000
v -0.941421 3.941422 0.200000
v -0.984776 3.800000 0.123463
v -0.966402 3.878455 0.121545
v -0.931251 3.931251 0.125526
v 0.800000 0.000000 1.800000
v 1.000000 0.200000 1.800000
v 0.800000 0.200000 2.000000
v 0.876537 0.015224 1.800000
v 0.941421 0.058579 1.800000
v 0.800000 0.015224 1.876537
v 0.878455 0.033598 1.878455
v 0.931251 0.068749 1.874474
v 0.915470 0.084530 1.915470
v 0.984776 0.200000 1.876537
v 0.941421 0.200000 1.941421
v 0.984776 0.123463 1.800000
v 0.966402 0.121545 1.878455
v 0.931251 0.125526 1.931251
v 0.800000 0.123463 1.984776
v 0.800000 0.058579 1.941421
v 0.876537 0.200000 1.984776
v 0.878455 0.121545 1.966402
v 0.874474 0.068749 1.931251
v 0.800000 4.000000 1.800000
v 0.800000 3.800000 2.000000
v 1.000000 3.800000 1.800000
v 0.800000 3.984776 1.876537
v 0.800000 3.941422 1.941421
v 0.876537 3.984776 1.800000
v 0.878455 3.966403 1.878455
v 0.874474 3.931251 1.931251
v 0.915470 3.915470 1.915470
v 0.876537 3.800000 1.984776
v 0.941421 3.800000 1.941421
v 0.800000 3.876537 1.984776
v 0.878455 3.878455 1.966402
v 0.931251 3.874474 1.931251
v 0.984776 3.876537 1.800000
v 0.941421 3.941422 1.800000
v 0.984776 3.800000 1.876537
v 0.966402 3.878455 1.878455
v 0.931251 3.931251 1.874474
v 0.800000 0.000000 0.200000
v 0.800000 0.200000 0.000000
v 1.000000 0.200000 0.200000
v 0.800000 0.015224 0.123463
v 0.800000 0.058579 0.058579
v 0.876537 0.015224 0.200000
v 0.878455 0.033598 0.121545
v 0.874474 0.068749 0.068749
v 0.915470 0.084530 0.084530
v 0.876537 0.200000 0.015224
v 0.941421 0.200000 0.058579
v 0.800000 0.123463 0.015224
v 0.878455 0.121545 0.033598
v 0.931251 0.125526 0.068749
v 0.984776 0.123463 0.200000
v 0.941421 0.058579 0.200000
v 0.984776 0.200000 0.123463
v 0.966402 0.121545 0.121545
v 0.931251 0.068749 0.125526
v 0.800000 4.000000 0.200000
v 1.000000 3.800000 0.200000
v 0.800000 3.800000 0.000000
v 0.876537 3.984776 0.200000
v 0.941421 3.941422 0.200000
v 0.800000 3.984776 0.123463
v 0.878455 3.966403 0.121545
v 0.931251 3.931251 0.125526
v 0.915470 3.915470 0.084530
v 0.984776 3.800000 0.123463
v 0.941421 3.800000 0.058579
v 0.984776 3.876537 0.200000
v 0.966402 3.878455 0.121545
v 0.931251 3.874474 0.068749
v 0.800000 3.876537 0.015224
v 0.800000 3.941422 0.058579
v 0.876537 3.800000 0.015224
v 0.878455 3.878455 0.033598
v 0.874474 3.931251 0.068749
vn -0.1004 -0.9899 0.1004
vn -0.1004 -0.1004 0.9899
vn -0.9899 -0.1004 0.1004
vn -0.0981 -0.9201 0.3792
vn -0.0919 -0.7041 0.7041
vn -0.3792 -0.9201 0.0981
vn -0.3673 -0.8545 0.3673
vn -0.3347 -0.6663 0.6663
vn -0.5774 -0.5774 0.5774
vn -0.3792 -0.0981 0.9201
vn -0.7041 -0.0919 0.7041
vn -0.0981 -0.3792 0.9201
vn -0.3673 -0.3673 0.8545
vn -0.6663 -0.3347 0.6663
vn -0.9201 -0.3792 0.0981
vn -0.7041 -0.7041 0.0919
vn -0.9201 -0.0981 0.3792
vn -0.8545 -0.3673 0.3673
vn -0.6663 -0.6663 0.3347
vn -0.1004 0.1004 0.9899
vn -0.1004 0.9899 0.1004
vn -0.9899 0.1004 0.1004
vn -0.0981 0.3792 0.9201
vn -0.0919 0.7041 0.7041
vn -0.3792 0.0981 0.9201
vn -0.3673 0.3673 0.8545
vn -0.3347 0.6663 0.6663
vn -0.5773 0.5774 0.5774
vn -0.3792 0.9201 0.0981
vn -0.7041 0.7041 0.0919
vn -0.0981 0.9201 0.3792
vn -0.3673 0.8545 0.3673
vn -0.6663 0.6663 0.3347
vn -0.9201 0.0981 0.3792
vn -0.7041 0.0919 0.7041
vn -0.9201 0.3792 0.0981
vn -0.8545 0.3673 0.3673
vn -0.6663 0.3347 0.6663
vn -0.1004 -0.9899 -0.1004
vn -0.9899 -0.1004 -0.1004
vn -0.1004 -0.1004 -0.9899
vn -0.3792 -0.9201 -0.0981
vn -0.7041 -0.7041 -0.0919
vn -0.0981 -0.9201 -0.3792
vn -0.3673 -0.8545 -0.3673
vn -0.6663 -0.6663 -0.3347
vn -0.5774 -0.5774 -0.5774
vn -0.9201 -0.0981 -0.3792
vn -0.7041 -0.0919 -0.7041
vn -0.9201 -0.3792 -0.0981
vn -0.8545 -0.3673 -0.3673
vn -0.6663 -0.3347 -0.6663
vn -0.0981 -0.3792 -0.9201
vn -0.0919 -0.7041 -0.7041
vn -0.3792 -0.0981 -0.9201
vn -0.3673 -0.3673 -0.8545
vn -0.3347 -0.6663 -0.6663
vn -0.1004 0.9899 -0.1004
vn -0.1004 0.1004 -0.9899
vn -0.9899 0.1004 -0.1004
vn -0.0981 0.9201 -0.3792
vn -0.0919 0.7041 -0.7041
vn -0.3792 0.9201 -0.0981
vn -0.3673 0.8545 -0.3673
vn -0.3347 0.6663 -0.6663
vn -0.5773 0.5774 -0.5774
vn -0.3792 0.0981 -0.9201
vn -0.7041 0.0919 -0.7041
vn -0.0981 0.3792 -0.9201
vn -0.3673 0.3673 -0.8545
vn -0.6663 0.3347 -0.6663
vn -0.9201 0.3792 -0.0981
vn -0.7041 0.7041 -0.0919
vn -0.9201 0.0981 -0.3792
vn -0.8545 0.3673 -0.3673
vn -0.6663 0.6663 -0.3347
vn 0.1004 -0.9899 0.1004
vn 0.9899 -0.1004 0.1004
vn 0.1004 -0.1004 0.9899
vn 0.3792 -0.9201 0.0981
vn 0.7041 -0.7041 0.0919
vn 0.0981 -0.9201 0.3792
vn 0.3673 -0.8545 0.3673
vn 0.6663 -0.6663 0.3347
vn 0.5774 -0.5774 0.5774
vn 0.9201 -0.0981 0.3792
vn 0.7041 -0.0919 0.7041
vn 0.9201 -0.3792 0.0981
vn 0.8545 -0.3673 0.3673
vn 0.6663 -0.3347 0.6663
vn 0.0981 -0.3792 0.9201
vn 0.0919 -0.7041 0.7041
vn 0.3792 -0.0981 0.9201
vn 0.3673 -0.3673 0.8545
vn 0.3347 -0.6663 0.6663
vn 0.1004 0.9899 0.1004
vn 0.1004 0.1004 0.9899
vn 0.9899 0.1004 0.1004
vn 0.0981 0.9201 0.3792
vn 0.0919 0.7041 0.7041
vn 0.3792 0.9201 0.0981
vn 0.3673 0.8545 0.3673
vn 0.3347 0.6663 0.6663
vn 0.5773 0.5774 0.5774
vn 0.3792 0.0981 0.9201
vn 0.7041 0.0919 0.7041
vn 0.0981 0.3792 0.9201
vn 0.3673 0.3673 0.8545
vn 0.6663 0.3347 0.6663
vn 0.9201 0.3792 0.0981
vn 0.7041 0.7041 0.0919
vn 0.9201 0.0981 0.3792
vn 0.8545 0.3673 0.3673
vn 0.6663 0.6663 0.3347
vn 0.1004 -0.9899 -0.1004
vn 0.1004 -0.1004 -0.9899
vn 0.9899 -0.1004 -0.1004
vn 0.0981 -0.9201 -0.3792
vn 0.0919 -0.7041 -0.7041
vn 0.3792 -0.9201 -0.0981
vn 0.3673 -0.8545 -0.3673
vn 0.3347 -0.6663 -0.6663
vn 0.5774 -0.5774 -0.5774
vn 0.3792 -0.0981 -0.9201
vn 0.7041 -0.0919 -0.7041
vn 0.0981 -0.3792 -0.9201
vn 0.3673 -0.3673 -0.8545
vn 0.6663 -0.3347 -0.6663
vn 0.9201 -0.3792 -0.0981
vn 0.7041 -0.7041 -0.0919
vn 0.9201 -0.0981 -0.3792
vn 0.8545 -0.3673 -0.3673
vn 0.6663 -0.6663 -0.3347
vn 0.1004 0.9899 -0.1004
vn 0.9899 0.1004 -0.1004
vn 0.1004 0.1004 -0.9899
vn 0.3792 0.9201 -0.0981
vn 0.7041 0.7041 -0.0919
vn 0.0981 0.9201 -0.3792
vn 0.3673 0.8545 -0.3673
vn 0.6663 0.6663 -0.3347
vn 0.5774 0.5774 -0.5774
vn 0.9201 0.0981 -0.3792
vn 0.7041 0.0919 -0.7041
vn 0.9201 0.3792 -0.0981
vn 0.8545 0.3673 -0.3673
vn 0.6663 0.3347 -0.6663
vn 0.0981 0.3792 -0.9201
vn 0.0919 0.7041 -0.7041
vn 0.3792 0.0981 -0.9201
vn 0.3673 0.3673 -0.8545
vn 0.3347 0.6663 -0.6663
vt 0.386084 0.268885
vt 0.383782 0.268885
vt 0.383724 0.266525
vt 0.386084 0.266583
vt 0.380069 0.268885
vt 0.380069 0.266645
vt 0.383844 0.262870
vt 0.386084 0.262870
vt 0.380069 0.265412
vt 0.518926 0.336365
vt 0.516627 0.336365
vt 0.516569 0.334008
vt 0.518926 0.334065
vt 0.512917 0.336365
vt 0.512917 0.334127
vt 0.516689 0.330356
vt 0.518926 0.330356
vt 0.512917 0.332896
vt 0.434205 0.336285
vt 0.434205 0.333982
vt 0.436566 0.333925
vt 0.436508 0.336285
vt 0.434205 0.330268
vt 0.436446 0.330268
vt 0.440223 0.334044
vt 0.440223 0.336285
vt 0.437680 0.330268
vt 0.518926 0.444521
vt 0.518926 0.446820
vt 0.516569 0.446878
vt 0.516627 0.444521
vt 0.518926 0.450529
vt 0.516689 0.450529
vt 0.512917 0.446758
vt 0.512917 0.444521
vt 0.515457 0.450529
vt 0.319697 0.316984
vt 0.319697 0.319284
vt 0.317339 0.319342
vt 0.317397 0.316984
vt 0.319697 0.322994
vt 0.317459 0.322994
vt 0.313687 0.319222
vt 0.313687 0.316984
vt 0.316227 0.322994
vt 0.434205 0.444601
vt 0.436508 0.444601
vt 0.436566 0.446962
vt 0.434205 0.446904
vt 0.440223 0.444601
vt 0.440223 0.446842
vt 0.436446 0.450619
vt 0.434205 0.450619
vt 0.440223 0.448075
vt 0.434202 0.268885
vt 0.434202 0.266583
vt 0.436562 0.266525
vt 0.436504 0.268885
vt 0.434202 0.262870
vt 0.436442 0.262870
vt 0.440217 0.266645
vt 0.440217 0.268885
vt 0.437675 0.262870
vt 0.386065 0.336285
vt 0.383762 0.336285
vt 0.383704 0.333925
vt 0.386065 0.333982
vt 0.380047 0.336285
vt 0.380047 0.334044
vt 0.383824 0.330268
vt 0.386065 0.330268
vt 0.380047 0.332811
vt 0.500647 0.336285
vt 0.500647 0.333983
vt 0.503008 0.333925
vt 0.502950 0.336285
vt 0.500647 0.330268
vt 0.502888 0.330268
vt 0.506665 0.334045
vt 0.506665 0.336285
vt 0.504121 0.330268
vt 0.367777 0.316984
vt 0.370077 0.316984
vt 0.370135 0.319342
vt 0.367777 0.319284
vt 0.373788 0.316984
vt 0.373788 0.319222
vt 0.370015 0.322994
vt 0.367777 0.322994
vt 0.373788 0.320454
vt 0.500647 0.444601
vt 0.502950 0.444601
vt 0.503008 0.446962
vt 0.500647 0.446904
vt 0.506665 0.444601
vt 0.506665 0.446842
vt 0.502888 0.450619
vt 0.500647 0.450619
vt 0.506665 0.448075
vt 0.386065 0.444601
vt 0.386065 0.446904
vt 0.383704 0.446962
vt 0.383762 0.444601
vt 0.386065 0.450619
vt 0.383824 0.450619
vt 0.380047 0.446842
vt 0.380047 0.444601
vt 0.382591 0.450619
vt 0.386084 0.317003
vt 0.386084 0.319305
vt 0.383724 0.319363
vt 0.383782 0.317003
vt 0.386084 0.323018
vt 0.383844 0.323018
vt 0.380069 0.319243
vt 0.380069 0.317003
vt 0.382611 0.323018
vt 0.319714 0.336362
vt 0.317415 0.336362
vt 0.317357 0.334005
vt 0.319714 0.334062
vt 0.313705 0.336362
vt 0.313705 0.334124
vt 0.317477 0.330353
vt 0.319714 0.330353
vt 0.313705 0.332893
vt 0.566995 0.336365
vt 0.566995 0.334066
vt 0.569352 0.334008
vt 0.569295 0.336365
vt 0.566995 0.330356
vt 0.569233 0.330356
vt 0.573004 0.334127
vt 0.573004 0.336365
vt 0.570464 0.330356
vt 0.319697 0.268904
vt 0.317397 0.268904
vt 0.317339 0.266546
vt 0.319697 0.266604
vt 0.313687 0.268904
vt 0.313687 0.266666
vt 0.317459 0.262894
vt 0.319697 0.262894
vt 0.313687 0.265434
vt 0.566995 0.444521
vt 0.569295 0.444521
vt 0.569352 0.446878
vt 0.566995 0.446820
vt 0.573004 0.444521
vt 0.573004 0.446758
vt 0.569233 0.450529
vt 0.566995 0.450529
vt 0.573004 0.447990
vt 0.319714 0.444526
vt 0.319714 0.446825
vt 0.317357 0.446883
vt 0.317415 0.444526
vt 0.319714 0.450535
vt 0.317477 0.450535
vt 0.313705 0.446763
vt 0.313705 0.444526
vt 0.316245 0.450535
vt 0.434202 0.317003
vt 0.436504 0.317003
vt 0.436562 0.319363
vt 0.434202 0.319305
vt 0.440217 0.317003
vt 0.440217 0.319243
vt 0.436442 0.323018
vt 0.434202 0.323018
vt 0.440217 0.320476
vt 0.452507 0.336285
vt 0.450204 0.336285
vt 0.450146 0.333925
vt 0.452507 0.333983
vt 0.446489 0.336285
vt 0.446489 0.334045
vt 0.450266 0.330268
vt 0.452507 0.330268
vt 0.446489 0.332811
vt 0.367787 0.336362
vt 0.367787 0.334062
vt 0.370144 0.334005
vt 0.370087 0.336362
vt 0.367787 0.330353
vt 0.370025 0.330353
vt 0.373796 0.334124
vt 0.373796 0.336362
vt 0.371256 0.330353
vt 0.367777 0.268904
vt 0.367777 0.266604
vt 0.370135 0.266546
vt 0.370077 0.268904
vt 0.367777 0.262894
vt 0.370015 0.262894
vt 0.373788 0.266666
vt 0.373788 0.268904
vt 0.371247 0.262894
vt 0.367787 0.444526
vt 0.370087 0.444526
vt 0.370144 0.446883
vt 0.367787 0.446825
vt 0.373796 0.444526
vt 0.373796 0.446763
vt 0.370025 0.450535
vt 0.367787 0.450535
vt 0.373796 0.447995
vt 0.452507 0.444601
vt 0.452507 0.446904
vt 0.450146 0.446962
vt 0.450204 0.444601
vt 0.452507 0.450619
vt 0.450266 0.450619
vt 0.446489 0.446842
vt 0.446489 0.444601
vt 0.449033 0.450619
s 1
usemtl Avatar
f 385/473/385 388/474/388 391/475/391 390/476/390
f 388/474/388 389/477/389 392/478/392 391/475/391
f 390/476/390 391/475/391 403/479/403 400/480/400
f 391/475/391 392/478/392 393/481/393 403/479/403
f 386/482/386 394/483/394 397/484/397 396/485/396
f 394/483/394 395/486/395 398/487/398 397/484/397
f 396/485/396 397/484/397 392/488/392 389/489/389
f 397/484/397 398/487/398 393/490/393 392/488/392
f 387/491/387 399/492/399 402/493/402 401/494/401
f 399/492/399 400/495/400 403/496/403 402/493/402
f 401/494/401 402/493/402 398/497/398 395/498/395
f 402/493/402 403/496/403 393/499/393 398/497/398
f 404/500/404 407/501/407 410/502/410 409/503/409
f 407/501/407 408/504/408 411/505/411 410/502/410
f 409/503/409 410/502/410 422/506/422 419/507/419
f 410/502/410 411/505/411 412/508/412 422/506/422
f 405/509/405 413/510/413 416/511/416 415/512/415
f 413/510/413 414/513/414 417/514/417 416/511/416
f 415/512/415 416/511/416 411/515/411 408/516/408
f 416/511/416 417/514/417 412/517/412 411/515/411
f 406/518/406 418/519/418 421/520/421 420/521/420
f 418/519/418 419/522/419 422/523/422 421/520/421
f 420/521/420 421/520/421 417/524/417 414/525/414
f 421/520/421 422/523/422 412/526/412 417/524/417
f 423/527/423 426/528/426 429/529/429 428/530/428
f 426/528/426 427/531/427 430/532/430 429/529/429
f 428/530/428 429/529/429 441/533/441 438/534/438
f 429/529/429 430/532/430 431/535/431 441/533/441
f 424/536/424 432/537/432 435/538/435 434/539/434
f 432/537/432 433/540/433 436/541/436 435/538/435
f 434/539/434 435/538/435 430/542/430 427/543/427
f 435/538/435 436/541/436 431/544/431 430/542/430
f 425/545/425 437/546/437 440/547/440 439/548/439
f 437/546/437 438/549/438 441/550/441 440/547/440
f 439/548/439 440/547/440 436/551/436 433/552/433
f 440/547/440 441/550/441 431/553/431 436/551/436
f 442/554/442 445/555/445 448/556/448 447/557/447
f 445/555/445 446/558/446 449/559/449 448/556/448
f 447/557/447 448/556/448 460/560/460 457/561/457
f 448/556/448 449/559/449 450/562/450 460/560/460
f 443/563/443 451/564/451 454/565/454 453/566/453
f 451/564/451 452/567/452 455/568/455 454/565/454
f 453/566/453 454/565/454 449/569/449 446/570/446
f 454/565/454 455/568/455 450/571/450 449/569/449
f 444/572/444 456/573/456 459/574/459 458/575/458
f 456/573/456 457/576/457 460/577/460 459/574/459
f 458/575/458 459/574/459 455/578/455 452/579/452
f 459/574/459 460/577/460 450/580/450 455/578/455
f 461/581/461 464/582/464 467/583/467 466/584/466
f 464/582/464 465/585/465 468/586/468 467/583/467
f 466/584/466 467/583/467 479/587/479 476/588/476
f 467/583/467 468/586/468 469/589/469 479/587/479
f 462/590/462 470/591/470 473/592/473 472/593/472
f 470/591/470 471/594/471 474/595/474 473/592/473
f 472/593/472 473/592/473 468/596/468 465/597/465
f 473/592/473 474/595/474 469/598/469 468/596/468
f 463/599/463 475/600/475 478/601/478 477/602/477
f 475/600/475 476/603/476 479/604/479 478/601/478
f 477/602/477 478/601/478 474/605/474 471/606/471
f 478/601/478 479/604/479 469/607/469 474/605/474
f 480/608/480 483/609/483 486/610/486 485/611/485
f 483/609/483 484/612/484 487/613/487 486/610/486
f 485/611/485 486/610/486 498/614/498 495/615/495
f 486/610/486 487/613/487 488/616/488 498/614/498
f 481/617/481 489/618/489 492/619/492 491/620/491
f 489/618/489 490/621/490 493/622/493 492/619/492
f 491/620/491 492/619/492 487/623/487 484/624/484
f 492/619/492 493/622/493 488/625/488 487/623/487
f 482/626/482 494/627/494 497/628/497 496/629/496
f 494/627/494 495/630/495 498/631/498 497/628/497
f 496/629/496 497/628/497 493/632/493 490/633/490
f 497/628/497 498/631/498 488/634/488 493/632/493
f 499/635/499 502/636/502 505/637/505 504/638/504
f 502/636/502 503/639/503 506/640/506 505/637/505
f 504/638/504 505/637/505 517/641/517 514/642/514
f 505/637/505 506/640/506 507/643/507 517/641/517
f 500/644/500 508/645/508 511/646/511 510/647/510
f 508/645/508 509/648/509 512/649/512 511/646/511
f 510/647/510 511/646/511 506/650/506 503/651/503
f 511/646/511 512/649/512 507/652/507 506/650/506
f 501/653/501 513/654/513 516/655/516 515/656/515
f 513/654/513 514/657/514 517/658/517 516/655/516
f 515/656/515 516/655/516 512/659/512 509/660/509
f 516/655/516 517/658/517 507/661/507 512/659/512
f 518/662/518 521/663/521 524/664/524 523/665/523
f 521/663/521 522/666/522 525/667/525 524/664/524
f 523/665/523 524/664/524 536/668/536 533/669/533
f 524/664/524 525/667/525 526/670/526 536/668/536
f 519/671/519 527/672/527 530/673/530 529/674/529
f 527/672/527 528/675/528 531/676/531 530/673/530
f 529/674/529 530/673/530 525/677/525 522/678/522
f 530/673/530 531/676/531 526/679/526 525/677/525
f 520/680/520 532/681/532 535/682/535 534/683/534
f 532/681/532 533/684/533 536/685/536 535/682/535
f 534/683/534 535/682/535 531/686/531 528/687/528
f 535/682/535 536/685/536 526/688/526 531/686/531
f 423/527/423 385/473/385 390/476/390 426/528/426
f 426/528/426 390/476/390 400/480/400 427/531/427
f 427/543/427 400/495/400 399/492/399 434/539/434
f 434/539/434 399/492/399 387/491/387 424/536/424
f 386/482/386 404/500/404 409/503/409 394/483/394
f 394/483/394 409/503/409 419/507/419 395/486/395
f 395/498/395 419/522/419 418/519/418 401/494/401
f 401/494/401 418/519/418 406/518/406 387/491/387
f 405/509/405 442/554/442 447/557/447 413/510/413
f 413/510/413 447/557/447 457/561/457 414/513/414
f 414/525/414 457/576/457 456/573/456 420/521/420
f 420/521/420 456/573/456 444/572/444 406/518/406
f 443/563/443 425/545/425 439/548/439 451/564/451
f 451/564/451 439/548/439 433/552/433 452/567/452
f 452/579/452 433/540/433 432/537/432 458/575/458
f 458/575/458 432/537/432 424/536/424 444/572/444
f 499/635/499 423/527/423 428/530/428 502/636/502
f 502/636/502 428/530/428 438/534/438 503/639/503
f 503/651/503 438/549/438 437/546/437 510/647/510
f 510/647/510 437/546/437 425/545/425 500/644/500
f 442/554/442 518/662/518 523/665/523 445/555/445
f 445/555/445 523/665/523 533/669/533 446/558/446
f 446/570/446 533/684/533 532/681/532 453/566/453
f 453/566/453 532/681/532 520/680/520 443/563/443
f 519/671/519 501/653/501 515/656/515 527/672/527
f 527/672/527 515/656/515 509/660/509 528/675/528
f 528/687/528 509/648/509 508/645/508 534/683/534
f 534/683/534 508/645/508 500/644/500 520/680/520
f 461/581/461 499/635/499 504/638/504 464/582/464
f 464/582/464 504/638/504 514/642/514 465/585/465
f 465/597/465 514/657/514 513/654/513 472/593/472
f 472/593/472 513/654/513 501/653/501 462/590/462
f 518/662/518 480/608/480 485/611/485 521/663/521
f 521/663/521 485/611/485 495/615/495 522/666/522
f 522/678/522 495/630/495 494/627/494 529/674/529
f 529/674/529 494/627/494 482/626/482 519/671/519
f 481/617/481 463/599/463 477/602/477 489/618/489
f 489/618/489 477/602/477 471/606/471 490/621/490
f 490/633/490 471/594/471 470/591/470 496/629/496
f 496/629/496 470/591/470 462/590/462 482/626/482
f 385/473/385 461/581/461 466/584/466 388/474/388
f 388/474/388 466/584/466 476/588/476 389/477/389
f 389/489/389 476/603/476 475/600/475 396/485/396
f 396/485/396 475/600/475 463/599/463 386/482/386
f 480/608/480 405/509/405 415/512/415 483/609/483
f 483/609/483 415/512/415 408/516/408 484/612/484
f 484/624/484 408/504/408 407/501/407 491/620/491
f 491/620/491 407/501/407 404/500/404 481/617/481
f 423/527/423 499/635/499 461/581/461 385/473/385
f 387/491/387 406/518/406 444/572/444 424/536/424
f 463/599/463 481/617/481 404/500/404 386/482/386
f 518/662/518 442/554/442 405/509/405 480/608/480
f 425/545/425 443/563/443 520/680/520 500/644/500
f 501/653/501 519/671/519 482/626/482 462/590/462
o Left_Leg
v -0.800000 0.000000 -0.200000
v -0.800000 0.200000 0.000000
v -1.000000 0.200000 -0.200000
v -0.800000 0.015224 -0.123463
v -0.800000 0.058579 -0.058579
v -0.876537 0.015224 -0.200000
v -0.878455 0.033598 -0.121545
v -0.874474 0.068749 -0.068749
v -0.915470 0.084530 -0.084530
v -0.876537 0.200000 -0.015224
v -0.941421 0.200000 -0.058579
v -0.800000 0.123463 -0.015224
v -0.878455 0.121545 -0.033598
v -0.931251 0.125526 -0.068749
v -0.984776 0.123463 -0.200000
v -0.941421 0.058579 -0.200000
v -0.984776 0.200000 -0.123463
v -0.966402 0.121545 -0.121545
v -0.931251 0.068749 -0.125526
v -0.800000 3.800000 0.000000
v -0.800000 4.000000 -0.200000
v -1.000000 3.800000 -0.200000
v -0.800000 3.876537 -0.015224
v -0.800000 3.941422 -0.058579
v -0.876537 3.800000 -0.015224
v -0.878455 3.878455 -0.033598
v -0.874474 3.931251 -0.068749
v -0.915470 3.915470 -0.084530
v -0.876537 3.984776 -0.200000
v -0.941421 3.941422 -0.200000
v -0.800000 3.984776 -0.123463
v -0.878455 3.966403 -0.121545
v -0.931251 3.931251 -0.125526
v -0.984776 3.800000 -0.123463
v -0.941421 3.800000 -0.058579
v -0.984776 3.876537 -0.200000
v -0.966402 3.878455 -0.121545
v -0.931251 3.874474 -0.068749
v -0.800000 0.000000 -1.800000
v -1.000000 0.200000 -1.800000
v -0.800000 0.200000 -2.000000
v -0.876537 0.015224 -1.800000
v -0.941421 0.058579 -1.800000
v -0.800000 0.015224 -1.876537
v -0.878455 0.033598 -1.878455
v -0.931251 0.068749 -1.874474
v -0.915470 0.084530 -1.915470
v -0.984776 0.200000 -1.876537
v -0.941421 0.200000 -1.941421
v -0.984776 0.123463 -1.800000
v -0.966402 0.121545 -1.878455
v -0.931251 0.125526 -1.931251
v -0.800000 0.123463 -1.984776
v -0.800000 0.058579 -1.941421
v -0.876537 0.200000 -1.984776
v -0.878455 0.121545 -1.966402
v -0.874474 0.068749 -1.931251
v -0.800000 4.000000 -1.800000
v -0.800000 3.800000 -2.000000
v -1.000000 3.800000 -1.800000
v -0.800000 3.984776 -1.876537
v -0.800000 3.941422 -1.941421
v -0.876537 3.984776 -1.800000
v -0.878455 3.966403 -1.878455
v -0.874474 3.931251 -1.931251
v -0.915470 3.915470 -1.915470
v -0.876537 3.800000 -1.984776
v -0.941421 3.800000 -1.941421
v -0.800000 3.876537 -1.984776
v -0.878455 3.878455 -1.966402
v -0.931251 3.874474 -1.931251
v -0.984776 3.876537 -1.800000
v -0.941421 3.941422 -1.800000
v -0.984776 3.800000 -1.876537
v -0.966402 3.878455 -1.878455
v -0.931251 3.931251 -1.874474
v 0.800000 0.000000 -0.200000
v 1.000000 0.200000 -0.200000
v 0.800000 0.200000 0.000000
v 0.876537 0.015224 -0.200000
v 0.941421 0.058579 -0.200000
v 0.800000 0.015224 -0.123463
v 0.878455 0.033598 -0.121545
v 0.931251 0.068749 -0.125526
v 0.915470 0.084530 -0.084530
v 0.984776 0.200000 -0.123463
v 0.941421 0.200000 -0.058579
v 0.984776 0.123463 -0.200000
v 0.966402 0.121545 -0.121545
v 0.931251 0.125526 -0.068749
v 0.800000 0.123463 -0.015224
v 0.800000 0.058579 -0.058579
v 0.876537 0.200000 -0.015224
v 0.878455 0.121545 -0.033598
v 0.874474 0.068749 -0.068749
v 0.800000 4.000000 -0.200000
v 0.800000 3.800000 0.000000
v 1.000000 3.800000 -0.200000
v 0.800000 3.984776 -0.123463
v 0.800000 3.941422 -0.058579
v 0.876537 3.984776 -0.200000
v 0.878455 3.966403 -0.121545
v 0.874474 3.931251 -0.068749
v 0.915470 3.915470 -0.084530
v 0.876537 3.800000 -0.015224
v 0.941421 3.800000 -0.058579
v 0.800000 3.876537 -0.015224
v 0.878455 3.878455 -0.033598
v 0.931251 3.874474 -0.068749
v 0.984776 3.876537 -0.200000
v 0.941421 3.941422 -0.200000
v 0.984776 3.800000 -0.123463
v 0.966402 3.878455 -0.121545
v 0.931251 3.931251 -0.125526
v 0.800000 0.000000 -1.800000
v 0.800000 0.200000 -2.000000
v 1.000000 0.200000 -1.800000
v 0.800000 0.015224 -1.876537
v 0.800000 0.058579 -1.941421
v 0.876537 0.015224 -1.800000
v 0.878455 0.033598 -1.878455
v 0.874474 0.068749 -1.931251
v 0.915470 0.084530 -1.915470
v 0.876537 0.200000 -1.984776
v 0.941421 0.200000 -1.941421
v 0.800000 0.123463 -1.984776
v 0.878455 0.121545 -1.966402
v 0.931251 0.125526 -1.931251
v 0.984776 0.123463 -1.800000
v 0.941421 0.058579 -1.800000
v 0.984776 0.200000 -1.876537
v 0.966402 0.121545 -1.878455
v 0.931251 0.068749 -1.874474
v 0.800000 4.000000 -1.800000
v 1.000000 3.800000 -1.800000
v 0.800000 3.800000 -2.000000
v 0.876537 3.984776 -1.800000
v 0.941421 3.941422 -1.800000
v 0.800000 3.984776 -1.876537
v 0.878455 3.966403 -1.878455
v 0.931251 3.931251 -1.874474
v 0.915470 3.915470 -1.915470
v 0.984776 3.800000 -1.876537
v 0.941421 3.800000 -1.941421
v 0.984776 3.876537 -1.800000
v 0.966402 3.878455 -1.878455
v 0.931251 3.874474 -1.931251
v 0.800000 3.876537 -1.984776
v 0.800000 3.941422 -1.941421
v 0.876537 3.800000 -1.984776
v 0.878455 3.878455 -1.966402
v 0.874474 3.931251 -1.931251
vn -0.1004 -0.9899 0.1004
vn -0.1004 -0.1004 0.9899
vn -0.9899 -0.1004 0.1004
vn -0.0981 -0.9201 0.3792
vn -0.0919 -0.7041 0.7041
vn -0.3792 -0.9201 0.0981
vn -0.3673 -0.8545 0.3673
vn -0.3347 -0.6663 0.6663
vn -0.5774 -0.5774 0.5774
vn -0.3792 -0.0981 0.9201
vn -0.7041 -0.0919 0.7041
vn -0.0981 -0.3792 0.9201
vn -0.3673 -0.3673 0.8545
vn -0.6663 -0.3347 0.6663
vn -0.9201 -0.3792 0.0981
vn -0.7041 -0.7041 0.0919
vn -0.9201 -0.0981 0.3792
vn -0.8545 -0.3673 0.3673
vn -0.6663 -0.6663 0.3347
vn -0.1004 0.1004 0.9899
vn -0.1004 0.9899 0.1004
vn -0.9899 0.1004 0.1004
vn -0.0981 0.3792 0.9201
vn -0.0919 0.7041 0.7041
vn -0.3792 0.0981 0.9201
vn -0.3673 0.3673 0.8545
vn -0.3347 0.6663 0.6663
vn -0.5774 0.5774 0.5774
vn -0.3792 0.9201 0.0981
vn -0.7041 0.7041 0.0919
vn -0.0981 0.9201 0.3792
vn -0.3673 0.8545 0.3673
vn -0.6663 0.6663 0.3347
vn -0.9201 0.0981 0.3792
vn -0.7041 0.0919 0.7041
vn -0.9201 0.3792 0.0981
vn -0.8545 0.3673 0.3673
vn -0.6663 0.3347 0.6663
vn -0.1004 -0.9899 -0.1004
vn -0.9899 -0.1004 -0.1004
vn -0.1004 -0.1004 -0.9899
vn -0.3792 -0.9201 -0.0981
vn -0.7041 -0.7041 -0.0919
vn -0.0981 -0.9201 -0.3792
vn -0.3673 -0.8545 -0.3673
vn -0.6663 -0.6663 -0.3347
vn -0.5774 -0.5774 -0.5774
vn -0.9201 -0.0981 -0.3792
vn -0.7041 -0.0919 -0.7041
vn -0.9201 -0.3792 -0.0981
vn -0.8545 -0.3673 -0.3673
vn -0.6663 -0.3347 -0.6663
vn -0.0981 -0.3792 -0.9201
vn -0.0919 -0.7041 -0.7041
vn -0.3792 -0.0981 -0.9201
vn -0.3673 -0.3673 -0.8545
vn -0.3347 -0.6663 -0.6663
vn -0.1004 0.9899 -0.1004
vn -0.1004 0.1004 -0.9899
vn -0.9899 0.1004 -0.1004
vn -0.0981 0.9201 -0.3792
vn -0.0919 0.7041 -0.7041
vn -0.3792 0.9201 -0.0981
vn -0.3673 0.8545 -0.3673
vn -0.3347 0.6663 -0.6663
vn -0.5773 0.5774 -0.5774
vn -0.3792 0.0981 -0.9201
vn -0.7041 0.0919 -0.7041
vn -0.0981 0.3792 -0.9201
vn -0.3673 0.3673 -0.8545
vn -0.6663 0.3347 -0.6663
vn -0.9201 0.3792 -0.0981
vn -0.7041 0.7041 -0.0919
vn -0.9201 0.0981 -0.3792
vn -0.8545 0.3673 -0.3673
vn -0.6663 0.6663 -0.3347
vn 0.1004 -0.9899 0.1004
vn 0.9899 -0.1004 0.1004
vn 0.1004 -0.1004 0.9899
vn 0.3792 -0.9201 0.0981
vn 0.7041 -0.7041 0.0919
vn 0.0981 -0.9201 0.3792
vn 0.3673 -0.8545 0.3673
vn 0.6663 -0.6663 0.3347
vn 0.5773 -0.5774 0.5774
vn 0.9201 -0.0981 0.3792
vn 0.7041 -0.0919 0.7041
vn 0.9201 -0.3792 0.0981
vn 0.8545 -0.3673 0.3673
vn 0.6663 -0.3347 0.6663
vn 0.0981 -0.3792 0.9201
vn 0.0919 -0.7041 0.7041
vn 0.3792 -0.0981 0.9201
vn 0.3673 -0.3673 0.8545
vn 0.3347 -0.6663 0.6663
vn 0.1004 0.9899 0.1004
vn 0.1004 0.1004 0.9899
vn 0.9899 0.1004 0.1004
vn 0.0981 0.9201 0.3792
vn 0.0919 0.7041 0.7041
vn 0.3792 0.9201 0.0981
vn 0.3673 0.8545 0.3673
vn 0.3347 0.6663 0.6663
vn 0.5773 0.5774 0.5774
vn 0.3792 0.0981 0.9201
vn 0.7041 0.0919 0.7041
vn 0.0981 0.3792 0.9201
vn 0.3673 0.3673 0.8545
vn 0.6663 0.3347 0.6663
vn 0.9201 0.3792 0.0981
vn 0.7041 0.7041 0.0919
vn 0.9201 0.0981 0.3792
vn 0.8545 0.3673 0.3673
vn 0.6663 0.6663 0.3347
vn 0.1004 -0.9899 -0.1004
vn 0.1004 -0.1004 -0.9899
vn 0.9899 -0.1004 -0.1004
vn 0.0981 -0.9201 -0.3792
vn 0.0919 -0.7041 -0.7041
vn 0.3792 -0.9201 -0.0981
vn 0.3673 -0.8545 -0.3673
vn 0.3347 -0.6663 -0.6663
vn 0.5774 -0.5774 -0.5774
vn 0.3792 -0.0981 -0.9201
vn 0.7041 -0.0919 -0.7041
vn 0.0981 -0.3792 -0.9201
vn 0.3673 -0.3673 -0.8545
vn 0.6663 -0.3347 -0.6663
vn 0.9201 -0.3792 -0.0981
vn 0.7041 -0.7041 -0.0919
vn 0.9201 -0.0981 -0.3792
vn 0.8545 -0.3673 -0.3673
vn 0.6663 -0.6663 -0.3347
vn 0.1004 0.9899 -0.1004
vn 0.9899 0.1004 -0.1004
vn 0.1004 0.1004 -0.9899
vn 0.3792 0.9201 -0.0981
vn 0.7041 0.7041 -0.0919
vn 0.0981 0.9201 -0.3792
vn 0.3673 0.8545 -0.3673
vn 0.6663 0.6663 -0.3347
vn 0.5773 0.5774 -0.5774
vn 0.9201 0.0981 -0.3792
vn 0.7041 0.0919 -0.7041
vn 0.9201 0.3792 -0.0981
vn 0.8545 0.3673 -0.3673
vn 0.6663 0.3347 -0.6663
vn 0.0981 0.3792 -0.9201
vn 0.0919 0.7041 -0.7041
vn 0.3792 0.0981 -0.9201
vn 0.3673 0.3673 -0.8545
vn 0.3347 0.6663 -0.6663
vt 0.089256 0.268885
vt 0.086954 0.268885
vt 0.086897 0.266525
vt 0.089256 0.266583
vt 0.083241 0.268885
vt 0.083241 0.266645
vt 0.087016 0.262870
vt 0.089256 0.262870
vt 0.083241 0.265412
vt 0.222098 0.336365
vt 0.219799 0.336365
vt 0.219741 0.334008
vt 0.222098 0.334065
vt 0.216090 0.336365
vt 0.216090 0.334127
vt 0.219861 0.330356
vt 0.222098 0.330356
vt 0.216090 0.332896
vt 0.137378 0.336285
vt 0.137378 0.333982
vt 0.139738 0.333925
vt 0.139680 0.336285
vt 0.137378 0.330268
vt 0.139618 0.330268
vt 0.143395 0.334044
vt 0.143395 0.336285
vt 0.140852 0.330268
vt 0.222098 0.444521
vt 0.222098 0.446820
vt 0.219741 0.446878
vt 0.219799 0.444521
vt 0.222098 0.450529
vt 0.219861 0.450529
vt 0.216090 0.446758
vt 0.216090 0.444521
vt 0.218629 0.450529
vt 0.022869 0.316984
vt 0.022869 0.319284
vt 0.020512 0.319342
vt 0.020569 0.316984
vt 0.022869 0.322994
vt 0.020631 0.322994
vt 0.016859 0.319222
vt 0.016859 0.316984
vt 0.019399 0.322994
vt 0.137378 0.444601
vt 0.139680 0.444601
vt 0.139738 0.446962
vt 0.137378 0.446904
vt 0.143395 0.444601
vt 0.143395 0.446842
vt 0.139618 0.450619
vt 0.137378 0.450619
vt 0.143395 0.448075
vt 0.137375 0.268885
vt 0.137375 0.266583
vt 0.139734 0.266525
vt 0.139676 0.268885
vt 0.137375 0.262870
vt 0.139614 0.262870
vt 0.143389 0.266645
vt 0.143389 0.268885
vt 0.140847 0.262870
vt 0.089237 0.336285
vt 0.086934 0.336285
vt 0.086877 0.333925
vt 0.089237 0.333982
vt 0.083220 0.336285
vt 0.083220 0.334044
vt 0.086996 0.330268
vt 0.089237 0.330268
vt 0.083220 0.332811
vt 0.203819 0.336285
vt 0.203819 0.333983
vt 0.206180 0.333925
vt 0.206122 0.336285
vt 0.203819 0.330268
vt 0.206060 0.330268
vt 0.209837 0.334045
vt 0.209837 0.336285
vt 0.207293 0.330268
vt 0.070950 0.316984
vt 0.073250 0.316984
vt 0.073307 0.319342
vt 0.070950 0.319284
vt 0.076960 0.316984
vt 0.076960 0.319222
vt 0.073188 0.322994
vt 0.070950 0.322994
vt 0.076960 0.320454
vt 0.203819 0.444601
vt 0.206122 0.444601
vt 0.206180 0.446962
vt 0.203819 0.446904
vt 0.209837 0.444601
vt 0.209837 0.446842
vt 0.206060 0.450619
vt 0.203819 0.450619
vt 0.209837 0.448075
vt 0.089237 0.444601
vt 0.089237 0.446904
vt 0.086877 0.446962
vt 0.086934 0.444601
vt 0.089237 0.450619
vt 0.086996 0.450619
vt 0.083220 0.446842
vt 0.083220 0.444601
vt 0.085763 0.450619
vt 0.089256 0.317003
vt 0.089256 0.319305
vt 0.086897 0.319363
vt 0.086954 0.317003
vt 0.089256 0.323018
vt 0.087016 0.323018
vt 0.083241 0.319243
vt 0.083241 0.317003
vt 0.085783 0.323018
vt 0.022886 0.336362
vt 0.020587 0.336362
vt 0.020529 0.334005
vt 0.022886 0.334062
vt 0.016877 0.336362
vt 0.016877 0.334124
vt 0.020649 0.330353
vt 0.022886 0.330353
vt 0.016877 0.332893
vt 0.270167 0.336365
vt 0.270167 0.334066
vt 0.272524 0.334008
vt 0.272467 0.336365
vt 0.270167 0.330356
vt 0.272405 0.330356
vt 0.276176 0.334127
vt 0.276176 0.336365
vt 0.273636 0.330356
vt 0.022869 0.268904
vt 0.020569 0.268904
vt 0.020512 0.266546
vt 0.022869 0.266604
vt 0.016859 0.268904
vt 0.016859 0.266666
vt 0.020631 0.262894
vt 0.022869 0.262894
vt 0.016859 0.265434
vt 0.270167 0.444521
vt 0.272467 0.444521
vt 0.272524 0.446878
vt 0.270167 0.446820
vt 0.276176 0.444521
vt 0.276176 0.446758
vt 0.272405 0.450529
vt 0.270167 0.450529
vt 0.276176 0.447990
vt 0.022886 0.444526
vt 0.022886 0.446825
vt 0.020529 0.446883
vt 0.020587 0.444526
vt 0.022886 0.450535
vt 0.020649 0.450535
vt 0.016877 0.446763
vt 0.016877 0.444526
vt 0.019417 0.450535
vt 0.137375 0.317003
vt 0.139676 0.317003
vt 0.139734 0.319363
vt 0.137375 0.319305
vt 0.143389 0.317003
vt 0.143389 0.319243
vt 0.139614 0.323018
vt 0.137375 0.323018
vt 0.143389 0.320476
vt 0.155679 0.336285
vt 0.153376 0.336285
vt 0.153318 0.333925
vt 0.155679 0.333983
vt 0.149661 0.336285
vt 0.149661 0.334045
vt 0.153438 0.330268
vt 0.155679 0.330268
vt 0.149661 0.332811
vt 0.070959 0.336362
vt 0.070959 0.334062
vt 0.073316 0.334005
vt 0.073259 0.336362
vt 0.070959 0.330353
vt 0.073197 0.330353
vt 0.076968 0.334124
vt 0.076968 0.336362
vt 0.074429 0.330353
vt 0.070950 0.268904
vt 0.070950 0.266604
vt 0.073307 0.266546
vt 0.073250 0.268904
vt 0.070950 0.262894
vt 0.073188 0.262894
vt 0.076960 0.266666
vt 0.076960 0.268904
vt 0.074420 0.262894
vt 0.070959 0.444526
vt 0.073259 0.444526
vt 0.073316 0.446883
vt 0.070959 0.446825
vt 0.076968 0.444526
vt 0.076968 0.446763
vt 0.073197 0.450535
vt 0.070959 0.450535
vt 0.076968 0.447995
vt 0.155679 0.444601
vt 0.155679 0.446904
vt 0.153318 0.446962
vt 0.153376 0.444601
vt 0.155679 0.450619
vt 0.153438 0.450619
vt 0.149661 0.446842
vt 0.149661 0.444601
vt 0.152205 0.450619
s 1
usemtl Avatar.009
f 537/689/537 540/690/540 543/691/543 542/692/542
f 540/690/540 541/693/541 544/694/544 543/691/543
f 542/692/542 543/691/543 555/695/555 552/696/552
f 543/691/543 544/694/544 545/697/545 555/695/555
f 538/698/538 546/699/546 549/700/549 548/701/548
f 546/699/546 547/702/547 550/703/550 549/700/549
f 548/701/548 549/700/549 544/704/544 541/705/541
f 549/700/549 550/703/550 545/706/545 544/704/544
f 539/707/539 551/708/551 554/709/554 553/710/553
f 551/708/551 552/711/552 555/712/555 554/709/554
f 553/710/553 554/709/554 550/713/550 547/714/547
f 554/709/554 555/712/555 545/715/545 550/713/550
f 556/716/556 559/717/559 562/718/562 561/719/561
f 559/717/559 560/720/560 563/721/563 562/718/562
f 561/719/561 562/718/562 574/722/574 571/723/571
f 562/718/562 563/721/563 564/724/564 574/722/574
f 557/725/557 565/726/565 568/727/568 567/728/567
f 565/726/565 566/729/566 569/730/569 568/727/568
f 567/728/567 568/727/568 563/731/563 560/732/560
f 568/727/568 569/730/569 564/733/564 563/731/563
f 558/734/558 570/735/570 573/736/573 572/737/572
f 570/735/570 571/738/571 574/739/574 573/736/573
f 572/737/572 573/736/573 569/740/569 566/741/566
f 573/736/573 574/739/574 564/742/564 569/740/569
f 575/743/575 578/744/578 581/745/581 580/746/580
f 578/744/578 579/747/579 582/748/582 581/745/581
f 580/746/580 581/745/581 593/749/593 590/750/590
f 581/745/581 582/748/582 583/751/583 593/749/593
f 576/752/576 584/753/584 587/754/587 586/755/586
f 584/753/584 585/756/585 588/757/588 587/754/587
f 586/755/586 587/754/587 582/758/582 579/759/579
f 587/754/587 588/757/588 583/760/583 582/758/582
f 577/761/577 589/762/589 592/763/592 591/764/591
f 589/762/589 590/765/590 593/766/593 592/763/592
f 591/764/591 592/763/592 588/767/588 585/768/585
f 592/763/592 593/766/593 583/769/583 588/767/588
f 594/770/594 597/771/597 600/772/600 599/773/599
f 597/771/597 598/774/598 601/775/601 600/772/600
f 599/773/599 600/772/600 612/776/612 609/777/609
f 600/772/600 601/775/601 602/778/602 612/776/612
f 595/779/595 603/780/603 606/781/606 605/782/605
f 603/780/603 604/783/604 607/784/607 606/781/606
f 605/782/605 606/781/606 601/785/601 598/786/598
f 606/781/606 607/784/607 602/787/602 601/785/601
f 596/788/596 608/789/608 611/790/611 610/791/610
f 608/789/608 609/792/609 612/793/612 611/790/611
f 610/791/610 611/790/611 607/794/607 604/795/604
f 611/790/611 612/793/612 602/796/602 607/794/607
f 613/797/613 616/798/616 619/799/619 618/800/618
f 616/798/616 617/801/617 620/802/620 619/799/619
f 618/800/618 619/799/619 631/803/631 628/804/628
f 619/799/619 620/802/620 621/805/621 631/803/631
f 614/806/614 622/807/622 625/808/625 624/809/624
f 622/807/622 623/810/623 626/811/626 625/808/625
f 624/809/624 625/808/625 620/812/620 617/813/617
f 625/808/625 626/811/626 621/814/621 620/812/620
f 615/815/615 627/816/627 630/817/630 629/818/629
f 627/816/627 628/819/628 631/820/631 630/817/630
f 629/818/629 630/817/630 626/821/626 623/822/623
f 630/817/630 631/820/631 621/823/621 626/821/626
f 632/824/632 635/825/635 638/826/638 637/827/637
f 635/825/635 636/828/636 639/829/639 638/826/638
f 637/827/637 638/826/638 650/830/650 647/831/647
f 638/826/638 639/829/639 640/832/640 650/830/650
f 633/833/633 641/834/641 644/835/644 643/836/643
f 641/834/641 642/837/642 645/838/645 644/835/644
f 643/836/643 644/835/644 639/839/639 636/840/636
f 644/835/644 645/838/645 640/841/640 639/839/639
f 634/842/634 646/843/646 649/844/649 648/845/648
f 646/843/646 647/846/647 650/847/650 649/844/649
f 648/845/648 649/844/649 645/848/645 642/849/642
f 649/844/649 650/847/650 640/850/640 645/848/645
f 651/851/651 654/852/654 657/853/657 656/854/656
f 654/852/654 655/855/655 658/856/658 657/853/657
f 656/854/656 657/853/657 669/857/669 666/858/666
f 657/853/657 658/856/658 659/859/659 669/857/669
f 652/860/652 660/861/660 663/862/663 662/863/662
f 660/861/660 661/864/661 664/865/664 663/862/663
f 662/863/662 663/862/663 658/866/658 655/867/655
f 663/862/663 664/865/664 659/868/659 658/866/658
f 653/869/653 665/870/665 668/871/668 667/872/667
f 665/870/665 666/873/666 669/874/669 668/871/668
f 667/872/667 668/871/668 664/875/664 661/876/661
f 668/871/668 669/874/669 659/877/659 664/875/664
f 670/878/670 673/879/673 676/880/676 675/881/675
f 673/879/673 674/882/674 677/883/677 676/880/676
f 675/881/675 676/880/676 688/884/688 685/885/685
f 676/880/676 677/883/677 678/886/678 688/884/688
f 671/887/671 679/888/679 682/889/682 681/890/681
f 679/888/679 680/891/680 683/892/683 682/889/682
f 681/890/681 682/889/682 677/893/677 674/894/674
f 682/889/682 683/892/683 678/895/678 677/893/677
f 672/896/672 684/897/684 687/898/687 686/899/686
f 684/897/684 685/900/685 688/901/688 687/898/687
f 686/899/686 687/898/687 683/902/683 680/903/680
f 687/898/687 688/901/688 678/904/678 683/902/683
f 575/743/575 537/689/537 542/692/542 578/744/578
f 578/744/578 542/692/542 552/696/552 579/747/579
f 579/759/579 552/711/552 551/708/551 586/755/586
f 586/755/586 551/708/551 539/707/539 576/752/576
f 538/698/538 556/716/556 561/719/561 546/699/546
f 546/699/546 561/719/561 571/723/571 547/702/547
f 547/714/547 571/738/571 570/735/570 553/710/553
f 553/710/553 570/735/570 558/734/558 539/707/539
f 557/725/557 594/770/594 599/773/599 565/726/565
f 565/726/565 599/773/599 609/777/609 566/729/566
f 566/741/566 609/792/609 608/789/608 572/737/572
f 572/737/572 608/789/608 596/788/596 558/734/558
f 595/779/595 577/761/577 591/764/591 603/780/603
f 603/780/603 591/764/591 585/768/585 604/783/604
f 604/795/604 585/756/585 584/753/584 610/791/610
f 610/791/610 584/753/584 576/752/576 596/788/596
f 651/851/651 575/743/575 580/746/580 654/852/654
f 654/852/654 580/746/580 590/750/590 655/855/655
f 655/867/655 590/765/590 589/762/589 662/863/662
f 662/863/662 589/762/589 577/761/577 652/860/652
f 594/770/594 670/878/670 675/881/675 597/771/597
f 597/771/597 675/881/675 685/885/685 598/774/598
f 598/786/598 685/900/685 684/897/684 605/782/605
f 605/782/605 684/897/684 672/896/672 595/779/595
f 671/887/671 653/869/653 667/872/667 679/888/679
f 679/888/679 667/872/667 661/876/661 680/891/680
f 680/903/680 661/864/661 660/861/660 686/899/686
f 686/899/686 660/861/660 652/860/652 672/896/672
f 613/797/613 651/851/651 656/854/656 616/798/616
f 616/798/616 656/854/656 666/858/666 617/801/617
f 617/813/617 666/873/666 665/870/665 624/809/624
f 624/809/624 665/870/665 653/869/653 614/806/614
f 670/878/670 632/824/632 637/827/637 673/879/673
f 673/879/673 637/827/637 647/831/647 674/882/674
f 674/894/674 647/846/647 646/843/646 681/890/681
f 681/890/681 646/843/646 634/842/634 671/887/671
f 633/833/633 615/815/615 629/818/629 641/834/641
f 641/834/641 629/818/629 623/822/623 642/837/642
f 642/849/642 623/810/623 622/807/622 648/845/648
f 648/845/648 622/807/622 614/806/614 634/842/634
f 537/689/537 613/797/613 618/800/618 540/690/540
f 540/690/540 618/800/618 628/804/628 541/693/541
f 541/705/541 628/819/628 627/816/627 548/701/548
f 548/701/548 627/816/627 615/815/615 538/698/538
f 632/824/632 557/725/557 567/728/567 635/825/635
f 635/825/635 567/728/567 560/732/560 636/828/636
f 636/840/636 560/720/560 559/717/559 643/836/643
f 643/836/643 559/717/559 556/716/556 633/833/633
f 575/743/575 651/851/651 613/797/613 537/689/537
f 539/707/539 558/734/558 596/788/596 576/752/576
f 615/815/615 633/833/633 556/716/556 538/698/538
f 670/878/670 594/770/594 557/725/557 632/824/632
f 577/761/577 595/779/595 672/896/672 652/860/652
f 653/869/653 671/887/671 634/842/634 614/806/614
o Left_Arm
v -0.800000 4.000000 -2.200000
v -0.800000 4.200000 -2.000000
v -1.000000 4.200000 -2.200000
v -0.800000 4.015224 -2.123463
v -0.800000 4.058578 -2.058578
v -0.876537 4.015224 -2.200000
v -0.878455 4.033598 -2.121545
v -0.874474 4.068749 -2.068749
v -0.915470 4.084530 -2.084530
v -0.876537 4.200000 -2.015224
v -0.941421 4.200000 -2.058578
v -0.800000 4.123463 -2.015224
v -0.878455 4.121545 -2.033597
v -0.931251 4.125526 -2.068749
v -0.984776 4.123463 -2.200000
v -0.941421 4.058578 -2.200000
v -0.984776 4.200000 -2.123463
v -0.966402 4.121545 -2.121545
v -0.931251 4.068749 -2.125526
v -0.800000 7.800000 -2.000000
v -0.800000 8.000000 -2.200000
v -1.000000 7.800000 -2.200000
v -0.800000 7.876537 -2.015224
v -0.800000 7.941422 -2.058578
v -0.876537 7.800000 -2.015224
v -0.878455 7.878455 -2.033597
v -0.874474 7.931251 -2.068749
v -0.915470 7.915470 -2.084530
v -0.876537 7.984776 -2.200000
v -0.941421 7.941422 -2.200000
v -0.800000 7.984776 -2.123463
v -0.878455 7.966402 -2.121545
v -0.931251 7.931251 -2.125526
v -0.984776 7.800000 -2.123463
v -0.941421 7.800000 -2.058578
v -0.984776 7.876537 -2.200000
v -0.966402 7.878455 -2.121545
v -0.931251 7.874474 -2.068749
v -0.800000 4.000000 -3.800000
v -1.000000 4.200000 -3.800000
v -0.800000 4.200000 -4.000000
v -0.876537 4.015224 -3.800000
v -0.941421 4.058578 -3.800000
v -0.800000 4.015224 -3.876537
v -0.878455 4.033598 -3.878455
v -0.931251 4.068749 -3.874474
v -0.915470 4.084530 -3.915470
v -0.984776 4.200000 -3.876537
v -0.941421 4.200000 -3.941422
v -0.984776 4.123463 -3.800000
v -0.966402 4.121545 -3.878455
v -0.931251 4.125526 -3.931251
v -0.800000 4.123463 -3.984776
v -0.800000 4.058578 -3.941422
v -0.876537 4.200000 -3.984776
v -0.878455 4.121545 -3.966403
v -0.874474 4.068749 -3.931251
v -0.800000 8.000000 -3.800000
v -0.800000 7.800000 -4.000000
v -1.000000 7.800000 -3.800000
v -0.800000 7.984776 -3.876537
v -0.800000 7.941422 -3.941422
v -0.876537 7.984776 -3.800000
v -0.878455 7.966402 -3.878455
v -0.874474 7.931251 -3.931251
v -0.915470 7.915470 -3.915470
v -0.876537 7.800000 -3.984776
v -0.941421 7.800000 -3.941422
v -0.800000 7.876537 -3.984776
v -0.878455 7.878455 -3.966403
v -0.931251 7.874474 -3.931251
v -0.984776 7.876537 -3.800000
v -0.941421 7.941422 -3.800000
v -0.984776 7.800000 -3.876537
v -0.966402 7.878455 -3.878455
v -0.931251 7.931251 -3.874474
v 0.800000 4.000000 -2.200000
v 1.000000 4.200000 -2.200000
v 0.800000 4.200000 -2.000000
v 0.876537 4.015224 -2.200000
v 0.941421 4.058578 -2.200000
v 0.800000 4.015224 -2.123463
v 0.878455 4.033598 -2.121545
v 0.931251 4.068749 -2.125526
v 0.915470 4.084530 -2.084530
v 0.984776 4.200000 -2.123463
v 0.941421 4.200000 -2.058579
v 0.984776 4.123463 -2.200000
v 0.966402 4.121545 -2.121545
v 0.931251 4.125526 -2.068749
v 0.800000 4.123463 -2.015224
v 0.800000 4.058578 -2.058579
v 0.876537 4.200000 -2.015224
v 0.878455 4.121545 -2.033598
v 0.874474 4.068749 -2.068749
v 0.800000 8.000000 -2.200000
v 0.800000 7.800000 -2.000000
v 1.000000 7.800000 -2.200000
v 0.800000 7.984776 -2.123463
v 0.800000 7.941422 -2.058578
v 0.876537 7.984776 -2.200000
v 0.878455 7.966402 -2.121545
v 0.874474 7.931251 -2.068749
v 0.915470 7.915470 -2.084530
v 0.876537 7.800000 -2.015224
v 0.941421 7.800000 -2.058578
v 0.800000 7.876537 -2.015224
v 0.878455 7.878455 -2.033597
v 0.931251 7.874474 -2.068749
v 0.984776 7.876537 -2.200000
v 0.941421 7.941422 -2.200000
v 0.984776 7.800000 -2.123463
v 0.966402 7.878455 -2.121545
v 0.931251 7.931251 -2.125526
v 0.800000 4.000000 -3.800000
v 0.800000 4.200000 -4.000000
v 1.000000 4.200000 -3.800000
v 0.800000 4.015224 -3.876537
v 0.800000 4.058578 -3.941422
v 0.876537 4.015224 -3.800000
v 0.878455 4.033598 -3.878455
v 0.874474 4.068749 -3.931251
v 0.915470 4.084530 -3.915470
v 0.876537 4.200000 -3.984776
v 0.941421 4.200000 -3.941422
v 0.800000 4.123463 -3.984776
v 0.878455 4.121545 -3.966403
v 0.931251 4.125526 -3.931251
v 0.984776 4.123463 -3.800000
v 0.941421 4.058578 -3.800000
v 0.984776 4.200000 -3.876537
v 0.966402 4.121545 -3.878455
v 0.931251 4.068749 -3.874474
v 0.800000 8.000000 -3.800000
v 1.000000 7.800000 -3.800000
v 0.800000 7.800000 -4.000000
v 0.876537 7.984776 -3.800000
v 0.941421 7.941422 -3.800000
v 0.800000 7.984776 -3.876537
v 0.878455 7.966402 -3.878455
v 0.931251 7.931251 -3.874474
v 0.915470 7.915470 -3.915470
v 0.984776 7.800000 -3.876537
v 0.941421 7.800000 -3.941422
v 0.984776 7.876537 -3.800000
v 0.966402 7.878455 -3.878455
v 0.931251 7.874474 -3.931251
v 0.800000 7.876537 -3.984776
v 0.800000 7.941422 -3.941422
v 0.876537 7.800000 -3.984776
v 0.878455 7.878455 -3.966403
v 0.874474 7.931251 -3.931251
vn -0.1004 -0.9899 0.1004
vn -0.1004 -0.1004 0.9899
vn -0.9899 -0.1004 0.1004
vn -0.0981 -0.9201 0.3792
vn -0.0919 -0.7041 0.7041
vn -0.3792 -0.9201 0.0981
vn -0.3673 -0.8545 0.3673
vn -0.3347 -0.6663 0.6663
vn -0.5774 -0.5773 0.5773
vn -0.3792 -0.0981 0.9201
vn -0.7041 -0.0919 0.7041
vn -0.0981 -0.3792 0.9201
vn -0.3673 -0.3673 0.8545
vn -0.6663 -0.3347 0.6663
vn -0.9201 -0.3792 0.0981
vn -0.7041 -0.7041 0.0919
vn -0.9201 -0.0981 0.3792
vn -0.8545 -0.3673 0.3673
vn -0.6663 -0.6663 0.3347
vn -0.1004 0.1004 0.9899
vn -0.1004 0.9899 0.1004
vn -0.9899 0.1004 0.1004
vn -0.0981 0.3792 0.9201
vn -0.0919 0.7041 0.7041
vn -0.3792 0.0981 0.9201
vn -0.3673 0.3673 0.8545
vn -0.3347 0.6663 0.6663
vn -0.5774 0.5773 0.5773
vn -0.3792 0.9201 0.0981
vn -0.7041 0.7041 0.0919
vn -0.0981 0.9201 0.3792
vn -0.3673 0.8545 0.3673
vn -0.6663 0.6663 0.3347
vn -0.9201 0.0981 0.3792
vn -0.7041 0.0919 0.7041
vn -0.9201 0.3792 0.0981
vn -0.8545 0.3673 0.3673
vn -0.6663 0.3347 0.6663
vn -0.1004 -0.9899 -0.1004
vn -0.9899 -0.1004 -0.1004
vn -0.1004 -0.1004 -0.9899
vn -0.3792 -0.9201 -0.0981
vn -0.7041 -0.7041 -0.0919
vn -0.0981 -0.9201 -0.3792
vn -0.3673 -0.8545 -0.3673
vn -0.6663 -0.6663 -0.3347
vn -0.5774 -0.5773 -0.5773
vn -0.9201 -0.0981 -0.3792
vn -0.7041 -0.0919 -0.7041
vn -0.9201 -0.3792 -0.0981
vn -0.8545 -0.3673 -0.3673
vn -0.6663 -0.3347 -0.6663
vn -0.0981 -0.3792 -0.9201
vn -0.0919 -0.7041 -0.7041
vn -0.3792 -0.0981 -0.9201
vn -0.3673 -0.3673 -0.8545
vn -0.3347 -0.6663 -0.6663
vn -0.1004 0.9899 -0.1004
vn -0.1004 0.1004 -0.9899
vn -0.9899 0.1004 -0.1004
vn -0.0981 0.9201 -0.3792
vn -0.0919 0.7041 -0.7041
vn -0.3792 0.9201 -0.0981
vn -0.3673 0.8545 -0.3673
vn -0.3347 0.6663 -0.6663
vn -0.5774 0.5774 -0.5773
vn -0.3792 0.0981 -0.9201
vn -0.7041 0.0919 -0.7041
vn -0.0981 0.3792 -0.9201
vn -0.3673 0.3673 -0.8545
vn -0.6663 0.3347 -0.6663
vn -0.9201 0.3792 -0.0981
vn -0.7041 0.7041 -0.0919
vn -0.9201 0.0981 -0.3792
vn -0.8545 0.3673 -0.3673
vn -0.6663 0.6663 -0.3347
vn 0.1004 -0.9899 0.1004
vn 0.9899 -0.1004 0.1004
vn 0.1004 -0.1004 0.9899
vn 0.3792 -0.9201 0.0981
vn 0.7041 -0.7041 0.0919
vn 0.0981 -0.9201 0.3792
vn 0.3673 -0.8545 0.3673
vn 0.6663 -0.6663 0.3347
vn 0.5774 -0.5773 0.5773
vn 0.9201 -0.0981 0.3792
vn 0.7041 -0.0919 0.7041
vn 0.9201 -0.3792 0.0981
vn 0.8545 -0.3673 0.3673
vn 0.6663 -0.3347 0.6663
vn 0.0981 -0.3792 0.9201
vn 0.0919 -0.7041 0.7041
vn 0.3792 -0.0981 0.9201
vn 0.3673 -0.3673 0.8545
vn 0.3347 -0.6663 0.6663
vn 0.1004 0.9899 0.1004
vn 0.1004 0.1004 0.9899
vn 0.9899 0.1004 0.1004
vn 0.0981 0.9201 0.3792
vn 0.0919 0.7041 0.7041
vn 0.3792 0.9201 0.0981
vn 0.3673 0.8545 0.3673
vn 0.3347 0.6663 0.6663
vn 0.5774 0.5773 0.5774
vn 0.3792 0.0981 0.9201
vn 0.7041 0.0919 0.7041
vn 0.0981 0.3792 0.9201
vn 0.3673 0.3673 0.8545
vn 0.6663 0.3347 0.6663
vn 0.9201 0.3792 0.0981
vn 0.7041 0.7041 0.0919
vn 0.9201 0.0981 0.3792
vn 0.8545 0.3673 0.3673
vn 0.6663 0.6663 0.3347
vn 0.1004 -0.9899 -0.1004
vn 0.1004 -0.1004 -0.9899
vn 0.9899 -0.1004 -0.1004
vn 0.0981 -0.9201 -0.3792
vn 0.0919 -0.7041 -0.7041
vn 0.3792 -0.9201 -0.0981
vn 0.3673 -0.8545 -0.3673
vn 0.3347 -0.6663 -0.6663
vn 0.5774 -0.5773 -0.5773
vn 0.3792 -0.0981 -0.9201
vn 0.7041 -0.0919 -0.7041
vn 0.0981 -0.3792 -0.9201
vn 0.3673 -0.3673 -0.8545
vn 0.6663 -0.3347 -0.6663
vn 0.9201 -0.3792 -0.0981
vn 0.7041 -0.7041 -0.0919
vn 0.9201 -0.0981 -0.3792
vn 0.8545 -0.3673 -0.3673
vn 0.6663 -0.6663 -0.3347
vn 0.1004 0.9899 -0.1004
vn 0.9899 0.1004 -0.1004
vn 0.1004 0.1004 -0.9899
vn 0.3792 0.9201 -0.0981
vn 0.7041 0.7041 -0.0919
vn 0.0981 0.9201 -0.3792
vn 0.3673 0.8545 -0.3673
vn 0.6663 0.6663 -0.3347
vn 0.5774 0.5773 -0.5774
vn 0.9201 0.0981 -0.3792
vn 0.7041 0.0919 -0.7041
vn 0.9201 0.3792 -0.0981
vn 0.8545 0.3673 -0.3673
vn 0.6663 0.3347 -0.6663
vn 0.0981 0.3792 -0.9201
vn 0.0919 0.7041 -0.7041
vn 0.3792 0.0981 -0.9201
vn 0.3673 0.3673 -0.8545
vn 0.3347 0.6663 -0.6663
vt 0.089256 0.483747
vt 0.086954 0.483747
vt 0.086897 0.481387
vt 0.089256 0.481445
vt 0.083241 0.483747
vt 0.083241 0.481507
vt 0.087016 0.477732
vt 0.089256 0.477732
vt 0.083241 0.480274
vt 0.222098 0.551227
vt 0.219799 0.551227
vt 0.219741 0.548870
vt 0.222098 0.548928
vt 0.216090 0.551227
vt 0.216090 0.548990
vt 0.219861 0.545218
vt 0.222098 0.545218
vt 0.216090 0.547758
vt 0.137378 0.551147
vt 0.137378 0.548844
vt 0.139738 0.548787
vt 0.139680 0.551147
vt 0.137378 0.545130
vt 0.139618 0.545130
vt 0.143395 0.548906
vt 0.143395 0.551147
vt 0.140852 0.545130
vt 0.222098 0.659383
vt 0.222098 0.661682
vt 0.219741 0.661740
vt 0.219799 0.659383
vt 0.222098 0.665392
vt 0.219861 0.665392
vt 0.216090 0.661620
vt 0.216090 0.659383
vt 0.218629 0.665392
vt 0.022869 0.531846
vt 0.022869 0.534146
vt 0.020512 0.534204
vt 0.020569 0.531846
vt 0.022869 0.537856
vt 0.020631 0.537856
vt 0.016859 0.534084
vt 0.016859 0.531846
vt 0.019399 0.537856
vt 0.137378 0.659463
vt 0.139680 0.659463
vt 0.139738 0.661824
vt 0.137378 0.661766
vt 0.143395 0.659463
vt 0.143395 0.661704
vt 0.139618 0.665481
vt 0.137378 0.665481
vt 0.143395 0.662938
vt 0.137375 0.483747
vt 0.137375 0.481445
vt 0.139734 0.481387
vt 0.139676 0.483747
vt 0.137375 0.477732
vt 0.139614 0.477732
vt 0.143389 0.481507
vt 0.143389 0.483747
vt 0.140847 0.477732
vt 0.089237 0.551147
vt 0.086934 0.551147
vt 0.086877 0.548787
vt 0.089237 0.548844
vt 0.083220 0.551147
vt 0.083220 0.548906
vt 0.086996 0.545130
vt 0.089237 0.545130
vt 0.083220 0.547673
vt 0.203819 0.551148
vt 0.203819 0.548845
vt 0.206180 0.548787
vt 0.206122 0.551148
vt 0.203819 0.545130
vt 0.206060 0.545130
vt 0.209837 0.548907
vt 0.209837 0.551148
vt 0.207293 0.545130
vt 0.070950 0.531846
vt 0.073250 0.531846
vt 0.073307 0.534204
vt 0.070950 0.534146
vt 0.076960 0.531846
vt 0.076960 0.534084
vt 0.073188 0.537856
vt 0.070950 0.537856
vt 0.076960 0.535316
vt 0.203819 0.659463
vt 0.206122 0.659463
vt 0.206180 0.661824
vt 0.203819 0.661766
vt 0.209837 0.659463
vt 0.209837 0.661704
vt 0.206060 0.665481
vt 0.203819 0.665481
vt 0.209837 0.662937
vt 0.089237 0.659463
vt 0.089237 0.661766
vt 0.086877 0.661824
vt 0.086934 0.659463
vt 0.089237 0.665481
vt 0.086996 0.665481
vt 0.083220 0.661704
vt 0.083220 0.659463
vt 0.085763 0.665481
vt 0.089256 0.531865
vt 0.089256 0.534167
vt 0.086897 0.534225
vt 0.086954 0.531865
vt 0.089256 0.537880
vt 0.087016 0.537880
vt 0.083241 0.534105
vt 0.083241 0.531865
vt 0.085783 0.537880
vt 0.022886 0.551224
vt 0.020587 0.551224
vt 0.020529 0.548867
vt 0.022886 0.548924
vt 0.016877 0.551224
vt 0.016877 0.548986
vt 0.020649 0.545215
vt 0.022886 0.545215
vt 0.016877 0.547755
vt 0.270167 0.551227
vt 0.270167 0.548928
vt 0.272524 0.548870
vt 0.272467 0.551227
vt 0.270167 0.545218
vt 0.272405 0.545218
vt 0.276176 0.548990
vt 0.276176 0.551227
vt 0.273636 0.545218
vt 0.022869 0.483766
vt 0.020569 0.483766
vt 0.020512 0.481408
vt 0.022869 0.481466
vt 0.016859 0.483766
vt 0.016859 0.481528
vt 0.020631 0.477756
vt 0.022869 0.477756
vt 0.016859 0.480296
vt 0.270167 0.659383
vt 0.272467 0.659383
vt 0.272524 0.661740
vt 0.270167 0.661682
vt 0.276176 0.659383
vt 0.276176 0.661620
vt 0.272405 0.665392
vt 0.270167 0.665392
vt 0.276176 0.662852
vt 0.022886 0.659388
vt 0.022886 0.661687
vt 0.020529 0.661745
vt 0.020587 0.659388
vt 0.022886 0.665397
vt 0.020649 0.665397
vt 0.016877 0.661625
vt 0.016877 0.659388
vt 0.019417 0.665397
vt 0.137375 0.531865
vt 0.139676 0.531865
vt 0.139734 0.534225
vt 0.137375 0.534167
vt 0.143389 0.531865
vt 0.143389 0.534105
vt 0.139614 0.537880
vt 0.137375 0.537880
vt 0.143389 0.535338
vt 0.155679 0.551148
vt 0.153376 0.551148
vt 0.153318 0.548787
vt 0.155679 0.548845
vt 0.149661 0.551148
vt 0.149661 0.548907
vt 0.153438 0.545130
vt 0.155679 0.545130
vt 0.149661 0.547673
vt 0.070959 0.551224
vt 0.070959 0.548924
vt 0.073316 0.548867
vt 0.073259 0.551224
vt 0.070959 0.545215
vt 0.073197 0.545215
vt 0.076968 0.548986
vt 0.076968 0.551224
vt 0.074429 0.545215
vt 0.070950 0.483766
vt 0.070950 0.481466
vt 0.073307 0.481408
vt 0.073250 0.483766
vt 0.070950 0.477756
vt 0.073188 0.477756
vt 0.076960 0.481528
vt 0.076960 0.483766
vt 0.074420 0.477756
vt 0.070959 0.659388
vt 0.073259 0.659388
vt 0.073316 0.661745
vt 0.070959 0.661687
vt 0.076968 0.659388
vt 0.076968 0.661625
vt 0.073197 0.665397
vt 0.070959 0.665397
vt 0.076968 0.662857
vt 0.155679 0.659463
vt 0.155679 0.661766
vt 0.153318 0.661824
vt 0.153376 0.659463
vt 0.155679 0.665481
vt 0.153438 0.665481
vt 0.149661 0.661704
vt 0.149661 0.659463
vt 0.152205 0.665481
s 1
usemtl Avatar.010
f 689/905/689 692/906/692 695/907/695 694/908/694
f 692/906/692 693/909/693 696/910/696 695/907/695
f 694/908/694 695/907/695 707/911/707 704/912/704
f 695/907/695 696/910/696 697/913/697 707/911/707
f 690/914/690 698/915/698 701/916/701 700/917/700
f 698/915/698 699/918/699 702/919/702 701/916/701
f 700/917/700 701/916/701 696/920/696 693/921/693
f 701/916/701 702/919/702 697/922/697 696/920/696
f 691/923/691 703/924/703 706/925/706 705/926/705
f 703/924/703 704/927/704 707/928/707 706/925/706
f 705/926/705 706/925/706 702/929/702 699/930/699
f 706/925/706 707/928/707 697/931/697 702/929/702
f 708/932/708 711/933/711 714/934/714 713/935/713
f 711/933/711 712/936/712 715/937/715 714/934/714
f 713/935/713 714/934/714 726/938/726 723/939/723
f 714/934/714 715/937/715 716/940/716 726/938/726
f 709/941/709 717/942/717 720/943/720 719/944/719
f 717/942/717 718/945/718 721/946/721 720/943/720
f 719/944/719 720/943/720 715/947/715 712/948/712
f 720/943/720 721/946/721 716/949/716 715/947/715
f 710/950/710 722/951/722 725/952/725 724/953/724
f 722/951/722 723/954/723 726/955/726 725/952/725
f 724/953/724 725/952/725 721/956/721 718/957/718
f 725/952/725 726/955/726 716/958/716 721/956/721
f 727/959/727 730/960/730 733/961/733 732/962/732
f 730/960/730 731/963/731 734/964/734 733/961/733
f 732/962/732 733/961/733 745/965/745 742/966/742
f 733/961/733 734/964/734 735/967/735 745/965/745
f 728/968/728 736/969/736 739/970/739 738/971/738
f 736/969/736 737/972/737 740/973/740 739/970/739
f 738/971/738 739/970/739 734/974/734 731/975/731
f 739/970/739 740/973/740 735/976/735 734/974/734
f 729/977/729 741/978/741 744/979/744 743/980/743
f 741/978/741 742/981/742 745/982/745 744/979/744
f 743/980/743 744/979/744 740/983/740 737/984/737
f 744/979/744 745/982/745 735/985/735 740/983/740
f 746/986/746 749/987/749 752/988/752 751/989/751
f 749/987/749 750/990/750 753/991/753 752/988/752
f 751/989/751 752/988/752 764/992/764 761/993/761
f 752/988/752 753/991/753 754/994/754 764/992/764
f 747/995/747 755/996/755 758/997/758 757/998/757
f 755/996/755 756/999/756 759/1000/759 758/997/758
f 757/998/757 758/997/758 753/1001/753 750/1002/750
f 758/997/758 759/1000/759 754/1003/754 753/1001/753
f 748/1004/748 760/1005/760 763/1006/763 762/1007/762
f 760/1005/760 761/1008/761 764/1009/764 763/1006/763
f 762/1007/762 763/1006/763 759/1010/759 756/1011/756
f 763/1006/763 764/1009/764 754/1012/754 759/1010/759
f 765/1013/765 768/1014/768 771/1015/771 770/1016/770
f 768/1014/768 769/1017/769 772/1018/772 771/1015/771
f 770/1016/770 771/1015/771 783/1019/783 780/1020/780
f 771/1015/771 772/1018/772 773/1021/773 783/1019/783
f 766/1022/766 774/1023/774 777/1024/777 776/1025/776
f 774/1023/774 775/1026/775 778/1027/778 777/1024/777
f 776/1025/776 777/1024/777 772/1028/772 769/1029/769
f 777/1024/777 778/1027/778 773/1030/773 772/1028/772
f 767/1031/767 779/1032/779 782/1033/782 781/1034/781
f 779/1032/779 780/1035/780 783/1036/783 782/1033/782
f 781/1034/781 782/1033/782 778/1037/778 775/1038/775
f 782/1033/782 783/1036/783 773/1039/773 778/1037/778
f 784/1040/784 787/1041/787 790/1042/790 789/1043/789
f 787/1041/787 788/1044/788 791/1045/791 790/1042/790
f 789/1043/789 790/1042/790 802/1046/802 799/1047/799
f 790/1042/790 791/1045/791 792/1048/792 802/1046/802
f 785/1049/785 793/1050/793 796/1051/796 795/1052/795
f 793/1050/793 794/1053/794 797/1054/797 796/1051/796
f 795/1052/795 796/1051/796 791/1055/791 788/1056/788
f 796/1051/796 797/1054/797 792/1057/792 791/1055/791
f 786/1058/786 798/1059/798 801/1060/801 800/1061/800
f 798/1059/798 799/1062/799 802/1063/802 801/1060/801
f 800/1061/800 801/1060/801 797/1064/797 794/1065/794
f 801/1060/801 802/1063/802 792/1066/792 797/1064/797
f 803/1067/803 806/1068/806 809/1069/809 808/1070/808
f 806/1068/806 807/1071/807 810/1072/810 809/1069/809
f 808/1070/808 809/1069/809 821/1073/821 818/1074/818
f 809/1069/809 810/1072/810 811/1075/811 821/1073/821
f 804/1076/804 812/1077/812 815/1078/815 814/1079/814
f 812/1077/812 813/1080/813 816/1081/816 815/1078/815
f 814/1079/814 815/1078/815 810/1082/810 807/1083/807
f 815/1078/815 816/1081/816 811/1084/811 810/1082/810
f 805/1085/805 817/1086/817 820/1087/820 819/1088/819
f 817/1086/817 818/1089/818 821/1090/821 820/1087/820
f 819/1088/819 820/1087/820 816/1091/816 813/1092/813
f 820/1087/820 821/1090/821 811/1093/811 816/1091/816
f 822/1094/822 825/1095/825 828/1096/828 827/1097/827
f 825/1095/825 826/1098/826 829/1099/829 828/1096/828
f 827/1097/827 828/1096/828 840/1100/840 837/1101/837
f 828/1096/828 829/1099/829 830/1102/830 840/1100/840
f 823/1103/823 831/1104/831 834/1105/834 833/1106/833
f 831/1104/831 832/1107/832 835/1108/835 834/1105/834
f 833/1106/833 834/1105/834 829/1109/829 826/1110/826
f 834/1105/834 835/1108/835 830/1111/830 829/1109/829
f 824/1112/824 836/1113/836 839/1114/839 838/1115/838
f 836/1113/836 837/1116/837 840/1117/840 839/1114/839
f 838/1115/838 839/1114/839 835/1118/835 832/1119/832
f 839/1114/839 840/1117/840 830/1120/830 835/1118/835
f 727/959/727 689/905/689 694/908/694 730/960/730
f 730/960/730 694/908/694 704/912/704 731/963/731
f 731/975/731 704/927/704 703/924/703 738/971/738
f 738/971/738 703/924/703 691/923/691 728/968/728
f 690/914/690 708/932/708 713/935/713 698/915/698
f 698/915/698 713/935/713 723/939/723 699/918/699
f 699/930/699 723/954/723 722/951/722 705/926/705
f 705/926/705 722/951/722 710/950/710 691/923/691
f 709/941/709 746/986/746 751/989/751 717/942/717
f 717/942/717 751/989/751 761/993/761 718/945/718
f 718/957/718 761/1008/761 760/1005/760 724/953/724
f 724/953/724 760/1005/760 748/1004/748 710/950/710
f 747/995/747 729/977/729 743/980/743 755/996/755
f 755/996/755 743/980/743 737/984/737 756/999/756
f 756/1011/756 737/972/737 736/969/736 762/1007/762
f 762/1007/762 736/969/736 728/968/728 748/1004/748
f 803/1067/803 727/959/727 732/962/732 806/1068/806
f 806/1068/806 732/962/732 742/966/742 807/1071/807
f 807/1083/807 742/981/742 741/978/741 814/1079/814
f 814/1079/814 741/978/741 729/977/729 804/1076/804
f 746/986/746 822/1094/822 827/1097/827 749/987/749
f 749/987/749 827/1097/827 837/1101/837 750/990/750
f 750/1002/750 837/1116/837 836/1113/836 757/998/757
f 757/998/757 836/1113/836 824/1112/824 747/995/747
f 823/1103/823 805/1085/805 819/1088/819 831/1104/831
f 831/1104/831 819/1088/819 813/1092/813 832/1107/832
f 832/1119/832 813/1080/813 812/1077/812 838/1115/838
f 838/1115/838 812/1077/812 804/1076/804 824/1112/824
f 765/1013/765 803/1067/803 808/1070/808 768/1014/768
f 768/1014/768 808/1070/808 818/1074/818 769/1017/769
f 769/1029/769 818/1089/818 817/1086/817 776/1025/776
f 776/1025/776 817/1086/817 805/1085/805 766/1022/766
f 822/1094/822 784/1040/784 789/1043/789 825/1095/825
f 825/1095/825 789/1043/789 799/1047/799 826/1098/826
f 826/1110/826 799/1062/799 798/1059/798 833/1106/833
f 833/1106/833 798/1059/798 786/1058/786 823/1103/823
f 785/1049/785 767/1031/767 781/1034/781 793/1050/793
f 793/1050/793 781/1034/781 775/1038/775 794/1053/794
f 794/1065/794 775/1026/775 774/1023/774 800/1061/800
f 800/1061/800 774/1023/774 766/1022/766 786/1058/786
f 689/905/689 765/1013/765 770/1016/770 692/906/692
f 692/906/692 770/1016/770 780/1020/780 693/909/693
f 693/921/693 780/1035/780 779/1032/779 700/917/700
f 700/917/700 779/1032/779 767/1031/767 690/914/690
f 784/1040/784 709/941/709 719/944/719 787/1041/787
f 787/1041/787 719/944/719 712/948/712 788/1044/788
f 788/1056/788 712/936/712 711/933/711 795/1052/795
f 795/1052/795 711/933/711 708/932/708 785/1049/785
f 727/959/727 803/1067/803 765/1013/765 689/905/689
f 691/923/691 710/950/710 748/1004/748 728/968/728
f 767/1031/767 785/1049/785 708/932/708 690/914/690
f 822/1094/822 746/986/746 709/941/709 784/1040/784
f 729/977/729 747/995/747 824/1112/824 804/1076/804
f 805/1085/805 823/1103/823 786/1058/786 766/1022/766
o Right_Arm
v -0.800000 4.000000 3.800000
v -0.800000 4.200000 4.000000
v -1.000000 4.200000 3.800000
v -0.800000 4.015224 3.876537
v -0.800000 4.058578 3.941422
v -0.876537 4.015224 3.800000
v -0.878455 4.033598 3.878455
v -0.874474 4.068749 3.931251
v -0.915470 4.084530 3.915470
v -0.876537 4.200000 3.984776
v -0.941421 4.200000 3.941422
v -0.800000 4.123463 3.984776
v -0.878455 4.121545 3.966403
v -0.931251 4.125526 3.931251
v -0.984776 4.123463 3.800000
v -0.941421 4.058578 3.800000
v -0.984776 4.200000 3.876537
v -0.966402 4.121545 3.878455
v -0.931251 4.068749 3.874474
v -0.800000 7.800000 4.000000
v -0.800000 8.000000 3.800000
v -1.000000 7.800000 3.800000
v -0.800000 7.876537 3.984776
v -0.800000 7.941422 3.941422
v -0.876537 7.800000 3.984776
v -0.878455 7.878455 3.966403
v -0.874474 7.931251 3.931251
v -0.915470 7.915470 3.915470
v -0.876537 7.984776 3.800000
v -0.941421 7.941422 3.800000
v -0.800000 7.984776 3.876537
v -0.878455 7.966402 3.878455
v -0.931251 7.931251 3.874474
v -0.984776 7.800000 3.876537
v -0.941421 7.800000 3.941422
v -0.984776 7.876537 3.800000
v -0.966402 7.878455 3.878455
v -0.931251 7.874474 3.931251
v -0.800000 4.000000 2.200000
v -1.000000 4.200000 2.200000
v -0.800000 4.200000 2.000000
v -0.876537 4.015224 2.200000
v -0.941421 4.058578 2.200000
v -0.800000 4.015224 2.123463
v -0.878455 4.033598 2.121545
v -0.931251 4.068749 2.125526
v -0.915470 4.084530 2.084530
v -0.984776 4.200000 2.123463
v -0.941421 4.200000 2.058579
v -0.984776 4.123463 2.200000
v -0.966402 4.121545 2.121545
v -0.931251 4.125526 2.068749
v -0.800000 4.123463 2.015224
v -0.800000 4.058578 2.058579
v -0.876537 4.200000 2.015224
v -0.878455 4.121545 2.033598
v -0.874474 4.068749 2.068749
v -0.800000 8.000000 2.200000
v -0.800000 7.800000 2.000000
v -1.000000 7.800000 2.200000
v -0.800000 7.984776 2.123463
v -0.800000 7.941422 2.058578
v -0.876537 7.984776 2.200000
v -0.878455 7.966402 2.121545
v -0.874474 7.931251 2.068749
v -0.915470 7.915470 2.084530
v -0.876537 7.800000 2.015224
v -0.941421 7.800000 2.058578
v -0.800000 7.876537 2.015224
v -0.878455 7.878455 2.033597
v -0.931251 7.874474 2.068749
v -0.984776 7.876537 2.200000
v -0.941421 7.941422 2.200000
v -0.984776 7.800000 2.123463
v -0.966402 7.878455 2.121545
v -0.931251 7.931251 2.125526
v 0.800000 4.000000 3.800000
v 1.000000 4.200000 3.800000
v 0.800000 4.200000 4.000000
v 0.876537 4.015224 3.800000
v 0.941421 4.058578 3.800000
v 0.800000 4.015224 3.876537
v 0.878455 4.033598 3.878455
v 0.931251 4.068749 3.874474
v 0.915470 4.084530 3.915470
v 0.984776 4.200000 3.876537
v 0.941421 4.200000 3.941422
v 0.984776 4.123463 3.800000
v 0.966402 4.121545 3.878455
v 0.931251 4.125526 3.931251
v 0.800000 4.123463 3.984776
v 0.800000 4.058578 3.941422
v 0.876537 4.200000 3.984776
v 0.878455 4.121545 3.966403
v 0.874474 4.068749 3.931251
v 0.800000 8.000000 3.800000
v 0.800000 7.800000 4.000000
v 1.000000 7.800000 3.800000
v 0.800000 7.984776 3.876537
v 0.800000 7.941422 3.941422
v 0.876537 7.984776 3.800000
v 0.878455 7.966402 3.878455
v 0.874474 7.931251 3.931251
v 0.915470 7.915470 3.915470
v 0.876537 7.800000 3.984776
v 0.941421 7.800000 3.941422
v 0.800000 7.876537 3.984776
v 0.878455 7.878455 3.966403
v 0.931251 7.874474 3.931251
v 0.984776 7.876537 3.800000
v 0.941421 7.941422 3.800000
v 0.984776 7.800000 3.876537
v 0.966402 7.878455 3.878455
v 0.931251 7.931251 3.874474
v 0.800000 4.000000 2.200000
v 0.800000 4.200000 2.000000
v 1.000000 4.200000 2.200000
v 0.800000 4.015224 2.123463
v 0.800000 4.058578 2.058578
v 0.876537 4.015224 2.200000
v 0.878455 4.033598 2.121545
v 0.874474 4.068749 2.068749
v 0.915470 4.084530 2.084530
v 0.876537 4.200000 2.015224
v 0.941421 4.200000 2.058578
v 0.800000 4.123463 2.015224
v 0.878455 4.121545 2.033597
v 0.931251 4.125526 2.068749
v 0.984776 4.123463 2.200000
v 0.941421 4.058578 2.200000
v 0.984776 4.200000 2.123463
v 0.966402 4.121545 2.121545
v 0.931251 4.068749 2.125526
v 0.800000 8.000000 2.200000
v 1.000000 7.800000 2.200000
v 0.800000 7.800000 2.000000
v 0.876537 7.984776 2.200000
v 0.941421 7.941422 2.200000
v 0.800000 7.984776 2.123463
v 0.878455 7.966402 2.121545
v 0.931251 7.931251 2.125526
v 0.915470 7.915470 2.084530
v 0.984776 7.800000 2.123463
v 0.941421 7.800000 2.058579
v 0.984776 7.876537 2.200000
v 0.966402 7.878455 2.121545
v 0.931251 7.874474 2.068749
v 0.800000 7.876537 2.015224
v 0.800000 7.941422 2.058579
v 0.876537 7.800000 2.015224
v 0.878455 7.878455 2.033598
v 0.874474 7.931251 2.068749
vn -0.1004 -0.9899 0.1004
vn -0.1004 -0.1004 0.9899
vn -0.9899 -0.1004 0.1004
vn -0.0981 -0.9201 0.3792
vn -0.0919 -0.7041 0.7041
vn -0.3792 -0.9201 0.0981
vn -0.3673 -0.8545 0.3673
vn -0.3347 -0.6663 0.6663
vn -0.5774 -0.5773 0.5773
vn -0.3792 -0.0981 0.9201
vn -0.7041 -0.0919 0.7041
vn -0.0981 -0.3792 0.9201
vn -0.3673 -0.3673 0.8545
vn -0.6663 -0.3347 0.6663
vn -0.9201 -0.3792 0.0981
vn -0.7041 -0.7041 0.0919
vn -0.9201 -0.0981 0.3792
vn -0.8545 -0.3673 0.3673
vn -0.6663 -0.6663 0.3347
vn -0.1004 0.1004 0.9899
vn -0.1004 0.9899 0.1004
vn -0.9899 0.1004 0.1004
vn -0.0981 0.3792 0.9201
vn -0.0919 0.7041 0.7041
vn -0.3792 0.0981 0.9201
vn -0.3673 0.3673 0.8545
vn -0.3347 0.6663 0.6663
vn -0.5774 0.5773 0.5774
vn -0.3792 0.9201 0.0981
vn -0.7041 0.7041 0.0919
vn -0.0981 0.9201 0.3792
vn -0.3673 0.8545 0.3673
vn -0.6663 0.6663 0.3347
vn -0.9201 0.0981 0.3792
vn -0.7041 0.0919 0.7041
vn -0.9201 0.3792 0.0981
vn -0.8545 0.3673 0.3673
vn -0.6663 0.3347 0.6663
vn -0.1004 -0.9899 -0.1004
vn -0.9899 -0.1004 -0.1004
vn -0.1004 -0.1004 -0.9899
vn -0.3792 -0.9201 -0.0981
vn -0.7041 -0.7041 -0.0919
vn -0.0981 -0.9201 -0.3792
vn -0.3673 -0.8545 -0.3673
vn -0.6663 -0.6663 -0.3347
vn -0.5774 -0.5773 -0.5773
vn -0.9201 -0.0981 -0.3792
vn -0.7041 -0.0919 -0.7041
vn -0.9201 -0.3792 -0.0981
vn -0.8545 -0.3673 -0.3673
vn -0.6663 -0.3347 -0.6663
vn -0.0981 -0.3792 -0.9201
vn -0.0919 -0.7041 -0.7041
vn -0.3792 -0.0981 -0.9201
vn -0.3673 -0.3673 -0.8545
vn -0.3347 -0.6663 -0.6663
vn -0.1004 0.9899 -0.1004
vn -0.1004 0.1004 -0.9899
vn -0.9899 0.1004 -0.1004
vn -0.0981 0.9201 -0.3792
vn -0.0919 0.7041 -0.7041
vn -0.3792 0.9201 -0.0981
vn -0.3673 0.8545 -0.3673
vn -0.3347 0.6663 -0.6663
vn -0.5774 0.5773 -0.5774
vn -0.3792 0.0981 -0.9201
vn -0.7041 0.0919 -0.7041
vn -0.0981 0.3792 -0.9201
vn -0.3673 0.3673 -0.8545
vn -0.6663 0.3347 -0.6663
vn -0.9201 0.3792 -0.0981
vn -0.7041 0.7041 -0.0919
vn -0.9201 0.0981 -0.3792
vn -0.8545 0.3673 -0.3673
vn -0.6663 0.6663 -0.3347
vn 0.1004 -0.9899 0.1004
vn 0.9899 -0.1004 0.1004
vn 0.1004 -0.1004 0.9899
vn 0.3792 -0.9201 0.0981
vn 0.7041 -0.7041 0.0919
vn 0.0981 -0.9201 0.3792
vn 0.3673 -0.8545 0.3673
vn 0.6663 -0.6663 0.3347
vn 0.5774 -0.5773 0.5773
vn 0.9201 -0.0981 0.3792
vn 0.7041 -0.0919 0.7041
vn 0.9201 -0.3792 0.0981
vn 0.8545 -0.3673 0.3673
vn 0.6663 -0.3347 0.6663
vn 0.0981 -0.3792 0.9201
vn 0.0919 -0.7041 0.7041
vn 0.3792 -0.0981 0.9201
vn 0.3673 -0.3673 0.8545
vn 0.3347 -0.6663 0.6663
vn 0.1004 0.9899 0.1004
vn 0.1004 0.1004 0.9899
vn 0.9899 0.1004 0.1004
vn 0.0981 0.9201 0.3792
vn 0.0919 0.7041 0.7041
vn 0.3792 0.9201 0.0981
vn 0.3673 0.8545 0.3673
vn 0.3347 0.6663 0.6663
vn 0.5774 0.5774 0.5773
vn 0.3792 0.0981 0.9201
vn 0.7041 0.0919 0.7041
vn 0.0981 0.3792 0.9201
vn 0.3673 0.3673 0.8545
vn 0.6663 0.3347 0.6663
vn 0.9201 0.3792 0.0981
vn 0.7041 0.7041 0.0919
vn 0.9201 0.0981 0.3792
vn 0.8545 0.3673 0.3673
vn 0.6663 0.6663 0.3347
vn 0.1004 -0.9899 -0.1004
vn 0.1004 -0.1004 -0.9899
vn 0.9899 -0.1004 -0.1004
vn 0.0981 -0.9201 -0.3792
vn 0.0919 -0.7041 -0.7041
vn 0.3792 -0.9201 -0.0981
vn 0.3673 -0.8545 -0.3673
vn 0.3347 -0.6663 -0.6663
vn 0.5774 -0.5773 -0.5773
vn 0.3792 -0.0981 -0.9201
vn 0.7041 -0.0919 -0.7041
vn 0.0981 -0.3792 -0.9201
vn 0.3673 -0.3673 -0.8545
vn 0.6663 -0.3347 -0.6663
vn 0.9201 -0.3792 -0.0981
vn 0.7041 -0.7041 -0.0919
vn 0.9201 -0.0981 -0.3792
vn 0.8545 -0.3673 -0.3673
vn 0.6663 -0.6663 -0.3347
vn 0.1004 0.9899 -0.1004
vn 0.9899 0.1004 -0.1004
vn 0.1004 0.1004 -0.9899
vn 0.3792 0.9201 -0.0981
vn 0.7041 0.7041 -0.0919
vn 0.0981 0.9201 -0.3792
vn 0.3673 0.8545 -0.3673
vn 0.6663 0.6663 -0.3347
vn 0.5774 0.5774 -0.5773
vn 0.9201 0.0981 -0.3792
vn 0.7041 0.0919 -0.7041
vn 0.9201 0.3792 -0.0981
vn 0.8545 0.3673 -0.3673
vn 0.6663 0.3347 -0.6663
vn 0.0981 0.3792 -0.9201
vn 0.0919 0.7041 -0.7041
vn 0.3792 0.0981 -0.9201
vn 0.3673 0.3673 -0.8545
vn 0.3347 0.6663 -0.6663
vt 0.386104 0.483741
vt 0.383802 0.483741
vt 0.383744 0.481382
vt 0.386104 0.481440
vt 0.380089 0.483741
vt 0.380089 0.481502
vt 0.383864 0.477727
vt 0.386104 0.477727
vt 0.380089 0.480269
vt 0.518946 0.551221
vt 0.516647 0.551222
vt 0.516589 0.548864
vt 0.518946 0.548922
vt 0.512937 0.551222
vt 0.512937 0.548984
vt 0.516709 0.545213
vt 0.518946 0.545213
vt 0.512937 0.547752
vt 0.434225 0.551142
vt 0.434225 0.548839
vt 0.436586 0.548781
vt 0.436528 0.551142
vt 0.434225 0.545124
vt 0.436466 0.545124
vt 0.440243 0.548901
vt 0.440243 0.551142
vt 0.437700 0.545124
vt 0.518946 0.659377
vt 0.518946 0.661677
vt 0.516589 0.661734
vt 0.516647 0.659377
vt 0.518946 0.665386
vt 0.516709 0.665386
vt 0.512937 0.661615
vt 0.512937 0.659377
vt 0.515477 0.665386
vt 0.319717 0.531841
vt 0.319717 0.534141
vt 0.317359 0.534198
vt 0.317417 0.531841
vt 0.319717 0.537851
vt 0.317479 0.537851
vt 0.313707 0.534079
vt 0.313707 0.531841
vt 0.316247 0.537851
vt 0.434225 0.659458
vt 0.436528 0.659458
vt 0.436586 0.661818
vt 0.434225 0.661761
vt 0.440243 0.659458
vt 0.440243 0.661699
vt 0.436466 0.665475
vt 0.434225 0.665475
vt 0.440243 0.662932
vt 0.434222 0.483741
vt 0.434222 0.481440
vt 0.436582 0.481382
vt 0.436524 0.483741
vt 0.434222 0.477727
vt 0.436462 0.477726
vt 0.440237 0.481502
vt 0.440237 0.483741
vt 0.437695 0.477726
vt 0.386085 0.551142
vt 0.383782 0.551142
vt 0.383724 0.548781
vt 0.386085 0.548839
vt 0.380067 0.551142
vt 0.380067 0.548901
vt 0.383844 0.545124
vt 0.386085 0.545124
vt 0.380067 0.547667
vt 0.500667 0.551142
vt 0.500667 0.548839
vt 0.503028 0.548782
vt 0.502970 0.551142
vt 0.500667 0.545124
vt 0.502908 0.545124
vt 0.506685 0.548901
vt 0.506685 0.551142
vt 0.504141 0.545124
vt 0.367797 0.531841
vt 0.370097 0.531841
vt 0.370155 0.534198
vt 0.367797 0.534141
vt 0.373808 0.531841
vt 0.373808 0.534079
vt 0.370035 0.537851
vt 0.367797 0.537851
vt 0.373808 0.535311
vt 0.500667 0.659458
vt 0.502970 0.659458
vt 0.503028 0.661818
vt 0.500667 0.661760
vt 0.506685 0.659458
vt 0.506685 0.661698
vt 0.502908 0.665475
vt 0.500667 0.665475
vt 0.506685 0.662932
vt 0.386085 0.659458
vt 0.386085 0.661761
vt 0.383724 0.661818
vt 0.383782 0.659458
vt 0.386085 0.665475
vt 0.383844 0.665475
vt 0.380067 0.661699
vt 0.380067 0.659458
vt 0.382611 0.665475
vt 0.386104 0.531860
vt 0.386104 0.534162
vt 0.383744 0.534219
vt 0.383802 0.531860
vt 0.386104 0.537875
vt 0.383864 0.537875
vt 0.380089 0.534100
vt 0.380089 0.531860
vt 0.382631 0.537875
vt 0.319734 0.551218
vt 0.317435 0.551218
vt 0.317377 0.548861
vt 0.319734 0.548919
vt 0.313725 0.551218
vt 0.313725 0.548981
vt 0.317497 0.545209
vt 0.319734 0.545209
vt 0.313725 0.547749
vt 0.567015 0.551222
vt 0.567015 0.548922
vt 0.569372 0.548864
vt 0.569315 0.551221
vt 0.567015 0.545213
vt 0.569253 0.545213
vt 0.573024 0.548984
vt 0.573024 0.551222
vt 0.570484 0.545213
vt 0.319717 0.483760
vt 0.317417 0.483760
vt 0.317359 0.481403
vt 0.319717 0.481460
vt 0.313707 0.483760
vt 0.313707 0.481522
vt 0.317479 0.477750
vt 0.319717 0.477750
vt 0.313707 0.480290
vt 0.567015 0.659377
vt 0.569315 0.659377
vt 0.569372 0.661734
vt 0.567015 0.661677
vt 0.573024 0.659377
vt 0.573024 0.661615
vt 0.569253 0.665386
vt 0.567015 0.665386
vt 0.573024 0.662846
vt 0.319734 0.659382
vt 0.319734 0.661682
vt 0.317377 0.661739
vt 0.317435 0.659382
vt 0.319734 0.665391
vt 0.317497 0.665391
vt 0.313725 0.661620
vt 0.313725 0.659382
vt 0.316265 0.665391
vt 0.434222 0.531860
vt 0.436524 0.531860
vt 0.436582 0.534219
vt 0.434222 0.534162
vt 0.440237 0.531860
vt 0.440237 0.534100
vt 0.436462 0.537875
vt 0.434222 0.537875
vt 0.440237 0.535333
vt 0.452527 0.551142
vt 0.450224 0.551142
vt 0.450166 0.548782
vt 0.452527 0.548839
vt 0.446509 0.551142
vt 0.446509 0.548901
vt 0.450286 0.545124
vt 0.452527 0.545124
vt 0.446509 0.547668
vt 0.367807 0.551218
vt 0.367807 0.548919
vt 0.370164 0.548861
vt 0.370107 0.551218
vt 0.367807 0.545209
vt 0.370045 0.545209
vt 0.373816 0.548981
vt 0.373816 0.551218
vt 0.371276 0.545209
vt 0.367797 0.483760
vt 0.367797 0.481460
vt 0.370155 0.481403
vt 0.370097 0.483760
vt 0.367797 0.477750
vt 0.370035 0.477750
vt 0.373808 0.481522
vt 0.373808 0.483760
vt 0.371267 0.477750
vt 0.367807 0.659382
vt 0.370107 0.659382
vt 0.370164 0.661739
vt 0.367807 0.661682
vt 0.373816 0.659382
vt 0.373816 0.661620
vt 0.370045 0.665391
vt 0.367807 0.665391
vt 0.373816 0.662852
vt 0.452527 0.659458
vt 0.452527 0.661760
vt 0.450166 0.661818
vt 0.450224 0.659458
vt 0.452527 0.665475
vt 0.450286 0.665475
vt 0.446509 0.661698
vt 0.446509 0.659458
vt 0.449053 0.665475
s 1
usemtl Avatar.011
f 841/1121/841 844/1122/844 847/1123/847 846/1124/846
f 844/1122/844 845/1125/845 848/1126/848 847/1123/847
f 846/1124/846 847/1123/847 859/1127/859 856/1128/856
f 847/1123/847 848/1126/848 849/1129/849 859/1127/859
f 842/1130/842 850/1131/850 853/1132/853 852/1133/852
f 850/1131/850 851/1134/851 854/1135/854 853/1132/853
f 852/1133/852 853/1132/853 848/1136/848 845/1137/845
f 853/1132/853 854/1135/854 849/1138/849 848/1136/848
f 843/1139/843 855/1140/855 858/1141/858 857/1142/857
f 855/1140/855 856/1143/856 859/1144/859 858/1141/858
f 857/1142/857 858/1141/858 854/1145/854 851/1146/851
f 858/1141/858 859/1144/859 849/1147/849 854/1145/854
f 860/1148/860 863/1149/863 866/1150/866 865/1151/865
f 863/1149/863 864/1152/864 867/1153/867 866/1150/866
f 865/1151/865 866/1150/866 878/1154/878 875/1155/875
f 866/1150/866 867/1153/867 868/1156/868 878/1154/878
f 861/1157/861 869/1158/869 872/1159/872 871/1160/871
f 869/1158/869 870/1161/870 873/1162/873 872/1159/872
f 871/1160/871 872/1159/872 867/1163/867 864/1164/864
f 872/1159/872 873/1162/873 868/1165/868 867/1163/867
f 862/1166/862 874/1167/874 877/1168/877 876/1169/876
f 874/1167/874 875/1170/875 878/1171/878 877/1168/877
f 876/1169/876 877/1168/877 873/1172/873 870/1173/870
f 877/1168/877 878/1171/878 868/1174/868 873/1172/873
f 879/1175/879 882/1176/882 885/1177/885 884/1178/884
f 882/1176/882 883/1179/883 886/1180/886 885/1177/885
f 884/1178/884 885/1177/885 897/1181/897 894/1182/894
f 885/1177/885 886/1180/886 887/1183/887 897/1181/897
f 880/1184/880 888/1185/888 891/1186/891 890/1187/890
f 888/1185/888 889/1188/889 892/1189/892 891/1186/891
f 890/1187/890 891/1186/891 886/1190/886 883/1191/883
f 891/1186/891 892/1189/892 887/1192/887 886/1190/886
f 881/1193/881 893/1194/893 896/1195/896 895/1196/895
f 893/1194/893 894/1197/894 897/1198/897 896/1195/896
f 895/1196/895 896/1195/896 892/1199/892 889/1200/889
f 896/1195/896 897/1198/897 887/1201/887 892/1199/892
f 898/1202/898 901/1203/901 904/1204/904 903/1205/903
f 901/1203/901 902/1206/902 905/1207/905 904/1204/904
f 903/1205/903 904/1204/904 916/1208/916 913/1209/913
f 904/1204/904 905/1207/905 906/1210/906 916/1208/916
f 899/1211/899 907/1212/907 910/1213/910 909/1214/909
f 907/1212/907 908/1215/908 911/1216/911 910/1213/910
f 909/1214/909 910/1213/910 905/1217/905 902/1218/902
f 910/1213/910 911/1216/911 906/1219/906 905/1217/905
f 900/1220/900 912/1221/912 915/1222/915 914/1223/914
f 912/1221/912 913/1224/913 916/1225/916 915/1222/915
f 914/1223/914 915/1222/915 911/1226/911 908/1227/908
f 915/1222/915 916/1225/916 906/1228/906 911/1226/911
f 917/1229/917 920/1230/920 923/1231/923 922/1232/922
f 920/1230/920 921/1233/921 924/1234/924 923/1231/923
f 922/1232/922 923/1231/923 935/1235/935 932/1236/932
f 923/1231/923 924/1234/924 925/1237/925 935/1235/935
f 918/1238/918 926/1239/926 929/1240/929 928/1241/928
f 926/1239/926 927/1242/927 930/1243/930 929/1240/929
f 928/1241/928 929/1240/929 924/1244/924 921/1245/921
f 929/1240/929 930/1243/930 925/1246/925 924/1244/924
f 919/1247/919 931/1248/931 934/1249/934 933/1250/933
f 931/1248/931 932/1251/932 935/1252/935 934/1249/934
f 933/1250/933 934/1249/934 930/1253/930 927/1254/927
f 934/1249/934 935/1252/935 925/1255/925 930/1253/930
f 936/1256/936 939/1257/939 942/1258/942 941/1259/941
f 939/1257/939 940/1260/940 943/1261/943 942/1258/942
f 941/1259/941 942/1258/942 954/1262/954 951/1263/951
f 942/1258/942 943/1261/943 944/1264/944 954/1262/954
f 937/1265/937 945/1266/945 948/1267/948 947/1268/947
f 945/1266/945 946/1269/946 949/1270/949 948/1267/948
f 947/1268/947 948/1267/948 943/1271/943 940/1272/940
f 948/1267/948 949/1270/949 944/1273/944 943/1271/943
f 938/1274/938 950/1275/950 953/1276/953 952/1277/952
f 950/1275/950 951/1278/951 954/1279/954 953/1276/953
f 952/1277/952 953/1276/953 949/1280/949 946/1281/946
f 953/1276/953 954/1279/954 944/1282/944 949/1280/949
f 955/1283/955 958/1284/958 961/1285/961 960/1286/960
f 958/1284/958 959/1287/959 962/1288/962 961/1285/961
f 960/1286/960 961/1285/961 973/1289/973 970/1290/970
f 961/1285/961 962/1288/962 963/1291/963 973/1289/973
f 956/1292/956 964/1293/964 967/1294/967 966/1295/966
f 964/1293/964 965/1296/965 968/1297/968 967/1294/967
f 966/1295/966 967/1294/967 962/1298/962 959/1299/959
f 967/1294/967 968/1297/968 963/1300/963 962/1298/962
f 957/1301/957 969/1302/969 972/1303/972 971/1304/971
f 969/1302/969 970/1305/970 973/1306/973 972/1303/972
f 971/1304/971 972/1303/972 968/1307/968 965/1308/965
f 972/1303/972 973/1306/973 963/1309/963 968/1307/968
f 974/1310/974 977/1311/977 980/1312/980 979/1313/979
f 977/1311/977 978/1314/978 981/1315/981 980/1312/980
f 979/1313/979 980/1312/980 992/1316/992 989/1317/989
f 980/1312/980 981/1315/981 982/1318/982 992/1316/992
f 975/1319/975 983/1320/983 986/1321/986 985/1322/985
f 983/1320/983 984/1323/984 987/1324/987 986/1321/986
f 985/1322/985 986/1321/986 981/1325/981 978/1326/978
f 986/1321/986 987/1324/987 982/1327/982 981/1325/981
f 976/1328/976 988/1329/988 991/1330/991 990/1331/990
f 988/1329/988 989/1332/989 992/1333/992 991/1330/991
f 990/1331/990 991/1330/991 987/1334/987 984/1335/984
f 991/1330/991 992/1333/992 982/1336/982 987/1334/987
f 879/1175/879 841/1121/841 846/1124/846 882/1176/882
f 882/1176/882 846/1124/846 856/1128/856 883/1179/883
f 883/1191/883 856/1143/856 855/1140/855 890/1187/890
f 890/1187/890 855/1140/855 843/1139/843 880/1184/880
f 842/1130/842 860/1148/860 865/1151/865 850/1131/850
f 850/1131/850 865/1151/865 875/1155/875 851/1134/851
f 851/1146/851 875/1170/875 874/1167/874 857/1142/857
f 857/1142/857 874/1167/874 862/1166/862 843/1139/843
f 861/1157/861 898/1202/898 903/1205/903 869/1158/869
f 869/1158/869 903/1205/903 913/1209/913 870/1161/870
f 870/1173/870 913/1224/913 912/1221/912 876/1169/876
f 876/1169/876 912/1221/912 900/1220/900 862/1166/862
f 899/1211/899 881/1193/881 895/1196/895 907/1212/907
f 907/1212/907 895/1196/895 889/1200/889 908/1215/908
f 908/1227/908 889/1188/889 888/1185/888 914/1223/914
f 914/1223/914 888/1185/888 880/1184/880 900/1220/900
f 955/1283/955 879/1175/879 884/1178/884 958/1284/958
f 958/1284/958 884/1178/884 894/1182/894 959/1287/959
f 959/1299/959 894/1197/894 893/1194/893 966/1295/966
f 966/1295/966 893/1194/893 881/1193/881 956/1292/956
f 898/1202/898 974/1310/974 979/1313/979 901/1203/901
f 901/1203/901 979/1313/979 989/1317/989 902/1206/902
f 902/1218/902 989/1332/989 988/1329/988 909/1214/909
f 909/1214/909 988/1329/988 976/1328/976 899/1211/899
f 975/1319/975 957/1301/957 971/1304/971 983/1320/983
f 983/1320/983 971/1304/971 965/1308/965 984/1323/984
f 984/1335/984 965/1296/965 964/1293/964 990/1331/990
f 990/1331/990 964/1293/964 956/1292/956 976/1328/976
f 917/1229/917 955/1283/955 960/1286/960 920/1230/920
f 920/1230/920 960/1286/960 970/1290/970 921/1233/921
f 921/1245/921 970/1305/970 969/1302/969 928/1241/928
f 928/1241/928 969/1302/969 957/1301/957 918/1238/918
f 974/1310/974 936/1256/936 941/1259/941 977/1311/977
f 977/1311/977 941/1259/941 951/1263/951 978/1314/978
f 978/1326/978 951/1278/951 950/1275/950 985/1322/985
f 985/1322/985 950/1275/950 938/1274/938 975/1319/975
f 937/1265/937 919/1247/919 933/1250/933 945/1266/945
f 945/1266/945 933/1250/933 927/1254/927 946/1269/946
f 946/1281/946 927/1242/927 926/1239/926 952/1277/952
f 952/1277/952 926/1239/926 918/1238/918 938/1274/938
f 841/1121/841 917/1229/917 922/1232/922 844/1122/844
f 844/1122/844 922/1232/922 932/1236/932 845/1125/845
f 845/1137/845 932/1251/932 931/1248/931 852/1133/852
f 852/1133/852 931/1248/931 919/1247/919 842/1130/842
f 936/1256/936 861/1157/861 871/1160/871 939/1257/939
f 939/1257/939 871/1160/871 864/1164/864 940/1260/940
f 940/1272/940 864/1152/864 863/1149/863 947/1268/947
f 947/1268/947 863/1149/863 860/1148/860 937/1265/937
f 879/1175/879 955/1283/955 917/1229/917 841/1121/841
f 843/1139/843 862/1166/862 900/1220/900 880/1184/880
f 919/1247/919 937/1265/937 860/1148/860 842/1130/842
f 974/1310/974 898/1202/898 861/1157/861 936/1256/936
f 881/1193/881 899/1211/899 976/1328/976 956/1292/956
f 957/1301/957 975/1319/975 938/1274/938 918/1238/918
o Torso
v -0.800000 4.000000 1.800000
v -0.800000 4.200000 2.000000
v -1.000000 4.200000 1.800000
v -0.800000 4.015224 1.876537
v -0.800000 4.058578 1.941421
v -0.876537 4.015224 1.800000
v -0.878455 4.033598 1.878455
v -0.874474 4.068749 1.931251
v -0.915470 4.084530 1.915470
v -0.876537 4.200000 1.984776
v -0.941421 4.200000 1.941421
v -0.800000 4.123463 1.984776
v -0.878455 4.121545 1.966402
v -0.931251 4.125526 1.931251
v -0.984776 4.123463 1.800000
v -0.941421 4.058578 1.800000
v -0.984776 4.200000 1.876537
v -0.966402 4.121545 1.878455
v -0.931251 4.068749 1.874474
v -0.800000 7.800000 2.000000
v -0.800000 8.000000 1.800000
v -1.000000 7.800000 1.800000
v -0.800000 7.876537 1.984776
v -0.800000 7.941422 1.941421
v -0.876537 7.800000 1.984776
v -0.878455 7.878455 1.966402
v -0.874474 7.931251 1.931251
v -0.915470 7.915470 1.915470
v -0.876537 7.984776 1.800000
v -0.941421 7.941422 1.800000
v -0.800000 7.984776 1.876537
v -0.878455 7.966402 1.878455
v -0.931251 7.931251 1.874474
v -0.984776 7.800000 1.876537
v -0.941421 7.800000 1.941421
v -0.984776 7.876537 1.800000
v -0.966402 7.878455 1.878455
v -0.931251 7.874474 1.931251
v -0.800000 4.000000 -1.800000
v -1.000000 4.200000 -1.800000
v -0.800000 4.200000 -2.000000
v -0.876537 4.015224 -1.800000
v -0.941421 4.058578 -1.800000
v -0.800000 4.015224 -1.876537
v -0.878455 4.033598 -1.878455
v -0.931251 4.068749 -1.874474
v -0.915470 4.084530 -1.915470
v -0.984776 4.200000 -1.876537
v -0.941421 4.200000 -1.941421
v -0.984776 4.123463 -1.800000
v -0.966402 4.121545 -1.878455
v -0.931251 4.125526 -1.931251
v -0.800000 4.123463 -1.984776
v -0.800000 4.058578 -1.941421
v -0.876537 4.200000 -1.984776
v -0.878455 4.121545 -1.966402
v -0.874474 4.068749 -1.931251
v -0.800000 8.000000 -1.800000
v -0.800000 7.800000 -2.000000
v -1.000000 7.800000 -1.800000
v -0.800000 7.984776 -1.876537
v -0.800000 7.941422 -1.941421
v -0.876537 7.984776 -1.800000
v -0.878455 7.966402 -1.878455
v -0.874474 7.931251 -1.931251
v -0.915470 7.915470 -1.915470
v -0.876537 7.800000 -1.984776
v -0.941421 7.800000 -1.941421
v -0.800000 7.876537 -1.984776
v -0.878455 7.878455 -1.966402
v -0.931251 7.874474 -1.931251
v -0.984776 7.876537 -1.800000
v -0.941421 7.941422 -1.800000
v -0.984776 7.800000 -1.876537
v -0.966402 7.878455 -1.878455
v -0.931251 7.931251 -1.874474
v 0.800000 4.000000 1.800000
v 1.000000 4.200000 1.800000
v 0.800000 4.200000 2.000000
v 0.876537 4.015224 1.800000
v 0.941421 4.058578 1.800000
v 0.800000 4.015224 1.876537
v 0.878455 4.033598 1.878455
v 0.931251 4.068749 1.874474
v 0.915470 4.084530 1.915470
v 0.984776 4.200000 1.876537
v 0.941421 4.200000 1.941421
v 0.984776 4.123463 1.800000
v 0.966402 4.121545 1.878455
v 0.931251 4.125526 1.931251
v 0.800000 4.123463 1.984776
v 0.800000 4.058578 1.941421
v 0.876537 4.200000 1.984776
v 0.878455 4.121545 1.966402
v 0.874474 4.068749 1.931251
v 0.800000 8.000000 1.800000
v 0.800000 7.800000 2.000000
v 1.000000 7.800000 1.800000
v 0.800000 7.984776 1.876537
v 0.800000 7.941422 1.941421
v 0.876537 7.984776 1.800000
v 0.878455 7.966402 1.878455
v 0.874474 7.931251 1.931251
v 0.915470 7.915470 1.915470
v 0.876537 7.800000 1.984776
v 0.941421 7.800000 1.941421
v 0.800000 7.876537 1.984776
v 0.878455 7.878455 1.966402
v 0.931251 7.874474 1.931251
v 0.984776 7.876537 1.800000
v 0.941421 7.941422 1.800000
v 0.984776 7.800000 1.876537
v 0.966402 7.878455 1.878455
v 0.931251 7.931251 1.874474
v 0.800000 4.000000 -1.800000
v 0.800000 4.200000 -2.000000
v 1.000000 4.200000 -1.800000
v 0.800000 4.015224 -1.876537
v 0.800000 4.058578 -1.941421
v 0.876537 4.015224 -1.800000
v 0.878455 4.033598 -1.878455
v 0.874474 4.068749 -1.931251
v 0.915470 4.084530 -1.915470
v 0.876537 4.200000 -1.984776
v 0.941421 4.200000 -1.941421
v 0.800000 4.123463 -1.984776
v 0.878455 4.121545 -1.966402
v 0.931251 4.125526 -1.931251
v 0.984776 4.123463 -1.800000
v 0.941421 4.058578 -1.800000
v 0.984776 4.200000 -1.876537
v 0.966402 4.121545 -1.878455
v 0.931251 4.068749 -1.874474
v 0.800000 8.000000 -1.800000
v 1.000000 7.800000 -1.800000
v 0.800000 7.800000 -2.000000
v 0.876537 7.984776 -1.800000
v 0.941421 7.941422 -1.800000
v 0.800000 7.984776 -1.876537
v 0.878455 7.966402 -1.878455
v 0.931251 7.931251 -1.874474
v 0.915470 7.915470 -1.915470
v 0.984776 7.800000 -1.876537
v 0.941421 7.800000 -1.941421
v 0.984776 7.876537 -1.800000
v 0.966402 7.878455 -1.878455
v 0.931251 7.874474 -1.931251
v 0.800000 7.876537 -1.984776
v 0.800000 7.941422 -1.941421
v 0.876537 7.800000 -1.984776
v 0.878455 7.878455 -1.966402
v 0.874474 7.931251 -1.931251
vn -0.1004 -0.9899 0.1004
vn -0.1004 -0.1004 0.9899
vn -0.9899 -0.1004 0.1004
vn -0.0981 -0.9201 0.3792
vn -0.0919 -0.7041 0.7041
vn -0.3792 -0.9201 0.0981
vn -0.3673 -0.8545 0.3673
vn -0.3347 -0.6663 0.6663
vn -0.5774 -0.5773 0.5773
vn -0.3792 -0.0981 0.9201
vn -0.7041 -0.0919 0.7041
vn -0.0981 -0.3792 0.9201
vn -0.3673 -0.3673 0.8545
vn -0.6663 -0.3347 0.6663
vn -0.9201 -0.3792 0.0981
vn -0.7041 -0.7041 0.0919
vn -0.9201 -0.0981 0.3792
vn -0.8545 -0.3673 0.3673
vn -0.6663 -0.6663 0.3347
vn -0.1004 0.1004 0.9899
vn -0.1004 0.9899 0.1004
vn -0.9899 0.1004 0.1004
vn -0.0981 0.3792 0.9201
vn -0.0919 0.7041 0.7041
vn -0.3792 0.0981 0.9201
vn -0.3673 0.3673 0.8545
vn -0.3347 0.6663 0.6663
vn -0.5774 0.5773 0.5773
vn -0.3792 0.9201 0.0981
vn -0.7041 0.7041 0.0919
vn -0.0981 0.9201 0.3792
vn -0.3673 0.8545 0.3673
vn -0.6663 0.6663 0.3347
vn -0.9201 0.0981 0.3792
vn -0.7041 0.0919 0.7041
vn -0.9201 0.3792 0.0981
vn -0.8545 0.3673 0.3673
vn -0.6663 0.3347 0.6663
vn -0.1004 -0.9899 -0.1004
vn -0.9899 -0.1004 -0.1004
vn -0.1004 -0.1004 -0.9899
vn -0.3792 -0.9201 -0.0981
vn -0.7041 -0.7041 -0.0919
vn -0.0981 -0.9201 -0.3792
vn -0.3673 -0.8545 -0.3673
vn -0.6663 -0.6663 -0.3347
vn -0.5774 -0.5773 -0.5773
vn -0.9201 -0.0981 -0.3792
vn -0.7041 -0.0919 -0.7041
vn -0.9201 -0.3792 -0.0981
vn -0.8545 -0.3673 -0.3673
vn -0.6663 -0.3347 -0.6663
vn -0.0981 -0.3792 -0.9201
vn -0.0919 -0.7041 -0.7041
vn -0.3792 -0.0981 -0.9201
vn -0.3673 -0.3673 -0.8545
vn -0.3347 -0.6663 -0.6663
vn -0.1004 0.9899 -0.1004
vn -0.1004 0.1004 -0.9899
vn -0.9899 0.1004 -0.1004
vn -0.0981 0.9201 -0.3792
vn -0.0919 0.7041 -0.7041
vn -0.3792 0.9201 -0.0981
vn -0.3673 0.8545 -0.3673
vn -0.3347 0.6663 -0.6663
vn -0.5774 0.5773 -0.5773
vn -0.3792 0.0981 -0.9201
vn -0.7041 0.0919 -0.7041
vn -0.0981 0.3792 -0.9201
vn -0.3673 0.3673 -0.8545
vn -0.6663 0.3347 -0.6663
vn -0.9201 0.3792 -0.0981
vn -0.7041 0.7041 -0.0919
vn -0.9201 0.0981 -0.3792
vn -0.8545 0.3673 -0.3673
vn -0.6663 0.6663 -0.3347
vn 0.1004 -0.9899 0.1004
vn 0.9899 -0.1004 0.1004
vn 0.1004 -0.1004 0.9899
vn 0.3792 -0.9201 0.0981
vn 0.7041 -0.7041 0.0919
vn 0.0981 -0.9201 0.3792
vn 0.3673 -0.8545 0.3673
vn 0.6663 -0.6663 0.3347
vn 0.5774 -0.5773 0.5773
vn 0.9201 -0.0981 0.3792
vn 0.7041 -0.0919 0.7041
vn 0.9201 -0.3792 0.0981
vn 0.8545 -0.3673 0.3673
vn 0.6663 -0.3347 0.6663
vn 0.0981 -0.3792 0.9201
vn 0.0919 -0.7041 0.7041
vn 0.3792 -0.0981 0.9201
vn 0.3673 -0.3673 0.8545
vn 0.3347 -0.6663 0.6663
vn 0.1004 0.9899 0.1004
vn 0.1004 0.1004 0.9899
vn 0.9899 0.1004 0.1004
vn 0.0981 0.9201 0.3792
vn 0.0919 0.7041 0.7041
vn 0.3792 0.9201 0.0981
vn 0.3673 0.8545 0.3673
vn 0.3347 0.6663 0.6663
vn 0.5774 0.5773 0.5773
vn 0.3792 0.0981 0.9201
vn 0.7041 0.0919 0.7041
vn 0.0981 0.3792 0.9201
vn 0.3673 0.3673 0.8545
vn 0.6663 0.3347 0.6663
vn 0.9201 0.3792 0.0981
vn 0.7041 0.7041 0.0919
vn 0.9201 0.0981 0.3792
vn 0.8545 0.3673 0.3673
vn 0.6663 0.6663 0.3347
vn 0.1004 -0.9899 -0.1004
vn 0.1004 -0.1004 -0.9899
vn 0.9899 -0.1004 -0.1004
vn 0.0981 -0.9201 -0.3792
vn 0.0919 -0.7041 -0.7041
vn 0.3792 -0.9201 -0.0981
vn 0.3673 -0.8545 -0.3673
vn 0.3347 -0.6663 -0.6663
vn 0.5774 -0.5773 -0.5773
vn 0.3792 -0.0981 -0.9201
vn 0.7041 -0.0919 -0.7041
vn 0.0981 -0.3792 -0.9201
vn 0.3673 -0.3673 -0.8545
vn 0.6663 -0.3347 -0.6663
vn 0.9201 -0.3792 -0.0981
vn 0.7041 -0.7041 -0.0919
vn 0.9201 -0.0981 -0.3792
vn 0.8545 -0.3673 -0.3673
vn 0.6663 -0.6663 -0.3347
vn 0.1004 0.9899 -0.1004
vn 0.9899 0.1004 -0.1004
vn 0.1004 0.1004 -0.9899
vn 0.3792 0.9201 -0.0981
vn 0.7041 0.7041 -0.0919
vn 0.0981 0.9201 -0.3792
vn 0.3673 0.8545 -0.3673
vn 0.6663 0.6663 -0.3347
vn 0.5774 0.5773 -0.5773
vn 0.9201 0.0981 -0.3792
vn 0.7041 0.0919 -0.7041
vn 0.9201 0.3792 -0.0981
vn 0.8545 0.3673 -0.3673
vn 0.6663 0.3347 -0.6663
vn 0.0981 0.3792 -0.9201
vn 0.0919 0.7041 -0.7041
vn 0.3792 0.0981 -0.9201
vn 0.3673 0.3673 -0.8545
vn 0.3347 0.6663 -0.6663
vt 0.152614 0.698604
vt 0.150312 0.698604
vt 0.150255 0.696244
vt 0.152614 0.696302
vt 0.146599 0.698603
vt 0.146599 0.696364
vt 0.150374 0.692589
vt 0.152614 0.692589
vt 0.146599 0.695131
vt 0.346905 0.766084
vt 0.344605 0.766084
vt 0.344548 0.763727
vt 0.346905 0.763784
vt 0.340896 0.766084
vt 0.340896 0.763846
vt 0.344667 0.760075
vt 0.346905 0.760075
vt 0.340896 0.762615
vt 0.262204 0.765347
vt 0.262203 0.763008
vt 0.264601 0.762950
vt 0.264542 0.765347
vt 0.262204 0.759235
vt 0.264479 0.759235
vt 0.268316 0.763071
vt 0.268316 0.765347
vt 0.265732 0.759235
vt 0.346905 0.874239
vt 0.346905 0.876539
vt 0.344548 0.876596
vt 0.344605 0.874239
vt 0.346905 0.880248
vt 0.344667 0.880248
vt 0.340896 0.876477
vt 0.340896 0.874239
vt 0.343436 0.880248
vt 0.024142 0.746703
vt 0.024142 0.749003
vt 0.021784 0.749060
vt 0.021842 0.746703
vt 0.024142 0.752713
vt 0.021904 0.752713
vt 0.018131 0.748941
vt 0.018131 0.746703
vt 0.020672 0.752713
vt 0.262203 0.875364
vt 0.264542 0.875364
vt 0.264601 0.877761
vt 0.262203 0.877703
vt 0.268316 0.875364
vt 0.268316 0.877640
vt 0.264479 0.881476
vt 0.262204 0.881476
vt 0.268316 0.878893
vt 0.260881 0.698603
vt 0.260881 0.696302
vt 0.263240 0.696244
vt 0.263183 0.698603
vt 0.260881 0.692589
vt 0.263121 0.692589
vt 0.266896 0.696364
vt 0.266896 0.698603
vt 0.264354 0.692589
vt 0.152187 0.765347
vt 0.149848 0.765347
vt 0.149789 0.762950
vt 0.152187 0.763008
vt 0.146075 0.765347
vt 0.146075 0.763071
vt 0.149911 0.759235
vt 0.152187 0.759235
vt 0.146075 0.761818
vt 0.328626 0.766004
vt 0.328626 0.763701
vt 0.330986 0.763644
vt 0.330929 0.766004
vt 0.328626 0.759987
vt 0.330867 0.759987
vt 0.334643 0.763763
vt 0.334643 0.766004
vt 0.332100 0.759987
vt 0.132323 0.746703
vt 0.134623 0.746703
vt 0.134680 0.749060
vt 0.132323 0.749003
vt 0.138333 0.746703
vt 0.138333 0.748941
vt 0.134561 0.752713
vt 0.132323 0.752713
vt 0.138333 0.750173
vt 0.328626 0.874320
vt 0.330929 0.874320
vt 0.330986 0.876680
vt 0.328626 0.876623
vt 0.334643 0.874320
vt 0.334643 0.876561
vt 0.330867 0.880337
vt 0.328626 0.880337
vt 0.334643 0.877794
vt 0.152187 0.875364
vt 0.152187 0.877703
vt 0.149789 0.877762
vt 0.149848 0.875364
vt 0.152187 0.881476
vt 0.149911 0.881476
vt 0.146075 0.877640
vt 0.146075 0.875364
vt 0.148658 0.881476
vt 0.152614 0.746722
vt 0.152614 0.749024
vt 0.150255 0.749081
vt 0.150312 0.746722
vt 0.152614 0.752737
vt 0.150374 0.752737
vt 0.146599 0.748962
vt 0.146599 0.746722
vt 0.149141 0.752737
vt 0.023277 0.765425
vt 0.020941 0.765425
vt 0.020883 0.763031
vt 0.023277 0.763089
vt 0.017173 0.765425
vt 0.017173 0.763152
vt 0.021004 0.759322
vt 0.023277 0.759322
vt 0.017173 0.761901
vt 0.394974 0.766084
vt 0.394974 0.763784
vt 0.397331 0.763727
vt 0.397273 0.766084
vt 0.394974 0.760075
vt 0.397211 0.760075
vt 0.400983 0.763846
vt 0.400983 0.766084
vt 0.398443 0.760075
vt 0.024142 0.698622
vt 0.021842 0.698622
vt 0.021784 0.696265
vt 0.024142 0.696322
vt 0.018131 0.698622
vt 0.018131 0.696384
vt 0.021904 0.692612
vt 0.024142 0.692612
vt 0.018131 0.695152
vt 0.394974 0.874239
vt 0.397273 0.874239
vt 0.397331 0.876596
vt 0.394974 0.876539
vt 0.400983 0.874239
vt 0.400983 0.876477
vt 0.397211 0.880248
vt 0.394974 0.880248
vt 0.400983 0.877708
vt 0.023277 0.875287
vt 0.023277 0.877623
vt 0.020883 0.877681
vt 0.020941 0.875287
vt 0.023277 0.881391
vt 0.021004 0.881391
vt 0.017173 0.877560
vt 0.017173 0.875287
vt 0.019753 0.881391
vt 0.260881 0.746722
vt 0.263183 0.746722
vt 0.263240 0.749081
vt 0.260881 0.749024
vt 0.266896 0.746722
vt 0.266896 0.748962
vt 0.263121 0.752737
vt 0.260881 0.752737
vt 0.266896 0.750195
vt 0.280486 0.766004
vt 0.278183 0.766004
vt 0.278125 0.763644
vt 0.280486 0.763701
vt 0.274468 0.766004
vt 0.274468 0.763763
vt 0.278245 0.759987
vt 0.280486 0.759987
vt 0.274468 0.762530
vt 0.133139 0.765425
vt 0.133139 0.763089
vt 0.135533 0.763031
vt 0.135474 0.765425
vt 0.133139 0.759322
vt 0.135412 0.759322
vt 0.139242 0.763152
vt 0.139242 0.765425
vt 0.136663 0.759322
vt 0.132323 0.698622
vt 0.132323 0.696322
vt 0.134680 0.696265
vt 0.134623 0.698622
vt 0.132323 0.692612
vt 0.134561 0.692612
vt 0.138333 0.696384
vt 0.138333 0.698622
vt 0.135793 0.692612
vt 0.133139 0.875287
vt 0.135474 0.875287
vt 0.135533 0.877681
vt 0.133139 0.877623
vt 0.139242 0.875287
vt 0.139242 0.877560
vt 0.135412 0.881391
vt 0.133139 0.881391
vt 0.139242 0.878811
vt 0.280486 0.874320
vt 0.280486 0.876623
vt 0.278125 0.876680
vt 0.278183 0.874320
vt 0.280486 0.880337
vt 0.278245 0.880337
vt 0.274468 0.876561
vt 0.274468 0.874320
vt 0.277011 0.880337
s 1
usemtl Avatar.012
f 993/1337/993 996/1338/996 999/1339/999 998/1340/998
f 996/1338/996 997/1341/997 1000/1342/1000 999/1339/999
f 998/1340/998 999/1339/999 1011/1343/1011 1008/1344/1008
f 999/1339/999 1000/1342/1000 1001/1345/1001 1011/1343/1011
f 994/1346/994 1002/1347/1002 1005/1348/1005 1004/1349/1004
f 1002/1347/1002 1003/1350/1003 1006/1351/1006 1005/1348/1005
f 1004/1349/1004 1005/1348/1005 1000/1352/1000 997/1353/997
f 1005/1348/1005 1006/1351/1006 1001/1354/1001 1000/1352/1000
f 995/1355/995 1007/1356/1007 1010/1357/1010 1009/1358/1009
f 1007/1356/1007 1008/1359/1008 1011/1360/1011 1010/1357/1010
f 1009/1358/1009 1010/1357/1010 1006/1361/1006 1003/1362/1003
f 1010/1357/1010 1011/1360/1011 1001/1363/1001 1006/1361/1006
f 1012/1364/1012 1015/1365/1015 1018/1366/1018 1017/1367/1017
f 1015/1365/1015 1016/1368/1016 1019/1369/1019 1018/1366/1018
f 1017/1367/1017 1018/1366/1018 1030/1370/1030 1027/1371/1027
f 1018/1366/1018 1019/1369/1019 1020/1372/1020 1030/1370/1030
f 1013/1373/1013 1021/1374/1021 1024/1375/1024 1023/1376/1023
f 1021/1374/1021 1022/1377/1022 1025/1378/1025 1024/1375/1024
f 1023/1376/1023 1024/1375/1024 1019/1379/1019 1016/1380/1016
f 1024/1375/1024 1025/1378/1025 1020/1381/1020 1019/1379/1019
f 1014/1382/1014 1026/1383/1026 1029/1384/1029 1028/1385/1028
f 1026/1383/1026 1027/1386/1027 1030/1387/1030 1029/1384/1029
f 1028/1385/1028 1029/1384/1029 1025/1388/1025 1022/1389/1022
f 1029/1384/1029 1030/1387/1030 1020/1390/1020 1025/1388/1025
f 1031/1391/1031 1034/1392/1034 1037/1393/1037 1036/1394/1036
f 1034/1392/1034 1035/1395/1035 1038/1396/1038 1037/1393/1037
f 1036/1394/1036 1037/1393/1037 1049/1397/1049 1046/1398/1046
f 1037/1393/1037 1038/1396/1038 1039/1399/1039 1049/1397/1049
f 1032/1400/1032 1040/1401/1040 1043/1402/1043 1042/1403/1042
f 1040/1401/1040 1041/1404/1041 1044/1405/1044 1043/1402/1043
f 1042/1403/1042 1043/1402/1043 1038/1406/1038 1035/1407/1035
f 1043/1402/1043 1044/1405/1044 1039/1408/1039 1038/1406/1038
f 1033/1409/1033 1045/1410/1045 1048/1411/1048 1047/1412/1047
f 1045/1410/1045 1046/1413/1046 1049/1414/1049 1048/1411/1048
f 1047/1412/1047 1048/1411/1048 1044/1415/1044 1041/1416/1041
f 1048/1411/1048 1049/1414/1049 1039/1417/1039 1044/1415/1044
f 1050/1418/1050 1053/1419/1053 1056/1420/1056 1055/1421/1055
f 1053/1419/1053 1054/1422/1054 1057/1423/1057 1056/1420/1056
f 1055/1421/1055 1056/1420/1056 1068/1424/1068 1065/1425/1065
f 1056/1420/1056 1057/1423/1057 1058/1426/1058 1068/1424/1068
f 1051/1427/1051 1059/1428/1059 1062/1429/1062 1061/1430/1061
f 1059/1428/1059 1060/1431/1060 1063/1432/1063 1062/1429/1062
f 1061/1430/1061 1062/1429/1062 1057/1433/1057 1054/1434/1054
f 1062/1429/1062 1063/1432/1063 1058/1435/1058 1057/1433/1057
f 1052/1436/1052 1064/1437/1064 1067/1438/1067 1066/1439/1066
f 1064/1437/1064 1065/1440/1065 1068/1441/1068 1067/1438/1067
f 1066/1439/1066 1067/1438/1067 1063/1442/1063 1060/1443/1060
f 1067/1438/1067 1068/1441/1068 1058/1444/1058 1063/1442/1063
f 1069/1445/1069 1072/1446/1072 1075/1447/1075 1074/1448/1074
f 1072/1446/1072 1073/1449/1073 1076/1450/1076 1075/1447/1075
f 1074/1448/1074 1075/1447/1075 1087/1451/1087 1084/1452/1084
f 1075/1447/1075 1076/1450/1076 1077/1453/1077 1087/1451/1087
f 1070/1454/1070 1078/1455/1078 1081/1456/1081 1080/1457/1080
f 1078/1455/1078 1079/1458/1079 1082/1459/1082 1081/1456/1081
f 1080/1457/1080 1081/1456/1081 1076/1460/1076 1073/1461/1073
f 1081/1456/1081 1082/1459/1082 1077/1462/1077 1076/1460/1076
f 1071/1463/1071 1083/1464/1083 1086/1465/1086 1085/1466/1085
f 1083/1464/1083 1084/1467/1084 1087/1468/1087 1086/1465/1086
f 1085/1466/1085 1086/1465/1086 1082/1469/1082 1079/1470/1079
f 1086/1465/1086 1087/1468/1087 1077/1471/1077 1082/1469/1082
f 1088/1472/1088 1091/1473/1091 1094/1474/1094 1093/1475/1093
f 1091/1473/1091 1092/1476/1092 1095/1477/1095 1094/1474/1094
f 1093/1475/1093 1094/1474/1094 1106/1478/1106 1103/1479/1103
f 1094/1474/1094 1095/1477/1095 1096/1480/1096 1106/1478/1106
f 1089/1481/1089 1097/1482/1097 1100/1483/1100 1099/1484/1099
f 1097/1482/1097 1098/1485/1098 1101/1486/1101 1100/1483/1100
f 1099/1484/1099 1100/1483/1100 1095/1487/1095 1092/1488/1092
f 1100/1483/1100 1101/1486/1101 1096/1489/1096 1095/1487/1095
f 1090/1490/1090 1102/1491/1102 1105/1492/1105 1104/1493/1104
f 1102/1491/1102 1103/1494/1103 1106/1495/1106 1105/1492/1105
f 1104/1493/1104 1105/1492/1105 1101/1496/1101 1098/1497/1098
f 1105/1492/1105 1106/1495/1106 1096/1498/1096 1101/1496/1101
f 1107/1499/1107 1110/1500/1110 1113/1501/1113 1112/1502/1112
f 1110/1500/1110 1111/1503/1111 1114/1504/1114 1113/1501/1113
f 1112/1502/1112 1113/1501/1113 1125/1505/1125 1122/1506/1122
f 1113/1501/1113 1114/1504/1114 1115/1507/1115 1125/1505/1125
f 1108/1508/1108 1116/1509/1116 1119/1510/1119 1118/1511/1118
f 1116/1509/1116 1117/1512/1117 1120/1513/1120 1119/1510/1119
f 1118/1511/1118 1119/1510/1119 1114/1514/1114 1111/1515/1111
f 1119/1510/1119 1120/1513/1120 1115/1516/1115 1114/1514/1114
f 1109/1517/1109 1121/1518/1121 1124/1519/1124 1123/1520/1123
f 1121/1518/1121 1122/1521/1122 1125/1522/1125 1124/1519/1124
f 1123/1520/1123 1124/1519/1124 1120/1523/1120 1117/1524/1117
f 1124/1519/1124 1125/1522/1125 1115/1525/1115 1120/1523/1120
f 1126/1526/1126 1129/1527/1129 1132/1528/1132 1131/1529/1131
f 1129/1527/1129 1130/1530/1130 1133/1531/1133 1132/1528/1132
f 1131/1529/1131 1132/1528/1132 1144/1532/1144 1141/1533/1141
f 1132/1528/1132 1133/1531/1133 1134/1534/1134 1144/1532/1144
f 1127/1535/1127 1135/1536/1135 1138/1537/1138 1137/1538/1137
f 1135/1536/1135 1136/1539/1136 1139/1540/1139 1138/1537/1138
f 1137/1538/1137 1138/1537/1138 1133/1541/1133 1130/1542/1130
f 1138/1537/1138 1139/1540/1139 1134/1543/1134 1133/1541/1133
f 1128/1544/1128 1140/1545/1140 1143/1546/1143 1142/1547/1142
f 1140/1545/1140 1141/1548/1141 1144/1549/1144 1143/1546/1143
f 1142/1547/1142 1143/1546/1143 1139/1550/1139 1136/1551/1136
f 1143/1546/1143 1144/1549/1144 1134/1552/1134 1139/1550/1139
f 1031/1391/1031 993/1337/993 998/1340/998 1034/1392/1034
f 1034/1392/1034 998/1340/998 1008/1344/1008 1035/1395/1035
f 1035/1407/1035 1008/1359/1008 1007/1356/1007 1042/1403/1042
f 1042/1403/1042 1007/1356/1007 995/1355/995 1032/1400/1032
f 994/1346/994 1012/1364/1012 1017/1367/1017 1002/1347/1002
f 1002/1347/1002 1017/1367/1017 1027/1371/1027 1003/1350/1003
f 1003/1362/1003 1027/1386/1027 1026/1383/1026 1009/1358/1009
f 1009/1358/1009 1026/1383/1026 1014/1382/1014 995/1355/995
f 1013/1373/1013 1050/1418/1050 1055/1421/1055 1021/1374/1021
f 1021/1374/1021 1055/1421/1055 1065/1425/1065 1022/1377/1022
f 1022/1389/1022 1065/1440/1065 1064/1437/1064 1028/1385/1028
f 1028/1385/1028 1064/1437/1064 1052/1436/1052 1014/1382/1014
f 1051/1427/1051 1033/1409/1033 1047/1412/1047 1059/1428/1059
f 1059/1428/1059 1047/1412/1047 1041/1416/1041 1060/1431/1060
f 1060/1443/1060 1041/1404/1041 1040/1401/1040 1066/1439/1066
f 1066/1439/1066 1040/1401/1040 1032/1400/1032 1052/1436/1052
f 1107/1499/1107 1031/1391/1031 1036/1394/1036 1110/1500/1110
f 1110/1500/1110 1036/1394/1036 1046/1398/1046 1111/1503/1111
f 1111/1515/1111 1046/1413/1046 1045/1410/1045 1118/1511/1118
f 1118/1511/1118 1045/1410/1045 1033/1409/1033 1108/1508/1108
f 1050/1418/1050 1126/1526/1126 1131/1529/1131 1053/1419/1053
f 1053/1419/1053 1131/1529/1131 1141/1533/1141 1054/1422/1054
f 1054/1434/1054 1141/1548/1141 1140/1545/1140 1061/1430/1061
f 1061/1430/1061 1140/1545/1140 1128/1544/1128 1051/1427/1051
f 1127/1535/1127 1109/1517/1109 1123/1520/1123 1135/1536/1135
f 1135/1536/1135 1123/1520/1123 1117/1524/1117 1136/1539/1136
f 1136/1551/1136 1117/1512/1117 1116/1509/1116 1142/1547/1142
f 1142/1547/1142 1116/1509/1116 1108/1508/1108 1128/1544/1128
f 1069/1445/1069 1107/1499/1107 1112/1502/1112 1072/1446/1072
f 1072/1446/1072 1112/1502/1112 1122/1506/1122 1073/1449/1073
f 1073/1461/1073 1122/1521/1122 1121/1518/1121 1080/1457/1080
f 1080/1457/1080 1121/1518/1121 1109/1517/1109 1070/1454/1070
f 1126/1526/1126 1088/1472/1088 1093/1475/1093 1129/1527/1129
f 1129/1527/1129 1093/1475/1093 1103/1479/1103 1130/1530/1130
f 1130/1542/1130 1103/1494/1103 1102/1491/1102 1137/1538/1137
f 1137/1538/1137 1102/1491/1102 1090/1490/1090 1127/1535/1127
f 1089/1481/1089 1071/1463/1071 1085/1466/1085 1097/1482/1097
f 1097/1482/1097 1085/1466/1085 1079/1470/1079 1098/1485/1098
f 1098/1497/1098 1079/1458/1079 1078/1455/1078 1104/1493/1104
f 1104/1493/1104 1078/1455/1078 1070/1454/1070 1090/1490/1090
f 993/1337/993 1069/1445/1069 1074/1448/1074 996/1338/996
f 996/1338/996 1074/1448/1074 1084/1452/1084 997/1341/997
f 997/1353/997 1084/1467/1084 1083/1464/1083 1004/1349/1004
f 1004/1349/1004 1083/1464/1083 1071/1463/1071 994/1346/994
f 1088/1472/1088 1013/1373/1013 1023/1376/1023 1091/1473/1091
f 1091/1473/1091 1023/1376/1023 1016/1380/1016 1092/1476/1092
f 1092/1488/1092 1016/1368/1016 1015/1365/1015 1099/1484/1099
f 1099/1484/1099 1015/1365/1015 1012/1364/1012 1089/1481/1089
f 1031/1391/1031 1107/1499/1107 1069/1445/1069 993/1337/993
f 995/1355/995 1014/1382/1014 1052/1436/1052 1032/1400/1032
f 1071/1463/1071 1089/1481/1089 1012/1364/1012 994/1346/994
f 1126/1526/1126 1050/1418/1050 1013/1373/1013 1088/1472/1088
f 1033/1409/1033 1051/1427/1051 1128/1544/1128 1108/1508/1108
f 1109/1517/1109 1127/1535/1127 1090/1490/1090 1070/1454/1070
