# Blender 5.0.0
# www.blender.org
mtllib new_body.mtl
o Left_Arm
v -0.800000 4.000000 -2.200000
v -0.800000 4.200000 -2.000000
v -1.000000 4.200000 -2.200000
v -0.800000 4.026719 -2.100131
v -0.899869 4.026719 -2.200000
v -0.895642 4.052673 -2.104358
v -0.899869 4.200000 -2.026719
v -0.800000 4.100131 -2.026719
v -0.895642 4.104358 -2.052674
v -0.973281 4.100131 -2.200000
v -0.973281 4.200000 -2.100131
v -0.947326 4.104358 -2.104358
v -0.800000 7.800000 -2.000000
v -0.800000 8.000000 -2.200002
v -1.000000 7.800000 -2.200001
v -0.800000 7.899869 -2.026721
v -0.899869 7.800000 -2.026721
v -0.895642 7.895642 -2.052676
v -0.899869 7.973281 -2.200002
v -0.800000 7.973281 -2.100133
v -0.895642 7.947327 -2.104360
v -0.973281 7.800000 -2.100132
v -0.973281 7.899869 -2.200002
v -0.947326 7.895642 -2.104360
v -0.800000 4.000000 -3.800000
v -1.000000 4.199998 -3.800000
v -0.800000 4.199998 -4.000000
v -0.899869 4.026719 -3.800000
v -0.800000 4.026719 -3.899869
v -0.895642 4.052671 -3.895642
v -0.973281 4.199998 -3.899869
v -0.973281 4.100131 -3.800000
v -0.947326 4.104358 -3.895642
v -0.800000 4.100131 -3.973281
v -0.899869 4.199998 -3.973281
v -0.895642 4.104358 -3.947326
v -0.800000 8.000000 -3.800002
v -0.800000 7.800000 -4.000000
v -1.000000 7.800000 -3.800000
v -0.800000 7.973279 -3.899871
v -0.899869 7.973279 -3.800002
v -0.895642 7.947327 -3.895644
v -0.899869 7.800000 -3.973281
v -0.800000 7.899868 -3.973283
v -0.895642 7.895640 -3.947328
v -0.973281 7.899868 -3.800002
v -0.973281 7.800000 -3.899869
v -0.947326 7.895640 -3.895644
v 0.800000 4.000000 -2.200000
v 1.000000 4.200000 -2.200000
v 0.800000 4.200000 -2.000000
v 0.899869 4.026719 -2.200000
v 0.800000 4.026719 -2.100131
v 0.895642 4.052673 -2.104358
v 0.973281 4.200000 -2.100131
v 0.973281 4.100131 -2.200000
v 0.947326 4.104358 -2.104358
v 0.800000 4.100131 -2.026719
v 0.899869 4.200000 -2.026719
v 0.895642 4.104358 -2.052674
v 0.800000 8.000000 -2.200002
v 0.800000 7.800000 -2.000000
v 1.000000 7.800000 -2.200001
v 0.800000 7.973281 -2.100133
v 0.899869 7.973281 -2.200002
v 0.895642 7.947327 -2.104360
v 0.899869 7.800000 -2.026721
v 0.800000 7.899869 -2.026721
v 0.895642 7.895642 -2.052676
v 0.973281 7.899869 -2.200002
v 0.973281 7.800000 -2.100132
v 0.947326 7.895642 -2.104360
v 0.800000 4.000000 -3.800000
v 0.800000 4.199998 -4.000000
v 1.000000 4.199998 -3.800000
v 0.800000 4.026719 -3.899869
v 0.899869 4.026719 -3.800000
v 0.895642 4.052671 -3.895642
v 0.899869 4.199998 -3.973281
v 0.800000 4.100131 -3.973281
v 0.895642 4.104358 -3.947326
v 0.973281 4.100131 -3.800000
v 0.973281 4.199998 -3.899869
v 0.947326 4.104358 -3.895642
v 0.800000 8.000000 -3.800002
v 1.000000 7.800000 -3.800000
v 0.800000 7.800000 -4.000000
v 0.899869 7.973279 -3.800002
v 0.800000 7.973279 -3.899871
v 0.895642 7.947327 -3.895644
v 0.973281 7.800000 -3.899869
v 0.973281 7.899868 -3.800002
v 0.947326 7.895640 -3.895644
v 0.800000 7.899868 -3.973283
v 0.899869 7.800000 -3.973281
v 0.895642 7.895640 -3.947328
vn -0.1296 -0.9831 0.1296
vn -0.1216 -0.8623 0.4915
vn -0.4474 -0.7744 0.4474
vn -0.4915 -0.8623 0.1216
vn -0.1216 -0.4915 0.8623
vn -0.4474 -0.4473 0.7744
vn -0.1296 -0.1296 0.9831
vn -0.4915 -0.1216 0.8623
vn -0.8623 -0.1216 0.4915
vn -0.7744 -0.4473 0.4474
vn -0.9831 -0.1296 0.1296
vn -0.8623 -0.4915 0.1216
vn -0.1296 0.1296 0.9831
vn -0.1216 0.4915 0.8623
vn -0.4474 0.4473 0.7744
vn -0.4915 0.1216 0.8623
vn -0.1216 0.8623 0.4915
vn -0.4474 0.7744 0.4474
vn -0.1296 0.9831 0.1296
vn -0.4915 0.8623 0.1216
vn -0.8623 0.4915 0.1216
vn -0.7744 0.4473 0.4474
vn -0.9831 0.1296 0.1296
vn -0.8623 0.1216 0.4915
vn -0.1296 -0.9831 -0.1296
vn -0.4915 -0.8623 -0.1216
vn -0.4474 -0.7744 -0.4474
vn -0.1216 -0.8623 -0.4915
vn -0.8623 -0.4915 -0.1216
vn -0.7744 -0.4473 -0.4474
vn -0.9831 -0.1296 -0.1296
vn -0.8623 -0.1216 -0.4915
vn -0.4915 -0.1216 -0.8623
vn -0.4473 -0.4473 -0.7744
vn -0.1296 -0.1296 -0.9831
vn -0.1216 -0.4915 -0.8623
vn -0.1296 0.9831 -0.1296
vn -0.1216 0.8623 -0.4916
vn -0.4474 0.7744 -0.4474
vn -0.4915 0.8623 -0.1216
vn -0.1216 0.4915 -0.8623
vn -0.4474 0.4473 -0.7744
vn -0.1296 0.1296 -0.9831
vn -0.4915 0.1216 -0.8623
vn -0.8623 0.1216 -0.4915
vn -0.7744 0.4473 -0.4474
vn -0.9831 0.1296 -0.1296
vn -0.8623 0.4915 -0.1216
vn 0.1296 -0.9831 0.1296
vn 0.4915 -0.8623 0.1216
vn 0.4474 -0.7744 0.4474
vn 0.1216 -0.8623 0.4915
vn 0.8623 -0.4915 0.1216
vn 0.7744 -0.4473 0.4474
vn 0.9831 -0.1296 0.1296
vn 0.8623 -0.1216 0.4915
vn 0.4915 -0.1216 0.8623
vn 0.4474 -0.4473 0.7744
vn 0.1296 -0.1296 0.9831
vn 0.1216 -0.4915 0.8623
vn 0.1296 0.9831 0.1296
vn 0.1216 0.8623 0.4915
vn 0.4474 0.7744 0.4474
vn 0.4915 0.8623 0.1216
vn 0.1216 0.4915 0.8623
vn 0.4474 0.4473 0.7744
vn 0.1296 0.1296 0.9831
vn 0.4915 0.1216 0.8623
vn 0.8623 0.1216 0.4915
vn 0.7744 0.4473 0.4474
vn 0.9831 0.1296 0.1296
vn 0.8623 0.4915 0.1216
vn 0.1296 -0.9831 -0.1296
vn 0.1216 -0.8623 -0.4915
vn 0.4474 -0.7744 -0.4474
vn 0.4915 -0.8623 -0.1216
vn 0.1216 -0.4915 -0.8623
vn 0.4474 -0.4473 -0.7744
vn 0.1296 -0.1296 -0.9831
vn 0.4915 -0.1216 -0.8623
vn 0.8623 -0.1216 -0.4915
vn 0.7744 -0.4473 -0.4474
vn 0.9831 -0.1296 -0.1296
vn 0.8623 -0.4915 -0.1216
vn 0.1296 0.9831 -0.1296
vn 0.4915 0.8623 -0.1216
vn 0.4474 0.7744 -0.4474
vn 0.1216 0.8623 -0.4915
vn 0.8623 0.4915 -0.1216
vn 0.7744 0.4473 -0.4474
vn 0.9831 0.1296 -0.1296
vn 0.8623 0.1216 -0.4915
vn 0.4915 0.1216 -0.8623
vn 0.4474 0.4473 -0.7744
vn 0.1296 0.1296 -0.9831
vn 0.1216 0.4915 -0.8623
vt 0.136996 0.380996
vt 0.132391 0.380996
vt 0.132586 0.376587
vt 0.136996 0.376392
vt 0.127775 0.380996
vt 0.127775 0.376587
vt 0.343795 0.484998
vt 0.339173 0.484998
vt 0.339369 0.475743
vt 0.343795 0.475743
vt 0.334540 0.484998
vt 0.334540 0.475743
vt 0.210772 0.485262
vt 0.210772 0.476028
vt 0.215188 0.476028
vt 0.220006 0.485262
vt 0.136996 0.371775
vt 0.132586 0.371775
vt 0.343795 0.651588
vt 0.343795 0.660843
vt 0.339369 0.660843
vt 0.339173 0.651588
vt 0.024350 0.454736
vt 0.028959 0.454736
vt 0.029153 0.459138
vt 0.024350 0.459138
vt 0.033555 0.454736
vt 0.033555 0.459332
vt 0.033555 0.463941
vt 0.029153 0.463941
vt 0.210772 0.651462
vt 0.220006 0.651462
vt 0.215188 0.660695
vt 0.210772 0.660695
vt 0.334540 0.651588
vt 0.334540 0.660843
vt 0.210762 0.380996
vt 0.210762 0.376392
vt 0.215172 0.376587
vt 0.215367 0.380996
vt 0.210762 0.371775
vt 0.215172 0.371775
vt 0.136906 0.485262
vt 0.127672 0.485262
vt 0.132490 0.476028
vt 0.136906 0.476028
vt 0.323774 0.484717
vt 0.319128 0.484717
vt 0.318931 0.475436
vt 0.323774 0.475436
vt 0.314493 0.484717
vt 0.314493 0.475436
vt 0.219983 0.380996
vt 0.219983 0.376587
vt 0.107200 0.454736
vt 0.111797 0.454736
vt 0.111602 0.459138
vt 0.107200 0.459332
vt 0.116406 0.454736
vt 0.116406 0.459138
vt 0.314493 0.651780
vt 0.319128 0.651780
vt 0.318931 0.661061
vt 0.314493 0.661061
vt 0.323774 0.651780
vt 0.323774 0.661061
vt 0.136906 0.651462
vt 0.136906 0.660695
vt 0.132490 0.660695
vt 0.127672 0.651462
vt 0.107200 0.463941
vt 0.111602 0.463941
vt 0.136996 0.454763
vt 0.136996 0.459367
vt 0.132586 0.459172
vt 0.132391 0.454763
vt 0.136996 0.463984
vt 0.132586 0.463984
vt 0.033361 0.485149
vt 0.028745 0.485149
vt 0.028940 0.475904
vt 0.033361 0.475904
vt 0.024117 0.485149
vt 0.024117 0.475904
vt 0.417835 0.484998
vt 0.417835 0.475743
vt 0.422261 0.475743
vt 0.427090 0.484998
vt 0.127775 0.454763
vt 0.127775 0.459172
vt 0.033555 0.381091
vt 0.028959 0.381091
vt 0.029153 0.376689
vt 0.033555 0.376494
vt 0.024350 0.381091
vt 0.024350 0.376689
vt 0.417835 0.651588
vt 0.427090 0.651588
vt 0.422261 0.660843
vt 0.417835 0.660843
vt 0.024117 0.651551
vt 0.028745 0.651551
vt 0.028940 0.660796
vt 0.024117 0.660796
vt 0.033361 0.651551
vt 0.033361 0.660796
vt 0.033555 0.371885
vt 0.029153 0.371885
vt 0.210762 0.454763
vt 0.215367 0.454763
vt 0.215172 0.459172
vt 0.210762 0.459367
vt 0.219983 0.454763
vt 0.219983 0.459172
vt 0.240243 0.484717
vt 0.230962 0.484717
vt 0.235805 0.475436
vt 0.240243 0.475436
vt 0.116563 0.485149
vt 0.111934 0.485149
vt 0.111739 0.475904
vt 0.116563 0.475904
vt 0.107318 0.485149
vt 0.107318 0.475904
vt 0.210762 0.463984
vt 0.215172 0.463984
vt 0.107200 0.381091
vt 0.107200 0.376494
vt 0.111602 0.376689
vt 0.111797 0.381091
vt 0.107200 0.371885
vt 0.111602 0.371885
vt 0.107318 0.651551
vt 0.111934 0.651551
vt 0.111739 0.660796
vt 0.107318 0.660796
vt 0.116563 0.651551
vt 0.116563 0.660796
vt 0.240243 0.651780
vt 0.240243 0.661061
vt 0.235805 0.661061
vt 0.230962 0.651780
vt 0.116406 0.381091
vt 0.116406 0.376689
s 1
usemtl Material.009
f 1/1/1 4/2/2 6/3/3 5/4/4
f 4/2/2 8/5/5 9/6/6 6/3/3
f 2/7/7 7/8/8 9/9/6 8/10/5
f 7/8/8 11/11/9 12/12/10 9/9/6
f 3/13/11 10/14/12 12/15/10 11/16/9
f 10/17/12 5/4/4 6/3/3 12/18/10
f 6/3/3 9/6/6 12/18/10
f 13/19/13 16/20/14 18/21/15 17/22/16
f 16/23/14 20/24/17 21/25/18 18/26/15
f 14/27/19 19/28/20 21/25/18 20/24/17
f 19/28/20 23/29/21 24/30/22 21/25/18
f 15/31/23 22/32/24 24/33/22 23/34/21
f 22/35/24 17/22/16 18/21/15 24/36/22
f 18/26/15 21/25/18 24/30/22
f 25/37/25 28/38/26 30/39/27 29/40/28
f 28/38/26 32/41/29 33/42/30 30/39/27
f 26/43/31 31/44/32 33/45/30 32/46/29
f 31/47/32 35/48/33 36/49/34 33/50/30
f 27/51/35 34/52/36 36/49/34 35/48/33
f 34/53/36 29/40/28 30/39/27 36/54/34
f 30/39/27 33/42/30 36/54/34
f 37/55/37 40/56/38 42/57/39 41/58/40
f 40/56/38 44/59/41 45/60/42 42/57/39
f 38/61/43 43/62/44 45/63/42 44/64/41
f 43/62/44 47/65/45 48/66/46 45/63/42
f 39/67/47 46/68/48 48/69/46 47/70/45
f 46/71/48 41/58/40 42/57/39 48/72/46
f 42/57/39 45/60/42 48/72/46
f 49/73/49 52/74/50 54/75/51 53/76/52
f 52/74/50 56/77/53 57/78/54 54/75/51
f 50/79/55 55/80/56 57/81/54 56/82/53
f 55/80/56 59/83/57 60/84/58 57/81/54
f 51/85/59 58/86/60 60/87/58 59/88/57
f 58/89/60 53/76/52 54/75/51 60/90/58
f 54/75/51 57/78/54 60/90/58
f 61/91/61 64/92/62 66/93/63 65/94/64
f 64/92/62 68/95/65 69/96/66 66/93/63
f 62/97/67 67/98/68 69/99/66 68/100/65
f 67/101/68 71/102/69 72/103/70 69/104/66
f 63/105/71 70/106/72 72/103/70 71/102/69
f 70/107/72 65/94/64 66/93/63 72/108/70
f 66/93/63 69/96/66 72/108/70
f 73/109/73 76/110/74 78/111/75 77/112/76
f 76/110/74 80/113/77 81/114/78 78/111/75
f 74/115/79 79/116/80 81/117/78 80/118/77
f 79/119/80 83/120/81 84/121/82 81/122/78
f 75/123/83 82/124/84 84/121/82 83/120/81
f 82/125/84 77/112/76 78/111/75 84/126/82
f 78/111/75 81/114/78 84/126/82
f 85/127/85 88/128/86 90/129/87 89/130/88
f 88/128/86 92/131/89 93/132/90 90/129/87
f 86/133/91 91/134/92 93/135/90 92/136/89
f 91/134/92 95/137/93 96/138/94 93/135/90
f 87/139/95 94/140/96 96/141/94 95/142/93
f 94/143/96 89/130/88 90/129/87 96/144/94
f 90/129/87 93/132/90 96/144/94
f 25/37/25 1/1/1 5/4/4 28/38/26
f 28/38/26 5/4/4 10/17/12 32/41/29
f 32/46/29 10/14/12 3/13/11 26/43/31
f 2/7/7 13/19/13 17/22/16 7/8/8
f 7/8/8 17/22/16 22/35/24 11/11/9
f 11/16/9 22/32/24 15/31/23 3/13/11
f 14/27/19 37/55/37 41/58/40 19/28/20
f 19/28/20 41/58/40 46/71/48 23/29/21
f 23/34/21 46/68/48 39/67/47 15/31/23
f 38/61/43 27/51/35 35/48/33 43/62/44
f 43/62/44 35/48/33 31/47/32 47/65/45
f 47/70/45 31/44/32 26/43/31 39/67/47
f 73/109/73 25/37/25 29/40/28 76/110/74
f 76/110/74 29/40/28 34/53/36 80/113/77
f 80/118/77 34/52/36 27/51/35 74/115/79
f 37/55/37 85/127/85 89/130/88 40/56/38
f 40/56/38 89/130/88 94/143/96 44/59/41
f 44/64/41 94/140/96 87/139/95 38/61/43
f 86/133/91 75/123/83 83/120/81 91/134/92
f 91/134/92 83/120/81 79/119/80 95/137/93
f 95/142/93 79/116/80 74/115/79 87/139/95
f 49/73/49 73/109/73 77/112/76 52/74/50
f 52/74/50 77/112/76 82/125/84 56/77/53
f 56/82/53 82/124/84 75/123/83 50/79/55
f 85/127/85 61/91/61 65/94/64 88/128/86
f 88/128/86 65/94/64 70/107/72 92/131/89
f 92/136/89 70/106/72 63/105/71 86/133/91
f 62/97/67 51/85/59 59/88/57 67/98/68
f 67/101/68 59/83/57 55/80/56 71/102/69
f 71/102/69 55/80/56 50/79/55 63/105/71
f 1/1/1 49/73/49 53/76/52 4/2/2
f 4/2/2 53/76/52 58/89/60 8/5/5
f 8/10/5 58/86/60 51/85/59 2/7/7
f 61/91/61 14/27/19 20/24/17 64/92/62
f 64/92/62 20/24/17 16/23/14 68/95/65
f 68/100/65 16/20/14 13/19/13 62/97/67
f 25/37/25 73/109/73 49/73/49 1/1/1
f 3/13/11 15/31/23 39/67/47 26/43/31
f 51/85/59 62/97/67 13/19/13 2/7/7
f 85/127/85 37/55/37 14/27/19 61/91/61
f 27/51/35 38/61/43 87/139/95 74/115/79
f 75/123/83 86/133/91 63/105/71 50/79/55
o Left_Leg
v -0.800000 -0.000000 -0.200000
v -0.800000 0.200000 -0.000000
v -1.000000 0.200000 -0.200000
v -0.800000 0.026719 -0.100131
v -0.899869 0.026719 -0.200000
v -0.895642 0.052673 -0.104358
v -0.899869 0.200000 -0.026719
v -0.800000 0.100131 -0.026719
v -0.895642 0.104358 -0.052674
v -0.973281 0.100131 -0.200000
v -0.973281 0.200000 -0.100131
v -0.947326 0.104358 -0.104358
v -0.800000 3.800000 -0.000000
v -0.800000 4.000000 -0.200000
v -1.000000 3.800000 -0.200000
v -0.800000 3.899869 -0.026719
v -0.899869 3.800000 -0.026719
v -0.895642 3.895642 -0.052674
v -0.899869 3.973281 -0.200000
v -0.800000 3.973281 -0.100131
v -0.895642 3.947327 -0.104358
v -0.973281 3.800000 -0.100131
v -0.973281 3.899869 -0.200000
v -0.947326 3.895642 -0.104358
v -0.800000 -0.000000 -1.800000
v -1.000000 0.200000 -1.800000
v -0.800000 0.200000 -2.000000
v -0.899869 0.026719 -1.800000
v -0.800000 0.026719 -1.899869
v -0.895642 0.052673 -1.895642
v -0.973281 0.200000 -1.899869
v -0.973281 0.100131 -1.800000
v -0.947326 0.104358 -1.895642
v -0.800000 0.100131 -1.973281
v -0.899869 0.200000 -1.973281
v -0.895642 0.104358 -1.947326
v -0.800000 4.000000 -1.800000
v -0.800000 3.800000 -2.000000
v -1.000000 3.800000 -1.800000
v -0.800000 3.973281 -1.899869
v -0.899869 3.973281 -1.800000
v -0.895642 3.947327 -1.895642
v -0.899869 3.800000 -1.973281
v -0.800000 3.899869 -1.973281
v -0.895642 3.895642 -1.947326
v -0.973281 3.899869 -1.800000
v -0.973281 3.800000 -1.899869
v -0.947326 3.895642 -1.895642
v 0.800000 -0.000000 -0.200000
v 1.000000 0.200000 -0.200000
v 0.800000 0.200000 -0.000000
v 0.899869 0.026719 -0.200000
v 0.800000 0.026719 -0.100131
v 0.895642 0.052673 -0.104358
v 0.973281 0.200000 -0.100131
v 0.973281 0.100131 -0.200000
v 0.947326 0.104358 -0.104358
v 0.800000 0.100131 -0.026719
v 0.899869 0.200000 -0.026719
v 0.895642 0.104358 -0.052674
v 0.800000 4.000000 -0.200000
v 0.800000 3.800000 -0.000000
v 1.000000 3.800000 -0.200000
v 0.800000 3.973281 -0.100131
v 0.899869 3.973281 -0.200000
v 0.895642 3.947327 -0.104358
v 0.899869 3.800000 -0.026719
v 0.800000 3.899869 -0.026719
v 0.895642 3.895642 -0.052674
v 0.973281 3.899869 -0.200000
v 0.973281 3.800000 -0.100131
v 0.947326 3.895642 -0.104358
v 0.800000 -0.000000 -1.800000
v 0.800000 0.200000 -2.000000
v 1.000000 0.200000 -1.800000
v 0.800000 0.026719 -1.899869
v 0.899869 0.026719 -1.800000
v 0.895642 0.052673 -1.895642
v 0.899869 0.200000 -1.973281
v 0.800000 0.100131 -1.973281
v 0.895642 0.104358 -1.947326
v 0.973281 0.100131 -1.800000
v 0.973281 0.200000 -1.899869
v 0.947326 0.104358 -1.895642
v 0.800000 4.000000 -1.800000
v 1.000000 3.800000 -1.800000
v 0.800000 3.800000 -2.000000
v 0.899869 3.973281 -1.800000
v 0.800000 3.973281 -1.899869
v 0.895642 3.947327 -1.895642
v 0.973281 3.800000 -1.899869
v 0.973281 3.899869 -1.800000
v 0.947326 3.895642 -1.895642
v 0.800000 3.899869 -1.973281
v 0.899869 3.800000 -1.973281
v 0.895642 3.895642 -1.947326
vn -0.1296 -0.9831 0.1296
vn -0.1216 -0.8623 0.4915
vn -0.4474 -0.7744 0.4474
vn -0.4915 -0.8623 0.1216
vn -0.1216 -0.4915 0.8623
vn -0.4474 -0.4473 0.7744
vn -0.1296 -0.1296 0.9831
vn -0.4915 -0.1216 0.8623
vn -0.8623 -0.1216 0.4915
vn -0.7744 -0.4473 0.4474
vn -0.9831 -0.1296 0.1296
vn -0.8623 -0.4915 0.1216
vn -0.1296 0.1296 0.9831
vn -0.1216 0.4915 0.8623
vn -0.4474 0.4474 0.7744
vn -0.4915 0.1216 0.8623
vn -0.1216 0.8623 0.4915
vn -0.4474 0.7744 0.4474
vn -0.1296 0.9831 0.1296
vn -0.4915 0.8623 0.1216
vn -0.8623 0.4915 0.1216
vn -0.7744 0.4473 0.4474
vn -0.9831 0.1296 0.1296
vn -0.8623 0.1216 0.4915
vn -0.1296 -0.9831 -0.1296
vn -0.4915 -0.8623 -0.1216
vn -0.4474 -0.7744 -0.4474
vn -0.1216 -0.8623 -0.4915
vn -0.8623 -0.4915 -0.1216
vn -0.7744 -0.4473 -0.4474
vn -0.9831 -0.1296 -0.1296
vn -0.8623 -0.1216 -0.4915
vn -0.4915 -0.1216 -0.8623
vn -0.4474 -0.4473 -0.7744
vn -0.1296 -0.1296 -0.9831
vn -0.1216 -0.4915 -0.8623
vn -0.1296 0.9831 -0.1296
vn -0.1216 0.8623 -0.4915
vn -0.4474 0.7744 -0.4474
vn -0.4915 0.8623 -0.1216
vn -0.1216 0.4915 -0.8623
vn -0.4474 0.4473 -0.7744
vn -0.1296 0.1296 -0.9831
vn -0.4915 0.1216 -0.8623
vn -0.8623 0.1216 -0.4915
vn -0.7744 0.4473 -0.4473
vn -0.9831 0.1296 -0.1296
vn -0.8623 0.4915 -0.1216
vn 0.1296 -0.9831 0.1296
vn 0.4915 -0.8623 0.1216
vn 0.4474 -0.7744 0.4474
vn 0.1216 -0.8623 0.4915
vn 0.8623 -0.4915 0.1216
vn 0.7744 -0.4473 0.4474
vn 0.9831 -0.1296 0.1296
vn 0.8623 -0.1216 0.4915
vn 0.4915 -0.1216 0.8623
vn 0.4474 -0.4473 0.7744
vn 0.1296 -0.1296 0.9831
vn 0.1216 -0.4915 0.8623
vn 0.1296 0.9831 0.1296
vn 0.1216 0.8623 0.4915
vn 0.4474 0.7744 0.4474
vn 0.4915 0.8623 0.1216
vn 0.1216 0.4915 0.8623
vn 0.4474 0.4474 0.7744
vn 0.1296 0.1296 0.9831
vn 0.4915 0.1216 0.8623
vn 0.8623 0.1216 0.4915
vn 0.7744 0.4473 0.4473
vn 0.9831 0.1296 0.1296
vn 0.8623 0.4915 0.1216
vn 0.1296 -0.9831 -0.1296
vn 0.1216 -0.8623 -0.4915
vn 0.4474 -0.7744 -0.4474
vn 0.4915 -0.8623 -0.1216
vn 0.1216 -0.4915 -0.8623
vn 0.4474 -0.4473 -0.7744
vn 0.1296 -0.1296 -0.9831
vn 0.4915 -0.1216 -0.8623
vn 0.8623 -0.1216 -0.4915
vn 0.7744 -0.4473 -0.4474
vn 0.9831 -0.1296 -0.1296
vn 0.8623 -0.4915 -0.1216
vn 0.1296 0.9831 -0.1296
vn 0.4915 0.8623 -0.1216
vn 0.4474 0.7744 -0.4474
vn 0.1216 0.8623 -0.4915
vn 0.8623 0.4915 -0.1216
vn 0.7744 0.4473 -0.4474
vn 0.9831 0.1296 -0.1296
vn 0.8623 0.1216 -0.4915
vn 0.4915 0.1216 -0.8623
vn 0.4474 0.4473 -0.7744
vn 0.1296 0.1296 -0.9831
vn 0.1216 0.4915 -0.8623
vt 0.136996 0.695449
vt 0.132391 0.695449
vt 0.132586 0.691040
vt 0.136996 0.690845
vt 0.127775 0.695449
vt 0.127775 0.691040
vt 0.343795 0.799451
vt 0.339173 0.799451
vt 0.339369 0.790196
vt 0.343795 0.790196
vt 0.334540 0.799451
vt 0.334540 0.790196
vt 0.210772 0.799715
vt 0.210772 0.790482
vt 0.215188 0.790482
vt 0.220006 0.799715
vt 0.136996 0.686229
vt 0.132586 0.686229
vt 0.343795 0.966042
vt 0.343795 0.975296
vt 0.339369 0.975296
vt 0.339173 0.966041
vt 0.024350 0.769189
vt 0.028959 0.769189
vt 0.029153 0.773591
vt 0.024350 0.773591
vt 0.033555 0.769189
vt 0.033555 0.773785
vt 0.033555 0.778394
vt 0.029153 0.778394
vt 0.210772 0.965915
vt 0.220006 0.965915
vt 0.215188 0.975148
vt 0.210772 0.975148
vt 0.334540 0.966042
vt 0.334540 0.975296
vt 0.210762 0.695449
vt 0.210762 0.690845
vt 0.215172 0.691040
vt 0.215367 0.695449
vt 0.210762 0.686229
vt 0.215172 0.686229
vt 0.136906 0.799715
vt 0.127672 0.799715
vt 0.132490 0.790482
vt 0.136906 0.790482
vt 0.323774 0.799170
vt 0.319128 0.799170
vt 0.318931 0.789889
vt 0.323774 0.789889
vt 0.314493 0.799170
vt 0.314493 0.789889
vt 0.219983 0.695449
vt 0.219983 0.691040
vt 0.107200 0.769189
vt 0.111797 0.769189
vt 0.111602 0.773591
vt 0.107200 0.773785
vt 0.116406 0.769189
vt 0.116406 0.773591
vt 0.314493 0.966233
vt 0.319128 0.966233
vt 0.318931 0.975514
vt 0.314493 0.975514
vt 0.323774 0.966233
vt 0.323774 0.975514
vt 0.136906 0.965915
vt 0.136906 0.975148
vt 0.132490 0.975148
vt 0.127672 0.965915
vt 0.107200 0.778394
vt 0.111602 0.778394
vt 0.136996 0.769216
vt 0.136996 0.773820
vt 0.132586 0.773625
vt 0.132391 0.769216
vt 0.136996 0.778437
vt 0.132586 0.778437
vt 0.033361 0.799602
vt 0.028745 0.799602
vt 0.028940 0.790357
vt 0.033361 0.790357
vt 0.024117 0.799602
vt 0.024117 0.790357
vt 0.417835 0.799451
vt 0.417835 0.790196
vt 0.422261 0.790196
vt 0.427090 0.799451
vt 0.127775 0.769216
vt 0.127775 0.773625
vt 0.033555 0.695544
vt 0.028959 0.695544
vt 0.029153 0.691142
vt 0.033555 0.690947
vt 0.024350 0.695544
vt 0.024350 0.691142
vt 0.417835 0.966042
vt 0.427090 0.966042
vt 0.422261 0.975296
vt 0.417835 0.975296
vt 0.024117 0.966005
vt 0.028745 0.966005
vt 0.028940 0.975249
vt 0.024117 0.975249
vt 0.033361 0.966005
vt 0.033361 0.975249
vt 0.033555 0.686339
vt 0.029153 0.686339
vt 0.210762 0.769216
vt 0.215367 0.769216
vt 0.215172 0.773625
vt 0.210762 0.773820
vt 0.219983 0.769216
vt 0.219983 0.773625
vt 0.240243 0.799170
vt 0.230962 0.799170
vt 0.235805 0.789889
vt 0.240243 0.789889
vt 0.116563 0.799602
vt 0.111934 0.799602
vt 0.111739 0.790357
vt 0.116563 0.790357
vt 0.107318 0.799602
vt 0.107318 0.790357
vt 0.210762 0.778437
vt 0.215172 0.778437
vt 0.107200 0.695544
vt 0.107200 0.690947
vt 0.111602 0.691142
vt 0.111797 0.695544
vt 0.107200 0.686339
vt 0.111602 0.686339
vt 0.107318 0.966005
vt 0.111934 0.966005
vt 0.111739 0.975249
vt 0.107318 0.975249
vt 0.116563 0.966005
vt 0.116563 0.975249
vt 0.240243 0.966233
vt 0.240243 0.975514
vt 0.235805 0.975514
vt 0.230962 0.966233
vt 0.116406 0.695544
vt 0.116406 0.691142
s 1
usemtl Material.010
f 97/145/97 100/146/98 102/147/99 101/148/100
f 100/146/98 104/149/101 105/150/102 102/147/99
f 98/151/103 103/152/104 105/153/102 104/154/101
f 103/152/104 107/155/105 108/156/106 105/153/102
f 99/157/107 106/158/108 108/159/106 107/160/105
f 106/161/108 101/148/100 102/147/99 108/162/106
f 102/147/99 105/150/102 108/162/106
f 109/163/109 112/164/110 114/165/111 113/166/112
f 112/167/110 116/168/113 117/169/114 114/170/111
f 110/171/115 115/172/116 117/169/114 116/168/113
f 115/172/116 119/173/117 120/174/118 117/169/114
f 111/175/119 118/176/120 120/177/118 119/178/117
f 118/179/120 113/166/112 114/165/111 120/180/118
f 114/170/111 117/169/114 120/174/118
f 121/181/121 124/182/122 126/183/123 125/184/124
f 124/182/122 128/185/125 129/186/126 126/183/123
f 122/187/127 127/188/128 129/189/126 128/190/125
f 127/191/128 131/192/129 132/193/130 129/194/126
f 123/195/131 130/196/132 132/193/130 131/192/129
f 130/197/132 125/184/124 126/183/123 132/198/130
f 126/183/123 129/186/126 132/198/130
f 133/199/133 136/200/134 138/201/135 137/202/136
f 136/200/134 140/203/137 141/204/138 138/201/135
f 134/205/139 139/206/140 141/207/138 140/208/137
f 139/206/140 143/209/141 144/210/142 141/207/138
f 135/211/143 142/212/144 144/213/142 143/214/141
f 142/215/144 137/202/136 138/201/135 144/216/142
f 138/201/135 141/204/138 144/216/142
f 145/217/145 148/218/146 150/219/147 149/220/148
f 148/218/146 152/221/149 153/222/150 150/219/147
f 146/223/151 151/224/152 153/225/150 152/226/149
f 151/224/152 155/227/153 156/228/154 153/225/150
f 147/229/155 154/230/156 156/231/154 155/232/153
f 154/233/156 149/220/148 150/219/147 156/234/154
f 150/219/147 153/222/150 156/234/154
f 157/235/157 160/236/158 162/237/159 161/238/160
f 160/236/158 164/239/161 165/240/162 162/237/159
f 158/241/163 163/242/164 165/243/162 164/244/161
f 163/245/164 167/246/165 168/247/166 165/248/162
f 159/249/167 166/250/168 168/247/166 167/246/165
f 166/251/168 161/238/160 162/237/159 168/252/166
f 162/237/159 165/240/162 168/252/166
f 169/253/169 172/254/170 174/255/171 173/256/172
f 172/254/170 176/257/173 177/258/174 174/255/171
f 170/259/175 175/260/176 177/261/174 176/262/173
f 175/263/176 179/264/177 180/265/178 177/266/174
f 171/267/179 178/268/180 180/265/178 179/264/177
f 178/269/180 173/256/172 174/255/171 180/270/178
f 174/255/171 177/258/174 180/270/178
f 181/271/181 184/272/182 186/273/183 185/274/184
f 184/272/182 188/275/185 189/276/186 186/273/183
f 182/277/187 187/278/188 189/279/186 188/280/185
f 187/278/188 191/281/189 192/282/190 189/279/186
f 183/283/191 190/284/192 192/285/190 191/286/189
f 190/287/192 185/274/184 186/273/183 192/288/190
f 186/273/183 189/276/186 192/288/190
f 121/181/121 97/145/97 101/148/100 124/182/122
f 124/182/122 101/148/100 106/161/108 128/185/125
f 128/190/125 106/158/108 99/157/107 122/187/127
f 98/151/103 109/163/109 113/166/112 103/152/104
f 103/152/104 113/166/112 118/179/120 107/155/105
f 107/160/105 118/176/120 111/175/119 99/157/107
f 110/171/115 133/199/133 137/202/136 115/172/116
f 115/172/116 137/202/136 142/215/144 119/173/117
f 119/178/117 142/212/144 135/211/143 111/175/119
f 134/205/139 123/195/131 131/192/129 139/206/140
f 139/206/140 131/192/129 127/191/128 143/209/141
f 143/214/141 127/188/128 122/187/127 135/211/143
f 169/253/169 121/181/121 125/184/124 172/254/170
f 172/254/170 125/184/124 130/197/132 176/257/173
f 176/262/173 130/196/132 123/195/131 170/259/175
f 133/199/133 181/271/181 185/274/184 136/200/134
f 136/200/134 185/274/184 190/287/192 140/203/137
f 140/208/137 190/284/192 183/283/191 134/205/139
f 182/277/187 171/267/179 179/264/177 187/278/188
f 187/278/188 179/264/177 175/263/176 191/281/189
f 191/286/189 175/260/176 170/259/175 183/283/191
f 145/217/145 169/253/169 173/256/172 148/218/146
f 148/218/146 173/256/172 178/269/180 152/221/149
f 152/226/149 178/268/180 171/267/179 146/223/151
f 181/271/181 157/235/157 161/238/160 184/272/182
f 184/272/182 161/238/160 166/251/168 188/275/185
f 188/280/185 166/250/168 159/249/167 182/277/187
f 158/241/163 147/229/155 155/232/153 163/242/164
f 163/245/164 155/227/153 151/224/152 167/246/165
f 167/246/165 151/224/152 146/223/151 159/249/167
f 97/145/97 145/217/145 149/220/148 100/146/98
f 100/146/98 149/220/148 154/233/156 104/149/101
f 104/154/101 154/230/156 147/229/155 98/151/103
f 157/235/157 110/171/115 116/168/113 160/236/158
f 160/236/158 116/168/113 112/167/110 164/239/161
f 164/244/161 112/164/110 109/163/109 158/241/163
f 121/181/121 169/253/169 145/217/145 97/145/97
f 99/157/107 111/175/119 135/211/143 122/187/127
f 147/229/155 158/241/163 109/163/109 98/151/103
f 181/271/181 133/199/133 110/171/115 157/235/157
f 123/195/131 134/205/139 183/283/191 170/259/175
f 171/267/179 182/277/187 159/249/167 146/223/151
o Right_Arm
v -0.800000 4.000000 3.800000
v -0.800000 4.200000 4.000000
v -1.000000 4.200000 3.800000
v -0.800000 4.026721 3.899869
v -0.899869 4.026721 3.800000
v -0.895642 4.052673 3.895642
v -0.899869 4.200000 3.973281
v -0.800000 4.100132 3.973281
v -0.895642 4.104360 3.947326
v -0.973281 4.100132 3.800000
v -0.973281 4.200000 3.899869
v -0.947326 4.104360 3.895642
v -0.800000 7.800002 4.000000
v -0.800000 8.000000 3.799998
v -1.000000 7.800002 3.799999
v -0.800000 7.899869 3.973279
v -0.899869 7.800002 3.973279
v -0.895642 7.895642 3.947324
v -0.899869 7.973281 3.799998
v -0.800000 7.973281 3.899867
v -0.895642 7.947329 3.895640
v -0.973281 7.800002 3.899868
v -0.973281 7.899869 3.799998
v -0.947326 7.895642 3.895640
v -0.800000 4.000000 2.200000
v -1.000000 4.200000 2.200000
v -0.800000 4.200000 2.000000
v -0.899869 4.026719 2.200000
v -0.800000 4.026719 2.100131
v -0.895642 4.052673 2.104358
v -0.973281 4.200000 2.100131
v -0.973281 4.100131 2.200000
v -0.947326 4.104358 2.104358
v -0.800000 4.100131 2.026719
v -0.899869 4.200000 2.026719
v -0.895642 4.104358 2.052674
v -0.800000 8.000000 2.199998
v -0.800000 7.800000 1.999998
v -1.000000 7.800000 2.200000
v -0.800000 7.973281 2.100129
v -0.899869 7.973281 2.199998
v -0.895642 7.947327 2.104356
v -0.899869 7.800000 2.026719
v -0.800000 7.899869 2.026717
v -0.895642 7.895642 2.052672
v -0.973281 7.899869 2.199998
v -0.973281 7.800000 2.100131
v -0.947326 7.895642 2.104356
v 0.800000 4.000000 3.800000
v 1.000000 4.200000 3.800000
v 0.800000 4.200000 4.000000
v 0.899869 4.026721 3.800000
v 0.800000 4.026721 3.899869
v 0.895642 4.052673 3.895642
v 0.973281 4.200000 3.899869
v 0.973281 4.100132 3.800000
v 0.947326 4.104360 3.895642
v 0.800000 4.100132 3.973281
v 0.899869 4.200000 3.973281
v 0.895642 4.104360 3.947326
v 0.800000 8.000000 3.799998
v 0.800000 7.800002 4.000000
v 1.000000 7.800002 3.799999
v 0.800000 7.973281 3.899867
v 0.899869 7.973281 3.799998
v 0.895642 7.947329 3.895640
v 0.899869 7.800002 3.973279
v 0.800000 7.899869 3.973279
v 0.895642 7.895642 3.947324
v 0.973281 7.899869 3.799998
v 0.973281 7.800002 3.899868
v 0.947326 7.895642 3.895640
v 0.800000 4.000000 2.200000
v 0.800000 4.200000 2.000000
v 1.000000 4.200000 2.200000
v 0.800000 4.026719 2.100131
v 0.899869 4.026719 2.200000
v 0.895642 4.052673 2.104358
v 0.899869 4.200000 2.026719
v 0.800000 4.100131 2.026719
v 0.895642 4.104358 2.052674
v 0.973281 4.100131 2.200000
v 0.973281 4.200000 2.100131
v 0.947326 4.104358 2.104358
v 0.800000 8.000000 2.199998
v 1.000000 7.800000 2.200000
v 0.800000 7.800000 1.999998
v 0.899869 7.973281 2.199998
v 0.800000 7.973281 2.100129
v 0.895642 7.947327 2.104356
v 0.973281 7.800000 2.100131
v 0.973281 7.899869 2.199998
v 0.947326 7.895642 2.104356
v 0.800000 7.899869 2.026717
v 0.899869 7.800000 2.026719
v 0.895642 7.895642 2.052672
vn -0.1296 -0.9831 0.1296
vn -0.1216 -0.8623 0.4916
vn -0.4474 -0.7744 0.4474
vn -0.4915 -0.8623 0.1216
vn -0.1216 -0.4915 0.8623
vn -0.4473 -0.4473 0.7744
vn -0.1296 -0.1296 0.9831
vn -0.4915 -0.1216 0.8623
vn -0.8623 -0.1216 0.4915
vn -0.7744 -0.4473 0.4474
vn -0.9831 -0.1296 0.1296
vn -0.8623 -0.4915 0.1216
vn -0.1296 0.1296 0.9831
vn -0.1216 0.4916 0.8623
vn -0.4474 0.4473 0.7744
vn -0.4915 0.1216 0.8623
vn -0.1216 0.8623 0.4915
vn -0.4474 0.7744 0.4474
vn -0.1296 0.9831 0.1296
vn -0.4915 0.8623 0.1216
vn -0.8623 0.4915 0.1216
vn -0.7744 0.4473 0.4474
vn -0.9831 0.1296 0.1296
vn -0.8623 0.1216 0.4915
vn -0.1296 -0.9831 -0.1296
vn -0.4915 -0.8623 -0.1216
vn -0.4474 -0.7744 -0.4474
vn -0.1216 -0.8623 -0.4915
vn -0.8623 -0.4915 -0.1216
vn -0.7744 -0.4473 -0.4474
vn -0.9831 -0.1296 -0.1296
vn -0.8623 -0.1216 -0.4915
vn -0.4915 -0.1216 -0.8623
vn -0.4474 -0.4473 -0.7744
vn -0.1296 -0.1296 -0.9831
vn -0.1216 -0.4915 -0.8623
vn -0.1296 0.9831 -0.1296
vn -0.1216 0.8623 -0.4915
vn -0.4474 0.7744 -0.4474
vn -0.4915 0.8623 -0.1216
vn -0.1216 0.4915 -0.8623
vn -0.4474 0.4473 -0.7744
vn -0.1296 0.1296 -0.9831
vn -0.4915 0.1216 -0.8623
vn -0.8623 0.1216 -0.4915
vn -0.7744 0.4473 -0.4474
vn -0.9831 0.1296 -0.1296
vn -0.8623 0.4915 -0.1216
vn 0.1296 -0.9831 0.1296
vn 0.4915 -0.8623 0.1216
vn 0.4474 -0.7744 0.4474
vn 0.1216 -0.8623 0.4916
vn 0.8623 -0.4915 0.1216
vn 0.7744 -0.4473 0.4474
vn 0.9831 -0.1296 0.1296
vn 0.8623 -0.1216 0.4915
vn 0.4915 -0.1216 0.8623
vn 0.4473 -0.4473 0.7744
vn 0.1296 -0.1296 0.9831
vn 0.1216 -0.4915 0.8623
vn 0.1296 0.9831 0.1296
vn 0.1216 0.8623 0.4915
vn 0.4474 0.7744 0.4474
vn 0.4915 0.8623 0.1216
vn 0.1216 0.4916 0.8623
vn 0.4474 0.4473 0.7744
vn 0.1296 0.1296 0.9831
vn 0.4915 0.1216 0.8623
vn 0.8623 0.1216 0.4915
vn 0.7744 0.4473 0.4474
vn 0.9831 0.1296 0.1296
vn 0.8623 0.4915 0.1216
vn 0.1296 -0.9831 -0.1296
vn 0.1216 -0.8623 -0.4915
vn 0.4474 -0.7744 -0.4474
vn 0.4915 -0.8623 -0.1216
vn 0.1216 -0.4915 -0.8623
vn 0.4474 -0.4473 -0.7744
vn 0.1296 -0.1296 -0.9831
vn 0.4915 -0.1216 -0.8623
vn 0.8623 -0.1216 -0.4915
vn 0.7744 -0.4473 -0.4474
vn 0.9831 -0.1296 -0.1296
vn 0.8623 -0.4915 -0.1216
vn 0.1296 0.9831 -0.1296
vn 0.4915 0.8623 -0.1216
vn 0.4474 0.7744 -0.4474
vn 0.1216 0.8623 -0.4915
vn 0.8623 0.4915 -0.1216
vn 0.7744 0.4473 -0.4474
vn 0.9831 0.1296 -0.1296
vn 0.8623 0.1216 -0.4915
vn 0.4915 0.1216 -0.8623
vn 0.4474 0.4473 -0.7744
vn 0.1296 0.1296 -0.9831
vn 0.1216 0.4915 -0.8623
vt 0.572622 0.380996
vt 0.568018 0.380996
vt 0.568212 0.376587
vt 0.572622 0.376392
vt 0.563401 0.380996
vt 0.563401 0.376587
vt 0.779421 0.484998
vt 0.774800 0.484998
vt 0.774995 0.475743
vt 0.779421 0.475743
vt 0.770166 0.484998
vt 0.770166 0.475743
vt 0.646399 0.485262
vt 0.646399 0.476028
vt 0.650814 0.476028
vt 0.655632 0.485262
vt 0.572622 0.371775
vt 0.568212 0.371775
vt 0.779421 0.651588
vt 0.779421 0.660843
vt 0.774995 0.660843
vt 0.774800 0.651588
vt 0.459976 0.454736
vt 0.464585 0.454736
vt 0.464780 0.459138
vt 0.459976 0.459138
vt 0.469182 0.454736
vt 0.469182 0.459332
vt 0.469182 0.463941
vt 0.464780 0.463941
vt 0.646399 0.651462
vt 0.655632 0.651462
vt 0.650814 0.660695
vt 0.646399 0.660695
vt 0.770166 0.651588
vt 0.770166 0.660843
vt 0.646389 0.380996
vt 0.646389 0.376392
vt 0.650798 0.376587
vt 0.650993 0.380996
vt 0.646389 0.371775
vt 0.650798 0.371775
vt 0.572532 0.485262
vt 0.563299 0.485262
vt 0.568117 0.476028
vt 0.572532 0.476028
vt 0.759401 0.484717
vt 0.754754 0.484717
vt 0.754558 0.475436
vt 0.759401 0.475436
vt 0.750119 0.484717
vt 0.750119 0.475436
vt 0.655609 0.380996
vt 0.655609 0.376587
vt 0.542826 0.454736
vt 0.547423 0.454736
vt 0.547228 0.459138
vt 0.542826 0.459332
vt 0.552032 0.454736
vt 0.552032 0.459138
vt 0.750119 0.651780
vt 0.754754 0.651780
vt 0.754558 0.661061
vt 0.750119 0.661061
vt 0.759401 0.651780
vt 0.759401 0.661061
vt 0.572532 0.651462
vt 0.572532 0.660695
vt 0.568117 0.660695
vt 0.563299 0.651462
vt 0.542826 0.463941
vt 0.547229 0.463941
vt 0.572622 0.454763
vt 0.572622 0.459367
vt 0.568212 0.459172
vt 0.568018 0.454763
vt 0.572622 0.463984
vt 0.568212 0.463984
vt 0.468988 0.485149
vt 0.464371 0.485149
vt 0.464567 0.475904
vt 0.468988 0.475904
vt 0.459743 0.485149
vt 0.459743 0.475904
vt 0.853461 0.484998
vt 0.853461 0.475743
vt 0.857887 0.475743
vt 0.862716 0.484998
vt 0.563401 0.454763
vt 0.563401 0.459172
vt 0.469182 0.381091
vt 0.464585 0.381091
vt 0.464780 0.376689
vt 0.469182 0.376494
vt 0.459976 0.381091
vt 0.459976 0.376689
vt 0.853461 0.651588
vt 0.862716 0.651588
vt 0.857887 0.660843
vt 0.853461 0.660843
vt 0.459743 0.651551
vt 0.464371 0.651551
vt 0.464567 0.660796
vt 0.459743 0.660796
vt 0.468988 0.651551
vt 0.468988 0.660796
vt 0.469182 0.371885
vt 0.464780 0.371885
vt 0.646389 0.454763
vt 0.650993 0.454763
vt 0.650798 0.459172
vt 0.646389 0.459367
vt 0.655609 0.454763
vt 0.655609 0.459172
vt 0.675869 0.484717
vt 0.666588 0.484717
vt 0.671431 0.475436
vt 0.675869 0.475436
vt 0.552189 0.485149
vt 0.547561 0.485149
vt 0.547365 0.475904
vt 0.552189 0.475904
vt 0.542944 0.485149
vt 0.542944 0.475904
vt 0.646389 0.463984
vt 0.650798 0.463984
vt 0.542826 0.381091
vt 0.542826 0.376494
vt 0.547228 0.376689
vt 0.547423 0.381091
vt 0.542826 0.371885
vt 0.547229 0.371885
vt 0.542944 0.651551
vt 0.547561 0.651551
vt 0.547365 0.660796
vt 0.542944 0.660796
vt 0.552189 0.651551
vt 0.552189 0.660796
vt 0.675869 0.651780
vt 0.675869 0.661061
vt 0.671431 0.661061
vt 0.666588 0.651780
vt 0.552032 0.381091
vt 0.552032 0.376689
s 1
usemtl Material.009
f 193/289/193 196/290/194 198/291/195 197/292/196
f 196/290/194 200/293/197 201/294/198 198/291/195
f 194/295/199 199/296/200 201/297/198 200/298/197
f 199/296/200 203/299/201 204/300/202 201/297/198
f 195/301/203 202/302/204 204/303/202 203/304/201
f 202/305/204 197/292/196 198/291/195 204/306/202
f 198/291/195 201/294/198 204/306/202
f 205/307/205 208/308/206 210/309/207 209/310/208
f 208/311/206 212/312/209 213/313/210 210/314/207
f 206/315/211 211/316/212 213/313/210 212/312/209
f 211/316/212 215/317/213 216/318/214 213/313/210
f 207/319/215 214/320/216 216/321/214 215/322/213
f 214/323/216 209/310/208 210/309/207 216/324/214
f 210/314/207 213/313/210 216/318/214
f 217/325/217 220/326/218 222/327/219 221/328/220
f 220/326/218 224/329/221 225/330/222 222/327/219
f 218/331/223 223/332/224 225/333/222 224/334/221
f 223/335/224 227/336/225 228/337/226 225/338/222
f 219/339/227 226/340/228 228/337/226 227/336/225
f 226/341/228 221/328/220 222/327/219 228/342/226
f 222/327/219 225/330/222 228/342/226
f 229/343/229 232/344/230 234/345/231 233/346/232
f 232/344/230 236/347/233 237/348/234 234/345/231
f 230/349/235 235/350/236 237/351/234 236/352/233
f 235/350/236 239/353/237 240/354/238 237/351/234
f 231/355/239 238/356/240 240/357/238 239/358/237
f 238/359/240 233/346/232 234/345/231 240/360/238
f 234/345/231 237/348/234 240/360/238
f 241/361/241 244/362/242 246/363/243 245/364/244
f 244/362/242 248/365/245 249/366/246 246/363/243
f 242/367/247 247/368/248 249/369/246 248/370/245
f 247/368/248 251/371/249 252/372/250 249/369/246
f 243/373/251 250/374/252 252/375/250 251/376/249
f 250/377/252 245/364/244 246/363/243 252/378/250
f 246/363/243 249/366/246 252/378/250
f 253/379/253 256/380/254 258/381/255 257/382/256
f 256/380/254 260/383/257 261/384/258 258/381/255
f 254/385/259 259/386/260 261/387/258 260/388/257
f 259/389/260 263/390/261 264/391/262 261/392/258
f 255/393/263 262/394/264 264/391/262 263/390/261
f 262/395/264 257/382/256 258/381/255 264/396/262
f 258/381/255 261/384/258 264/396/262
f 265/397/265 268/398/266 270/399/267 269/400/268
f 268/398/266 272/401/269 273/402/270 270/399/267
f 266/403/271 271/404/272 273/405/270 272/406/269
f 271/407/272 275/408/273 276/409/274 273/410/270
f 267/411/275 274/412/276 276/409/274 275/408/273
f 274/413/276 269/400/268 270/399/267 276/414/274
f 270/399/267 273/402/270 276/414/274
f 277/415/277 280/416/278 282/417/279 281/418/280
f 280/416/278 284/419/281 285/420/282 282/417/279
f 278/421/283 283/422/284 285/423/282 284/424/281
f 283/422/284 287/425/285 288/426/286 285/423/282
f 279/427/287 286/428/288 288/429/286 287/430/285
f 286/431/288 281/418/280 282/417/279 288/432/286
f 282/417/279 285/420/282 288/432/286
f 217/325/217 193/289/193 197/292/196 220/326/218
f 220/326/218 197/292/196 202/305/204 224/329/221
f 224/334/221 202/302/204 195/301/203 218/331/223
f 194/295/199 205/307/205 209/310/208 199/296/200
f 199/296/200 209/310/208 214/323/216 203/299/201
f 203/304/201 214/320/216 207/319/215 195/301/203
f 206/315/211 229/343/229 233/346/232 211/316/212
f 211/316/212 233/346/232 238/359/240 215/317/213
f 215/322/213 238/356/240 231/355/239 207/319/215
f 230/349/235 219/339/227 227/336/225 235/350/236
f 235/350/236 227/336/225 223/335/224 239/353/237
f 239/358/237 223/332/224 218/331/223 231/355/239
f 265/397/265 217/325/217 221/328/220 268/398/266
f 268/398/266 221/328/220 226/341/228 272/401/269
f 272/406/269 226/340/228 219/339/227 266/403/271
f 229/343/229 277/415/277 281/418/280 232/344/230
f 232/344/230 281/418/280 286/431/288 236/347/233
f 236/352/233 286/428/288 279/427/287 230/349/235
f 278/421/283 267/411/275 275/408/273 283/422/284
f 283/422/284 275/408/273 271/407/272 287/425/285
f 287/430/285 271/404/272 266/403/271 279/427/287
f 241/361/241 265/397/265 269/400/268 244/362/242
f 244/362/242 269/400/268 274/413/276 248/365/245
f 248/370/245 274/412/276 267/411/275 242/367/247
f 277/415/277 253/379/253 257/382/256 280/416/278
f 280/416/278 257/382/256 262/395/264 284/419/281
f 284/424/281 262/394/264 255/393/263 278/421/283
f 254/385/259 243/373/251 251/376/249 259/386/260
f 259/389/260 251/371/249 247/368/248 263/390/261
f 263/390/261 247/368/248 242/367/247 255/393/263
f 193/289/193 241/361/241 245/364/244 196/290/194
f 196/290/194 245/364/244 250/377/252 200/293/197
f 200/298/197 250/374/252 243/373/251 194/295/199
f 253/379/253 206/315/211 212/312/209 256/380/254
f 256/380/254 212/312/209 208/311/206 260/383/257
f 260/388/257 208/308/206 205/307/205 254/385/259
f 217/325/217 265/397/265 241/361/241 193/289/193
f 195/301/203 207/319/215 231/355/239 218/331/223
f 243/373/251 254/385/259 205/307/205 194/295/199
f 277/415/277 229/343/229 206/315/211 253/379/253
f 219/339/227 230/349/235 279/427/287 266/403/271
f 267/411/275 278/421/283 255/393/263 242/367/247
o Right_Leg
v -0.800000 0.000000 1.800000
v -0.800000 0.200000 2.000000
v -1.000000 0.200000 1.800000
v -0.800000 0.026719 1.899869
v -0.899869 0.026719 1.800000
v -0.895642 0.052673 1.895642
v -0.899869 0.200000 1.973281
v -0.800000 0.100131 1.973281
v -0.895642 0.104358 1.947326
v -0.973281 0.100131 1.800000
v -0.973281 0.200000 1.899869
v -0.947326 0.104358 1.895642
v -0.800000 3.800000 2.000000
v -0.800000 4.000000 1.800000
v -1.000000 3.800000 1.800000
v -0.800000 3.899869 1.973281
v -0.899869 3.800000 1.973281
v -0.895642 3.895642 1.947326
v -0.899869 3.973281 1.800000
v -0.800000 3.973281 1.899869
v -0.895642 3.947327 1.895642
v -0.973281 3.800000 1.899869
v -0.973281 3.899869 1.800000
v -0.947326 3.895642 1.895642
v -0.800000 0.000000 0.200000
v -1.000000 0.200000 0.200000
v -0.800000 0.200000 -0.000000
v -0.899869 0.026719 0.200000
v -0.800000 0.026719 0.100131
v -0.895642 0.052673 0.104358
v -0.973281 0.200000 0.100131
v -0.973281 0.100131 0.200000
v -0.947326 0.104358 0.104358
v -0.800000 0.100131 0.026719
v -0.899869 0.200000 0.026719
v -0.895642 0.104358 0.052674
v -0.800000 4.000000 0.200000
v -0.800000 3.800000 -0.000000
v -1.000000 3.800000 0.200000
v -0.800000 3.973281 0.100131
v -0.899869 3.973281 0.200000
v -0.895642 3.947327 0.104358
v -0.899869 3.800000 0.026719
v -0.800000 3.899869 0.026719
v -0.895642 3.895642 0.052674
v -0.973281 3.899869 0.200000
v -0.973281 3.800000 0.100131
v -0.947326 3.895642 0.104358
v 0.800000 0.000000 1.800000
v 1.000000 0.200000 1.800000
v 0.800000 0.200000 2.000000
v 0.899869 0.026719 1.800000
v 0.800000 0.026719 1.899869
v 0.895642 0.052673 1.895642
v 0.973281 0.200000 1.899869
v 0.973281 0.100131 1.800000
v 0.947326 0.104358 1.895642
v 0.800000 0.100131 1.973281
v 0.899869 0.200000 1.973281
v 0.895642 0.104358 1.947326
v 0.800000 4.000000 1.800000
v 0.800000 3.800000 2.000000
v 1.000000 3.800000 1.800000
v 0.800000 3.973281 1.899869
v 0.899869 3.973281 1.800000
v 0.895642 3.947327 1.895642
v 0.899869 3.800000 1.973281
v 0.800000 3.899869 1.973281
v 0.895642 3.895642 1.947326
v 0.973281 3.899869 1.800000
v 0.973281 3.800000 1.899869
v 0.947326 3.895642 1.895642
v 0.800000 0.000000 0.200000
v 0.800000 0.200000 -0.000000
v 1.000000 0.200000 0.200000
v 0.800000 0.026719 0.100131
v 0.899869 0.026719 0.200000
v 0.895642 0.052673 0.104358
v 0.899869 0.200000 0.026719
v 0.800000 0.100131 0.026719
v 0.895642 0.104358 0.052674
v 0.973281 0.100131 0.200000
v 0.973281 0.200000 0.100131
v 0.947326 0.104358 0.104358
v 0.800000 4.000000 0.200000
v 1.000000 3.800000 0.200000
v 0.800000 3.800000 -0.000000
v 0.899869 3.973281 0.200000
v 0.800000 3.973281 0.100131
v 0.895642 3.947327 0.104358
v 0.973281 3.800000 0.100131
v 0.973281 3.899869 0.200000
v 0.947326 3.895642 0.104358
v 0.800000 3.899869 0.026719
v 0.899869 3.800000 0.026719
v 0.895642 3.895642 0.052674
vn -0.2566 -0.9318 0.2566
vn -0.2178 -0.6901 0.6901
vn -0.2566 -0.2566 0.9318
vn -0.6901 -0.2178 0.6901
vn -0.9318 -0.2566 0.2566
vn -0.6901 -0.6901 0.2178
vn -0.5774 -0.5773 0.5774
vn -0.2566 0.2566 0.9318
vn -0.2178 0.6901 0.6901
vn -0.2566 0.9318 0.2566
vn -0.6901 0.6901 0.2178
vn -0.9318 0.2566 0.2566
vn -0.6901 0.2178 0.6901
vn -0.5774 0.5773 0.5774
vn -0.2566 -0.9318 -0.2566
vn -0.6901 -0.6901 -0.2178
vn -0.9318 -0.2566 -0.2566
vn -0.6901 -0.2178 -0.6901
vn -0.2566 -0.2566 -0.9318
vn -0.2178 -0.6901 -0.6901
vn -0.5774 -0.5773 -0.5774
vn -0.2566 0.9318 -0.2566
vn -0.2178 0.6901 -0.6901
vn -0.2566 0.2566 -0.9318
vn -0.6901 0.2178 -0.6901
vn -0.9318 0.2566 -0.2566
vn -0.6901 0.6901 -0.2178
vn -0.5774 0.5773 -0.5774
vn 0.2566 -0.9318 0.2566
vn 0.6901 -0.6901 0.2178
vn 0.9318 -0.2566 0.2566
vn 0.6901 -0.2178 0.6901
vn 0.2566 -0.2566 0.9318
vn 0.2178 -0.6901 0.6901
vn 0.5774 -0.5773 0.5774
vn 0.2566 0.9318 0.2566
vn 0.2178 0.6901 0.6901
vn 0.2566 0.2566 0.9318
vn 0.6901 0.2178 0.6901
vn 0.9318 0.2566 0.2566
vn 0.6901 0.6901 0.2178
vn 0.5774 0.5773 0.5774
vn 0.2566 -0.9318 -0.2566
vn 0.2178 -0.6901 -0.6901
vn 0.2566 -0.2566 -0.9318
vn 0.6901 -0.2178 -0.6901
vn 0.9318 -0.2566 -0.2566
vn 0.6901 -0.6901 -0.2178
vn 0.5774 -0.5773 -0.5774
vn 0.2566 0.9318 -0.2566
vn 0.6901 0.6901 -0.2178
vn 0.9318 0.2566 -0.2566
vn 0.6901 0.2178 -0.6901
vn 0.2566 0.2566 -0.9318
vn 0.2178 0.6901 -0.6901
vn 0.5774 0.5773 -0.5774
vn -0.2585 -0.9660 -0.0000
vn -0.7071 -0.7071 -0.0000
vn -0.9660 -0.2585 -0.0000
vn -0.2584 -0.0000 0.9660
vn -0.7071 -0.0000 0.7071
vn -0.9660 -0.0000 0.2585
vn -0.2585 0.9660 -0.0000
vn -0.7071 0.7071 -0.0000
vn -0.9660 0.2585 -0.0000
vn -0.2585 -0.0000 -0.9660
vn -0.7071 -0.0000 -0.7071
vn -0.9660 -0.0000 -0.2585
vn -0.0000 -0.9660 -0.2585
vn -0.0000 -0.7071 -0.7071
vn -0.0000 -0.2585 -0.9660
vn -0.0000 0.9660 -0.2585
vn -0.0000 0.7071 -0.7071
vn -0.0000 0.2585 -0.9660
vn 0.9660 -0.0000 -0.2585
vn 0.7071 -0.0000 -0.7071
vn 0.2585 -0.0000 -0.9660
vn 0.2585 -0.9660 -0.0000
vn 0.7071 -0.7071 -0.0000
vn 0.9660 -0.2585 -0.0000
vn 0.2585 0.9660 -0.0000
vn 0.7071 0.7071 -0.0000
vn 0.9660 0.2585 -0.0000
vn 0.2584 -0.0000 0.9660
vn 0.7071 -0.0000 0.7071
vn 0.9660 -0.0000 0.2585
vn -0.0000 -0.9660 0.2585
vn -0.0000 -0.7071 0.7071
vn -0.0000 -0.2585 0.9660
vn -0.0000 0.9660 0.2585
vn -0.0000 0.7071 0.7071
vn -0.0000 0.2585 0.9660
vn -0.0000 -1.0000 -0.0000
vn -1.0000 -0.0000 -0.0000
vn -0.0000 -0.0000 1.0000
vn -0.0000 1.0000 -0.0000
vn -0.0000 -0.0000 -1.0000
vn 1.0000 -0.0000 -0.0000
vt 0.572622 0.695361
vt 0.568018 0.695361
vt 0.568212 0.690952
vt 0.572622 0.690757
vt 0.563401 0.695361
vt 0.563401 0.690952
vt 0.779421 0.799363
vt 0.774800 0.799363
vt 0.774995 0.790108
vt 0.779421 0.790108
vt 0.770166 0.799363
vt 0.770166 0.790108
vt 0.646399 0.799627
vt 0.646399 0.790393
vt 0.650814 0.790393
vt 0.655632 0.799627
vt 0.572622 0.686140
vt 0.568212 0.686140
vt 0.779421 0.965953
vt 0.779421 0.975208
vt 0.774995 0.975208
vt 0.774800 0.965953
vt 0.459976 0.769101
vt 0.464585 0.769101
vt 0.464780 0.773503
vt 0.459976 0.773503
vt 0.469182 0.769101
vt 0.469182 0.773697
vt 0.469182 0.778306
vt 0.464780 0.778306
vt 0.646399 0.965827
vt 0.655632 0.965827
vt 0.650814 0.975060
vt 0.646399 0.975060
vt 0.770166 0.965953
vt 0.770166 0.975208
vt 0.646389 0.695361
vt 0.646389 0.690757
vt 0.650798 0.690952
vt 0.650993 0.695361
vt 0.646389 0.686140
vt 0.650798 0.686140
vt 0.572532 0.799627
vt 0.563299 0.799627
vt 0.568117 0.790393
vt 0.572532 0.790393
vt 0.759401 0.799082
vt 0.754754 0.799082
vt 0.754558 0.789801
vt 0.759401 0.789801
vt 0.750119 0.799082
vt 0.750119 0.789801
vt 0.655609 0.695361
vt 0.655609 0.690952
vt 0.542826 0.769101
vt 0.547423 0.769101
vt 0.547228 0.773503
vt 0.542826 0.773697
vt 0.552032 0.769101
vt 0.552032 0.773503
vt 0.750119 0.966145
vt 0.754754 0.966145
vt 0.754558 0.975426
vt 0.750119 0.975426
vt 0.759401 0.966145
vt 0.759401 0.975426
vt 0.572532 0.965827
vt 0.572532 0.975060
vt 0.568117 0.975060
vt 0.563299 0.965827
vt 0.542826 0.778306
vt 0.547229 0.778306
vt 0.572622 0.769128
vt 0.572622 0.773732
vt 0.568212 0.773537
vt 0.568018 0.769128
vt 0.572622 0.778349
vt 0.568212 0.778349
vt 0.468988 0.799514
vt 0.464371 0.799514
vt 0.464567 0.790269
vt 0.468988 0.790269
vt 0.459743 0.799514
vt 0.459743 0.790269
vt 0.853461 0.799363
vt 0.853461 0.790108
vt 0.857887 0.790108
vt 0.862716 0.799363
vt 0.563401 0.769128
vt 0.563401 0.773537
vt 0.469182 0.695456
vt 0.464585 0.695456
vt 0.464780 0.691054
vt 0.469182 0.690859
vt 0.459976 0.695456
vt 0.459976 0.691054
vt 0.853461 0.965953
vt 0.862716 0.965953
vt 0.857887 0.975208
vt 0.853461 0.975208
vt 0.459743 0.965916
vt 0.464371 0.965916
vt 0.464567 0.975161
vt 0.459743 0.975161
vt 0.468988 0.965916
vt 0.468988 0.975161
vt 0.469182 0.686251
vt 0.464780 0.686251
vt 0.646389 0.769128
vt 0.650993 0.769128
vt 0.650798 0.773537
vt 0.646389 0.773732
vt 0.655609 0.769128
vt 0.655609 0.773537
vt 0.675869 0.799082
vt 0.666588 0.799082
vt 0.671431 0.789801
vt 0.675869 0.789801
vt 0.552189 0.799514
vt 0.547561 0.799514
vt 0.547365 0.790269
vt 0.552189 0.790269
vt 0.542944 0.799514
vt 0.542944 0.790269
vt 0.646389 0.778349
vt 0.650798 0.778349
vt 0.542826 0.695456
vt 0.542826 0.690859
vt 0.547228 0.691054
vt 0.547423 0.695456
vt 0.542826 0.686251
vt 0.547229 0.686251
vt 0.542944 0.965917
vt 0.547561 0.965916
vt 0.547365 0.975161
vt 0.542944 0.975161
vt 0.552189 0.965916
vt 0.552189 0.975161
vt 0.675869 0.966145
vt 0.675869 0.975426
vt 0.671431 0.975426
vt 0.666588 0.966145
vt 0.552032 0.695456
vt 0.552032 0.691054
s 1
usemtl Material.010
f 289/433/289 292/434/289 294/435/289 293/436/289
f 292/434/290 296/437/290 297/438/290 294/435/290
f 290/439/291 295/440/291 297/441/291 296/442/291
f 295/440/292 299/443/292 300/444/292 297/441/292
f 291/445/293 298/446/293 300/447/293 299/448/293
f 298/449/294 293/436/294 294/435/294 300/450/294
f 294/435/295 297/438/295 300/450/295
f 301/451/296 304/452/296 306/453/296 305/454/296
f 304/455/297 308/456/297 309/457/297 306/458/297
f 302/459/298 307/460/298 309/457/298 308/456/298
f 307/460/299 311/461/299 312/462/299 309/457/299
f 303/463/300 310/464/300 312/465/300 311/466/300
f 310/467/301 305/454/301 306/453/301 312/468/301
f 306/458/302 309/457/302 312/462/302
f 313/469/303 316/470/303 318/471/303 317/472/303
f 316/470/304 320/473/304 321/474/304 318/471/304
f 314/475/305 319/476/305 321/477/305 320/478/305
f 319/479/306 323/480/306 324/481/306 321/482/306
f 315/483/307 322/484/307 324/481/307 323/480/307
f 322/485/308 317/472/308 318/471/308 324/486/308
f 318/471/309 321/474/309 324/486/309
f 325/487/310 328/488/310 330/489/310 329/490/310
f 328/488/311 332/491/311 333/492/311 330/489/311
f 326/493/312 331/494/312 333/495/312 332/496/312
f 331/494/313 335/497/313 336/498/313 333/495/313
f 327/499/314 334/500/314 336/501/314 335/502/314
f 334/503/315 329/490/315 330/489/315 336/504/315
f 330/489/316 333/492/316 336/504/316
f 337/505/317 340/506/317 342/507/317 341/508/317
f 340/506/318 344/509/318 345/510/318 342/507/318
f 338/511/319 343/512/319 345/513/319 344/514/319
f 343/512/320 347/515/320 348/516/320 345/513/320
f 339/517/321 346/518/321 348/519/321 347/520/321
f 346/521/322 341/508/322 342/507/322 348/522/322
f 342/507/323 345/510/323 348/522/323
f 349/523/324 352/524/324 354/525/324 353/526/324
f 352/524/325 356/527/325 357/528/325 354/525/325
f 350/529/326 355/530/326 357/531/326 356/532/326
f 355/533/327 359/534/327 360/535/327 357/536/327
f 351/537/328 358/538/328 360/535/328 359/534/328
f 358/539/329 353/526/329 354/525/329 360/540/329
f 354/525/330 357/528/330 360/540/330
f 361/541/331 364/542/331 366/543/331 365/544/331
f 364/542/332 368/545/332 369/546/332 366/543/332
f 362/547/333 367/548/333 369/549/333 368/550/333
f 367/551/334 371/552/334 372/553/334 369/554/334
f 363/555/335 370/556/335 372/553/335 371/552/335
f 370/557/336 365/544/336 366/543/336 372/558/336
f 366/543/337 369/546/337 372/558/337
f 373/559/338 376/560/338 378/561/338 377/562/338
f 376/560/339 380/563/339 381/564/339 378/561/339
f 374/565/340 379/566/340 381/567/340 380/568/340
f 379/566/341 383/569/341 384/570/341 381/567/341
f 375/571/342 382/572/342 384/573/342 383/574/342
f 382/575/343 377/562/343 378/561/343 384/576/343
f 378/561/344 381/564/344 384/576/344
f 313/469/345 289/433/345 293/436/345 316/470/345
f 316/470/346 293/436/346 298/449/346 320/473/346
f 320/478/347 298/446/347 291/445/347 314/475/347
f 290/439/348 301/451/348 305/454/348 295/440/348
f 295/440/349 305/454/349 310/467/349 299/443/349
f 299/448/350 310/464/350 303/463/350 291/445/350
f 302/459/351 325/487/351 329/490/351 307/460/351
f 307/460/352 329/490/352 334/503/352 311/461/352
f 311/466/353 334/500/353 327/499/353 303/463/353
f 326/493/354 315/483/354 323/480/354 331/494/354
f 331/494/355 323/480/355 319/479/355 335/497/355
f 335/502/356 319/476/356 314/475/356 327/499/356
f 361/541/357 313/469/357 317/472/357 364/542/357
f 364/542/358 317/472/358 322/485/358 368/545/358
f 368/550/359 322/484/359 315/483/359 362/547/359
f 325/487/360 373/559/360 377/562/360 328/488/360
f 328/488/361 377/562/361 382/575/361 332/491/361
f 332/496/362 382/572/362 375/571/362 326/493/362
f 374/565/363 363/555/363 371/552/363 379/566/363
f 379/566/364 371/552/364 367/551/364 383/569/364
f 383/574/365 367/548/365 362/547/365 375/571/365
f 337/505/366 361/541/366 365/544/366 340/506/366
f 340/506/367 365/544/367 370/557/367 344/509/367
f 344/514/368 370/556/368 363/555/368 338/511/368
f 373/559/369 349/523/369 353/526/369 376/560/369
f 376/560/370 353/526/370 358/539/370 380/563/370
f 380/568/371 358/538/371 351/537/371 374/565/371
f 350/529/372 339/517/372 347/520/372 355/530/372
f 355/533/373 347/515/373 343/512/373 359/534/373
f 359/534/374 343/512/374 338/511/374 351/537/374
f 289/433/375 337/505/375 341/508/375 292/434/375
f 292/434/376 341/508/376 346/521/376 296/437/376
f 296/442/377 346/518/377 339/517/377 290/439/377
f 349/523/378 302/459/378 308/456/378 352/524/378
f 352/524/379 308/456/379 304/455/379 356/527/379
f 356/532/380 304/452/380 301/451/380 350/529/380
f 313/469/381 361/541/381 337/505/381 289/433/381
f 291/445/382 303/463/382 327/499/382 314/475/382
f 339/517/383 350/529/383 301/451/383 290/439/383
f 373/559/384 325/487/384 302/459/384 349/523/384
f 315/483/385 326/493/385 375/571/385 362/547/385
f 363/555/386 374/565/386 351/537/386 338/511/386
o Torso
v -0.800000 4.000000 1.800000
v -0.800000 4.200000 2.000000
v -1.000000 4.200000 1.800000
v -0.800000 4.026719 1.899869
v -0.899869 4.026719 1.800000
v -0.895642 4.052673 1.895642
v -0.899869 4.200000 1.973281
v -0.800000 4.100131 1.973281
v -0.895642 4.104358 1.947327
v -0.973281 4.100131 1.800000
v -0.973281 4.200000 1.899869
v -0.947326 4.104358 1.895642
v -0.800000 7.800000 1.999998
v -0.800000 8.000000 1.799998
v -1.000000 7.800000 1.799998
v -0.800000 7.899869 1.973279
v -0.899869 7.800000 1.973279
v -0.895642 7.895642 1.947325
v -0.899869 7.973281 1.799998
v -0.800000 7.973281 1.899867
v -0.895642 7.947327 1.895640
v -0.973281 7.800000 1.899867
v -0.973281 7.899869 1.799998
v -0.947326 7.895642 1.895640
v -0.800000 4.000000 -1.800000
v -1.000000 4.200000 -1.800000
v -0.800000 4.200000 -2.000000
v -0.899869 4.026719 -1.800000
v -0.800000 4.026719 -1.899869
v -0.895642 4.052673 -1.895642
v -0.973281 4.200000 -1.899869
v -0.973281 4.100131 -1.800000
v -0.947326 4.104358 -1.895642
v -0.800000 4.100131 -1.973281
v -0.899869 4.200000 -1.973281
v -0.895642 4.104358 -1.947327
v -0.800000 8.000000 -1.800002
v -0.800000 7.800000 -2.000000
v -1.000000 7.800000 -1.800002
v -0.800000 7.973281 -1.899871
v -0.899869 7.973281 -1.800002
v -0.895642 7.947327 -1.895644
v -0.899869 7.800000 -1.973283
v -0.800000 7.899869 -1.973283
v -0.895642 7.895642 -1.947329
v -0.973281 7.899869 -1.800002
v -0.973281 7.800000 -1.899871
v -0.947326 7.895642 -1.895644
v 0.800000 4.000000 1.800000
v 1.000000 4.200000 1.800000
v 0.800000 4.200000 2.000000
v 0.899869 4.026719 1.800000
v 0.800000 4.026719 1.899869
v 0.895642 4.052673 1.895642
v 0.973281 4.200000 1.899869
v 0.973281 4.100131 1.800000
v 0.947326 4.104358 1.895642
v 0.800000 4.100131 1.973281
v 0.899869 4.200000 1.973281
v 0.895642 4.104358 1.947327
v 0.800000 8.000000 1.799998
v 0.800000 7.800000 1.999998
v 1.000000 7.800000 1.799998
v 0.800000 7.973281 1.899867
v 0.899869 7.973281 1.799998
v 0.895642 7.947327 1.895640
v 0.899869 7.800000 1.973279
v 0.800000 7.899869 1.973279
v 0.895642 7.895642 1.947325
v 0.973281 7.899869 1.799998
v 0.973281 7.800000 1.899867
v 0.947326 7.895642 1.895640
v 0.800000 4.000000 -1.800000
v 0.800000 4.200000 -2.000000
v 1.000000 4.200000 -1.800000
v 0.800000 4.026719 -1.899869
v 0.899869 4.026719 -1.800000
v 0.895642 4.052673 -1.895642
v 0.899869 4.200000 -1.973281
v 0.800000 4.100131 -1.973281
v 0.895642 4.104358 -1.947327
v 0.973281 4.100131 -1.800000
v 0.973281 4.200000 -1.899869
v 0.947326 4.104358 -1.895642
v 0.800000 8.000000 -1.800002
v 1.000000 7.800000 -1.800002
v 0.800000 7.800000 -2.000000
v 0.899869 7.973281 -1.800002
v 0.800000 7.973281 -1.899871
v 0.895642 7.947327 -1.895644
v 0.973281 7.800000 -1.899871
v 0.973281 7.899869 -1.800002
v 0.947326 7.895642 -1.895644
v 0.800000 7.899869 -1.973283
v 0.899869 7.800000 -1.973283
v 0.895642 7.895642 -1.947329
vn -0.1296 -0.9831 0.1296
vn -0.1216 -0.8623 0.4915
vn -0.4474 -0.7744 0.4473
vn -0.4915 -0.8623 0.1216
vn -0.1216 -0.4915 0.8623
vn -0.4474 -0.4473 0.7744
vn -0.1296 -0.1296 0.9831
vn -0.4915 -0.1216 0.8623
vn -0.8623 -0.1216 0.4915
vn -0.7744 -0.4473 0.4473
vn -0.9831 -0.1296 0.1296
vn -0.8623 -0.4915 0.1216
vn -0.1296 0.1296 0.9831
vn -0.1216 0.4915 0.8623
vn -0.4474 0.4473 0.7744
vn -0.4915 0.1216 0.8623
vn -0.1216 0.8623 0.4915
vn -0.4474 0.7744 0.4473
vn -0.1296 0.9831 0.1296
vn -0.4915 0.8623 0.1216
vn -0.8623 0.4915 0.1216
vn -0.7744 0.4473 0.4473
vn -0.9831 0.1296 0.1296
vn -0.8623 0.1216 0.4915
vn -0.1296 -0.9831 -0.1296
vn -0.4915 -0.8623 -0.1216
vn -0.4474 -0.7744 -0.4473
vn -0.1216 -0.8623 -0.4915
vn -0.8623 -0.4915 -0.1216
vn -0.7744 -0.4473 -0.4473
vn -0.9831 -0.1296 -0.1296
vn -0.8623 -0.1216 -0.4915
vn -0.4915 -0.1216 -0.8623
vn -0.4474 -0.4473 -0.7744
vn -0.1296 -0.1296 -0.9831
vn -0.1216 -0.4915 -0.8623
vn -0.1296 0.9831 -0.1296
vn -0.1216 0.8623 -0.4915
vn -0.4474 0.7744 -0.4473
vn -0.4915 0.8623 -0.1216
vn -0.1216 0.4915 -0.8623
vn -0.4473 0.4473 -0.7744
vn -0.1296 0.1296 -0.9831
vn -0.4915 0.1216 -0.8623
vn -0.8623 0.1216 -0.4915
vn -0.7744 0.4473 -0.4474
vn -0.9831 0.1296 -0.1296
vn -0.8623 0.4915 -0.1216
vn 0.1296 -0.9831 0.1296
vn 0.4915 -0.8623 0.1216
vn 0.4474 -0.7744 0.4473
vn 0.1216 -0.8623 0.4915
vn 0.8623 -0.4915 0.1216
vn 0.7744 -0.4473 0.4473
vn 0.9831 -0.1296 0.1296
vn 0.8623 -0.1216 0.4915
vn 0.4915 -0.1216 0.8623
vn 0.4474 -0.4473 0.7744
vn 0.1296 -0.1296 0.9831
vn 0.1216 -0.4915 0.8623
vn 0.1296 0.9831 0.1296
vn 0.1216 0.8623 0.4915
vn 0.4474 0.7744 0.4473
vn 0.4915 0.8623 0.1216
vn 0.1216 0.4915 0.8623
vn 0.4474 0.4473 0.7744
vn 0.1296 0.1296 0.9831
vn 0.4915 0.1216 0.8623
vn 0.8623 0.1216 0.4915
vn 0.7744 0.4473 0.4474
vn 0.9831 0.1296 0.1296
vn 0.8623 0.4915 0.1216
vn 0.1296 -0.9831 -0.1296
vn 0.1216 -0.8623 -0.4915
vn 0.4474 -0.7744 -0.4473
vn 0.4915 -0.8623 -0.1216
vn 0.1216 -0.4915 -0.8623
vn 0.4474 -0.4473 -0.7744
vn 0.1296 -0.1296 -0.9831
vn 0.4915 -0.1216 -0.8623
vn 0.8623 -0.1216 -0.4915
vn 0.7744 -0.4473 -0.4473
vn 0.9831 -0.1296 -0.1296
vn 0.8623 -0.4915 -0.1216
vn 0.1296 0.9831 -0.1296
vn 0.4915 0.8623 -0.1216
vn 0.4474 0.7744 -0.4473
vn 0.1216 0.8623 -0.4915
vn 0.8623 0.4915 -0.1216
vn 0.7744 0.4473 -0.4474
vn 0.9831 0.1296 -0.1296
vn 0.8623 0.1216 -0.4915
vn 0.4915 0.1216 -0.8623
vn 0.4473 0.4473 -0.7744
vn 0.1296 0.1296 -0.9831
vn 0.1216 0.4915 -0.8623
vt 0.231233 0.695449
vt 0.226629 0.695449
vt 0.226824 0.691040
vt 0.231233 0.690845
vt 0.222013 0.695449
vt 0.222013 0.691040
vt 0.531555 0.799451
vt 0.526934 0.799451
vt 0.527129 0.790196
vt 0.531555 0.790196
vt 0.522300 0.799451
vt 0.522300 0.790196
vt 0.397729 0.799715
vt 0.397729 0.790482
vt 0.402145 0.790482
vt 0.406963 0.799715
vt 0.231233 0.686229
vt 0.226824 0.686229
vt 0.531555 0.966042
vt 0.531555 0.975296
vt 0.527129 0.975296
vt 0.526934 0.966041
vt 0.025295 0.769189
vt 0.029903 0.769189
vt 0.030098 0.773591
vt 0.025295 0.773591
vt 0.034500 0.769189
vt 0.034500 0.773785
vt 0.034500 0.778394
vt 0.030098 0.778394
vt 0.397729 0.965915
vt 0.406963 0.965915
vt 0.402145 0.975148
vt 0.397729 0.975148
vt 0.522300 0.966042
vt 0.522300 0.975296
vt 0.397208 0.695449
vt 0.397208 0.690845
vt 0.401618 0.691040
vt 0.401813 0.695449
vt 0.397208 0.686229
vt 0.401618 0.686229
vt 0.231529 0.799715
vt 0.222296 0.799715
vt 0.227114 0.790482
vt 0.231530 0.790482
vt 0.511381 0.799170
vt 0.506734 0.799170
vt 0.506538 0.789889
vt 0.511381 0.789889
vt 0.502099 0.799170
vt 0.502099 0.789889
vt 0.406429 0.695449
vt 0.406429 0.691040
vt 0.200200 0.769189
vt 0.204797 0.769189
vt 0.204603 0.773591
vt 0.200200 0.773785
vt 0.209406 0.769189
vt 0.209406 0.773591
vt 0.502099 0.966233
vt 0.506734 0.966233
vt 0.506538 0.975514
vt 0.502099 0.975514
vt 0.511381 0.966233
vt 0.511381 0.975514
vt 0.231530 0.965915
vt 0.231530 0.975148
vt 0.227114 0.975148
vt 0.222296 0.965915
vt 0.200200 0.778394
vt 0.204603 0.778394
vt 0.231233 0.769216
vt 0.231233 0.773820
vt 0.226824 0.773625
vt 0.226629 0.769216
vt 0.231233 0.778437
vt 0.226824 0.778437
vt 0.034073 0.799602
vt 0.029457 0.799602
vt 0.029652 0.790357
vt 0.034073 0.790357
vt 0.024828 0.799602
vt 0.024828 0.790357
vt 0.605595 0.799451
vt 0.605595 0.790196
vt 0.610021 0.790196
vt 0.614850 0.799451
vt 0.222013 0.769216
vt 0.222013 0.773625
vt 0.034500 0.695544
vt 0.029903 0.695544
vt 0.030098 0.691142
vt 0.034500 0.690947
vt 0.025295 0.695544
vt 0.025295 0.691142
vt 0.605595 0.966042
vt 0.614850 0.966042
vt 0.610021 0.975296
vt 0.605595 0.975296
vt 0.024828 0.966005
vt 0.029457 0.966005
vt 0.029652 0.975249
vt 0.024828 0.975249
vt 0.034073 0.966005
vt 0.034073 0.975249
vt 0.034500 0.686339
vt 0.030098 0.686339
vt 0.397208 0.769216
vt 0.401813 0.769216
vt 0.401618 0.773625
vt 0.397208 0.773820
vt 0.406429 0.769216
vt 0.406429 0.773625
vt 0.427849 0.799170
vt 0.418568 0.799170
vt 0.423411 0.789889
vt 0.427849 0.789889
vt 0.209720 0.799602
vt 0.205092 0.799602
vt 0.204896 0.790357
vt 0.209720 0.790357
vt 0.200476 0.799602
vt 0.200476 0.790357
vt 0.397208 0.778437
vt 0.401618 0.778437
vt 0.200200 0.695544
vt 0.200200 0.690947
vt 0.204603 0.691142
vt 0.204797 0.695544
vt 0.200200 0.686339
vt 0.204603 0.686339
vt 0.200476 0.966004
vt 0.205092 0.966005
vt 0.204896 0.975249
vt 0.200476 0.975249
vt 0.209720 0.966005
vt 0.209720 0.975249
vt 0.427849 0.966233
vt 0.427849 0.975514
vt 0.423411 0.975514
vt 0.418568 0.966233
vt 0.209406 0.695544
vt 0.209406 0.691142
s 1
usemtl Material.009
f 385/577/387 388/578/388 390/579/389 389/580/390
f 388/578/388 392/581/391 393/582/392 390/579/389
f 386/583/393 391/584/394 393/585/392 392/586/391
f 391/584/394 395/587/395 396/588/396 393/585/392
f 387/589/397 394/590/398 396/591/396 395/592/395
f 394/593/398 389/580/390 390/579/389 396/594/396
f 390/579/389 393/582/392 396/594/396
f 397/595/399 400/596/400 402/597/401 401/598/402
f 400/599/400 404/600/403 405/601/404 402/602/401
f 398/603/405 403/604/406 405/601/404 404/600/403
f 403/604/406 407/605/407 408/606/408 405/601/404
f 399/607/409 406/608/410 408/609/408 407/610/407
f 406/611/410 401/598/402 402/597/401 408/612/408
f 402/602/401 405/601/404 408/606/408
f 409/613/411 412/614/412 414/615/413 413/616/414
f 412/614/412 416/617/415 417/618/416 414/615/413
f 410/619/417 415/620/418 417/621/416 416/622/415
f 415/623/418 419/624/419 420/625/420 417/626/416
f 411/627/421 418/628/422 420/625/420 419/624/419
f 418/629/422 413/616/414 414/615/413 420/630/420
f 414/615/413 417/618/416 420/630/420
f 421/631/423 424/632/424 426/633/425 425/634/426
f 424/632/424 428/635/427 429/636/428 426/633/425
f 422/637/429 427/638/430 429/639/428 428/640/427
f 427/638/430 431/641/431 432/642/432 429/639/428
f 423/643/433 430/644/434 432/645/432 431/646/431
f 430/647/434 425/634/426 426/633/425 432/648/432
f 426/633/425 429/636/428 432/648/432
f 433/649/435 436/650/436 438/651/437 437/652/438
f 436/650/436 440/653/439 441/654/440 438/651/437
f 434/655/441 439/656/442 441/657/440 440/658/439
f 439/656/442 443/659/443 444/660/444 441/657/440
f 435/661/445 442/662/446 444/663/444 443/664/443
f 442/665/446 437/652/438 438/651/437 444/666/444
f 438/651/437 441/654/440 444/666/444
f 445/667/447 448/668/448 450/669/449 449/670/450
f 448/668/448 452/671/451 453/672/452 450/669/449
f 446/673/453 451/674/454 453/675/452 452/676/451
f 451/677/454 455/678/455 456/679/456 453/680/452
f 447/681/457 454/682/458 456/679/456 455/678/455
f 454/683/458 449/670/450 450/669/449 456/684/456
f 450/669/449 453/672/452 456/684/456
f 457/685/459 460/686/460 462/687/461 461/688/462
f 460/686/460 464/689/463 465/690/464 462/687/461
f 458/691/465 463/692/466 465/693/464 464/694/463
f 463/695/466 467/696/467 468/697/468 465/698/464
f 459/699/469 466/700/470 468/697/468 467/696/467
f 466/701/470 461/688/462 462/687/461 468/702/468
f 462/687/461 465/690/464 468/702/468
f 469/703/471 472/704/472 474/705/473 473/706/474
f 472/704/472 476/707/475 477/708/476 474/705/473
f 470/709/477 475/710/478 477/711/476 476/712/475
f 475/710/478 479/713/479 480/714/480 477/711/476
f 471/715/481 478/716/482 480/717/480 479/718/479
f 478/719/482 473/706/474 474/705/473 480/720/480
f 474/705/473 477/708/476 480/720/480
f 409/613/411 385/577/387 389/580/390 412/614/412
f 412/614/412 389/580/390 394/593/398 416/617/415
f 416/622/415 394/590/398 387/589/397 410/619/417
f 386/583/393 397/595/399 401/598/402 391/584/394
f 391/584/394 401/598/402 406/611/410 395/587/395
f 395/592/395 406/608/410 399/607/409 387/589/397
f 398/603/405 421/631/423 425/634/426 403/604/406
f 403/604/406 425/634/426 430/647/434 407/605/407
f 407/610/407 430/644/434 423/643/433 399/607/409
f 422/637/429 411/627/421 419/624/419 427/638/430
f 427/638/430 419/624/419 415/623/418 431/641/431
f 431/646/431 415/620/418 410/619/417 423/643/433
f 457/685/459 409/613/411 413/616/414 460/686/460
f 460/686/460 413/616/414 418/629/422 464/689/463
f 464/694/463 418/628/422 411/627/421 458/691/465
f 421/631/423 469/703/471 473/706/474 424/632/424
f 424/632/424 473/706/474 478/719/482 428/635/427
f 428/640/427 478/716/482 471/715/481 422/637/429
f 470/709/477 459/699/469 467/696/467 475/710/478
f 475/710/478 467/696/467 463/695/466 479/713/479
f 479/718/479 463/692/466 458/691/465 471/715/481
f 433/649/435 457/685/459 461/688/462 436/650/436
f 436/650/436 461/688/462 466/701/470 440/653/439
f 440/658/439 466/700/470 459/699/469 434/655/441
f 469/703/471 445/667/447 449/670/450 472/704/472
f 472/704/472 449/670/450 454/683/458 476/707/475
f 476/712/475 454/682/458 447/681/457 470/709/477
f 446/673/453 435/661/445 443/664/443 451/674/454
f 451/677/454 443/659/443 439/656/442 455/678/455
f 455/678/455 439/656/442 434/655/441 447/681/457
f 385/577/387 433/649/435 437/652/438 388/578/388
f 388/578/388 437/652/438 442/665/446 392/581/391
f 392/586/391 442/662/446 435/661/445 386/583/393
f 445/667/447 398/603/405 404/600/403 448/668/448
f 448/668/448 404/600/403 400/599/400 452/671/451
f 452/676/451 400/596/400 397/595/399 446/673/453
f 409/613/411 457/685/459 433/649/435 385/577/387
f 387/589/397 399/607/409 423/643/433 410/619/417
f 435/661/445 446/673/453 397/595/399 386/583/393
f 469/703/471 421/631/423 398/603/405 445/667/447
f 411/627/421 422/637/429 471/715/481 458/691/465
f 459/699/469 470/709/477 447/681/457 434/655/441
o Head
v 0.000000 10.500000 -0.648145
v 0.000000 9.900000 -1.250000
v 0.000000 10.488471 -0.765561
v 0.000000 10.454328 -0.878465
v 0.000000 10.398882 -0.982518
v 0.000000 10.324265 -1.073721
v 0.000000 10.233342 -1.148569
v 0.000000 10.129610 -1.204186
v 0.000000 10.017055 -1.238436
v 0.101392 10.500000 -0.640165
v 0.195543 9.900000 -1.234610
v 0.119760 10.488471 -0.756136
v 0.137422 10.454328 -0.867649
v 0.153700 10.398882 -0.970421
v 0.167967 10.324265 -1.060501
v 0.179676 10.233342 -1.134428
v 0.188376 10.129610 -1.189361
v 0.193734 10.017055 -1.223188
v 0.200288 10.500000 -0.616422
v 0.386271 9.900000 -1.188821
v 0.236571 10.488471 -0.728092
v 0.271461 10.454328 -0.835470
v 0.303615 10.398882 -0.934430
v 0.331798 10.324265 -1.021169
v 0.354927 10.233342 -1.092354
v 0.372114 10.129610 -1.145249
v 0.382698 10.017055 -1.177822
v 0.294252 10.500000 -0.577501
v 0.567488 9.900000 -1.113758
v 0.347557 10.488471 -0.682120
v 0.398815 10.454328 -0.782718
v 0.446054 10.398882 -0.875430
v 0.487459 10.324265 -0.956692
v 0.521440 10.233342 -1.023383
v 0.546689 10.129610 -1.072938
v 0.562238 10.017055 -1.103454
v 0.380970 10.500000 -0.524360
v 0.734732 9.900000 -1.011271
v 0.449985 10.488471 -0.619352
v 0.516348 10.454328 -0.710693
v 0.577509 10.398882 -0.794873
v 0.631117 10.324265 -0.868658
v 0.675112 10.233342 -0.929212
v 0.707803 10.129610 -0.974207
v 0.727934 10.017055 -1.001915
v 0.458307 10.500000 -0.458307
v 0.883883 9.900000 -0.883883
v 0.541333 10.488471 -0.541333
v 0.621168 10.454328 -0.621168
v 0.694745 10.398882 -0.694745
v 0.759235 10.324265 -0.759235
v 0.812161 10.233342 -0.812161
v 0.851488 10.129610 -0.851488
v 0.875706 10.017055 -0.875706
v 0.524360 10.500000 -0.380970
v 1.011271 9.900000 -0.734732
v 0.619352 10.488471 -0.449985
v 0.710693 10.454328 -0.516348
v 0.794873 10.398882 -0.577509
v 0.868658 10.324265 -0.631117
v 0.929212 10.233342 -0.675112
v 0.974207 10.129610 -0.707803
v 1.001915 10.017055 -0.727934
v 0.577501 10.500000 -0.294252
v 1.113758 9.900000 -0.567488
v 0.682120 10.488471 -0.347557
v 0.782718 10.454328 -0.398815
v 0.875430 10.398882 -0.446054
v 0.956692 10.324265 -0.487459
v 1.023383 10.233342 -0.521440
v 1.072938 10.129610 -0.546689
v 1.103454 10.017055 -0.562238
v 0.616422 10.500000 -0.200288
v 1.188821 9.900000 -0.386271
v 0.728092 10.488471 -0.236571
v 0.835470 10.454328 -0.271461
v 0.934430 10.398882 -0.303615
v 1.021169 10.324265 -0.331798
v 1.092354 10.233342 -0.354927
v 1.145249 10.129610 -0.372114
v 1.177822 10.017055 -0.382698
v 0.640165 10.500000 -0.101392
v 1.234610 9.900000 -0.195543
v 0.756136 10.488471 -0.119760
v 0.867649 10.454328 -0.137422
v 0.970421 10.398882 -0.153700
v 1.060501 10.324265 -0.167967
v 1.134428 10.233342 -0.179676
v 1.189361 10.129610 -0.188376
v 1.223188 10.017055 -0.193734
v 0.648145 10.500000 0.000000
v 1.250000 9.900000 0.000000
v 0.765561 10.488471 0.000000
v 0.878465 10.454328 0.000000
v 0.982518 10.398882 0.000000
v 1.073721 10.324265 0.000000
v 1.148569 10.233342 0.000000
v 1.204186 10.129610 0.000000
v 1.238436 10.017055 0.000000
v 0.640165 10.500000 0.101392
v 1.234610 9.900000 0.195543
v 0.756136 10.488471 0.119760
v 0.867649 10.454328 0.137422
v 0.970421 10.398882 0.153700
v 1.060501 10.324265 0.167967
v 1.134428 10.233342 0.179676
v 1.189361 10.129610 0.188376
v 1.223188 10.017055 0.193734
v 0.616422 10.500000 0.200288
v 1.188821 9.900000 0.386271
v 0.728092 10.488471 0.236571
v 0.835470 10.454328 0.271461
v 0.934430 10.398882 0.303615
v 1.021169 10.324265 0.331798
v 1.092354 10.233342 0.354927
v 1.145249 10.129610 0.372114
v 1.177822 10.017055 0.382698
v 0.577501 10.500000 0.294252
v 1.113758 9.900000 0.567488
v 0.682120 10.488471 0.347557
v 0.782718 10.454328 0.398815
v 0.875430 10.398882 0.446054
v 0.956692 10.324265 0.487459
v 1.023383 10.233342 0.521440
v 1.072938 10.129610 0.546689
v 1.103454 10.017055 0.562238
v 0.524360 10.500000 0.380970
v 1.011271 9.900000 0.734732
v 0.619352 10.488471 0.449985
v 0.710693 10.454328 0.516348
v 0.794873 10.398882 0.577509
v 0.868658 10.324265 0.631117
v 0.929212 10.233342 0.675112
v 0.974207 10.129610 0.707803
v 1.001915 10.017055 0.727934
v 0.458307 10.500000 0.458307
v 0.883883 9.900000 0.883883
v 0.541333 10.488471 0.541333
v 0.621168 10.454328 0.621168
v 0.694745 10.398882 0.694745
v 0.759235 10.324265 0.759235
v 0.812161 10.233342 0.812161
v 0.851488 10.129610 0.851488
v 0.875706 10.017055 0.875706
v 0.380970 10.500000 0.524360
v 0.734732 9.900000 1.011271
v 0.449985 10.488471 0.619352
v 0.516348 10.454328 0.710693
v 0.577509 10.398882 0.794873
v 0.631117 10.324265 0.868658
v 0.675112 10.233342 0.929212
v 0.707803 10.129610 0.974207
v 0.727934 10.017055 1.001915
v 0.294252 10.500000 0.577501
v 0.567488 9.900000 1.113758
v 0.347557 10.488471 0.682120
v 0.398815 10.454328 0.782718
v 0.446054 10.398882 0.875430
v 0.487459 10.324265 0.956692
v 0.521440 10.233342 1.023383
v 0.546689 10.129610 1.072938
v 0.562238 10.017055 1.103454
v 0.200288 10.500000 0.616422
v 0.386271 9.900000 1.188821
v 0.236571 10.488471 0.728092
v 0.271461 10.454328 0.835470
v 0.303615 10.398882 0.934430
v 0.331798 10.324265 1.021169
v 0.354927 10.233342 1.092354
v 0.372114 10.129610 1.145249
v 0.382698 10.017055 1.177822
v 0.101392 10.500000 0.640165
v 0.195543 9.900000 1.234610
v 0.119760 10.488471 0.756136
v 0.137422 10.454328 0.867649
v 0.153700 10.398882 0.970421
v 0.167967 10.324265 1.060501
v 0.179676 10.233342 1.134428
v 0.188376 10.129610 1.189361
v 0.193734 10.017055 1.223188
v -0.000000 10.500000 0.648145
v 0.000000 9.900000 1.250000
v -0.000000 10.488471 0.765561
v -0.000000 10.454328 0.878465
v -0.000000 10.398882 0.982518
v -0.000000 10.324265 1.073721
v -0.000000 10.233342 1.148569
v -0.000000 10.129610 1.204186
v 0.000000 10.017055 1.238436
v -0.101392 10.500000 0.640165
v -0.195543 9.900000 1.234610
v -0.119760 10.488471 0.756136
v -0.137422 10.454328 0.867649
v -0.153700 10.398882 0.970421
v -0.167967 10.324265 1.060501
v -0.179676 10.233342 1.134428
v -0.188376 10.129610 1.189361
v -0.193734 10.017055 1.223188
v -0.200288 10.500000 0.616422
v -0.386271 9.900000 1.188821
v -0.236571 10.488471 0.728092
v -0.271461 10.454328 0.835470
v -0.303615 10.398882 0.934430
v -0.331798 10.324265 1.021169
v -0.354927 10.233342 1.092354
v -0.372114 10.129610 1.145249
v -0.382698 10.017055 1.177822
v -0.294252 10.500000 0.577501
v -0.567488 9.900000 1.113758
v -0.347557 10.488471 0.682120
v -0.398815 10.454328 0.782718
v -0.446054 10.398882 0.875430
v -0.487459 10.324265 0.956692
v -0.521440 10.233342 1.023383
v -0.546689 10.129610 1.072938
v -0.562238 10.017055 1.103454
v -0.380970 10.500000 0.524360
v -0.734732 9.900000 1.011271
v -0.449985 10.488471 0.619352
v -0.516348 10.454328 0.710693
v -0.577509 10.398882 0.794873
v -0.631117 10.324265 0.868658
v -0.675112 10.233342 0.929212
v -0.707803 10.129610 0.974207
v -0.727934 10.017055 1.001915
v -0.458307 10.500000 0.458307
v -0.883883 9.900000 0.883883
v -0.541333 10.488471 0.541333
v -0.621168 10.454328 0.621168
v -0.694745 10.398882 0.694745
v -0.759235 10.324265 0.759235
v -0.812161 10.233342 0.812161
v -0.851488 10.129610 0.851488
v -0.875706 10.017055 0.875706
v -0.524360 10.500000 0.380970
v -1.011271 9.900000 0.734732
v -0.619352 10.488471 0.449985
v -0.710693 10.454328 0.516348
v -0.794873 10.398882 0.577509
v -0.868658 10.324265 0.631117
v -0.929212 10.233342 0.675112
v -0.974207 10.129610 0.707803
v -1.001915 10.017055 0.727934
v -0.577501 10.500000 0.294252
v -1.113758 9.900000 0.567488
v -0.682120 10.488471 0.347557
v -0.782718 10.454328 0.398815
v -0.875430 10.398882 0.446054
v -0.956692 10.324265 0.487459
v -1.023383 10.233342 0.521440
v -1.072938 10.129610 0.546689
v -1.103454 10.017055 0.562238
v -0.616422 10.500000 0.200288
v -1.188821 9.900000 0.386271
v -0.728092 10.488471 0.236571
v -0.835470 10.454328 0.271461
v -0.934430 10.398882 0.303615
v -1.021169 10.324265 0.331798
v -1.092354 10.233342 0.354927
v -1.145249 10.129610 0.372114
v -1.177822 10.017055 0.382698
v -0.640165 10.500000 0.101392
v -1.234610 9.900000 0.195543
v -0.756136 10.488471 0.119760
v -0.867649 10.454328 0.137422
v -0.970421 10.398882 0.153700
v -1.060501 10.324265 0.167967
v -1.134428 10.233342 0.179676
v -1.189361 10.129610 0.188376
v -1.223188 10.017055 0.193734
v -0.648145 10.500000 -0.000000
v -1.250000 9.900000 0.000000
v -0.765561 10.488471 -0.000000
v -0.878465 10.454328 -0.000000
v -0.982518 10.398882 -0.000000
v -1.073721 10.324265 -0.000000
v -1.148569 10.233342 -0.000000
v -1.204186 10.129610 -0.000000
v -1.238436 10.017055 0.000000
v -0.640165 10.500000 -0.101392
v -1.234610 9.900000 -0.195543
v -0.756136 10.488471 -0.119760
v -0.867649 10.454328 -0.137422
v -0.970421 10.398882 -0.153700
v -1.060501 10.324265 -0.167967
v -1.134428 10.233342 -0.179676
v -1.189361 10.129610 -0.188376
v -1.223188 10.017055 -0.193734
v -0.616422 10.500000 -0.200288
v -1.188821 9.900000 -0.386271
v -0.728092 10.488471 -0.236571
v -0.835470 10.454328 -0.271461
v -0.934430 10.398882 -0.303615
v -1.021169 10.324265 -0.331798
v -1.092354 10.233342 -0.354927
v -1.145249 10.129610 -0.372114
v -1.177822 10.017055 -0.382698
v -0.577501 10.500000 -0.294252
v -1.113758 9.900000 -0.567488
v -0.682120 10.488471 -0.347557
v -0.782718 10.454328 -0.398815
v -0.875430 10.398882 -0.446054
v -0.956692 10.324265 -0.487459
v -1.023383 10.233342 -0.521440
v -1.072938 10.129610 -0.546689
v -1.103454 10.017055 -0.562238
v -0.524360 10.500000 -0.380970
v -1.011271 9.900000 -0.734732
v -0.619352 10.488471 -0.449985
v -0.710693 10.454328 -0.516348
v -0.794873 10.398882 -0.577509
v -0.868658 10.324265 -0.631117
v -0.929212 10.233342 -0.675112
v -0.974207 10.129610 -0.707803
v -1.001915 10.017055 -0.727934
v -0.458307 10.500000 -0.458307
v -0.883883 9.900000 -0.883883
v -0.541333 10.488471 -0.541333
v -0.621168 10.454328 -0.621168
v -0.694745 10.398882 -0.694745
v -0.759235 10.324265 -0.759235
v -0.812161 10.233342 -0.812161
v -0.851488 10.129610 -0.851488
v -0.875706 10.017055 -0.875706
v -0.380970 10.500000 -0.524360
v -0.734732 9.900000 -1.011271
v -0.449985 10.488471 -0.619352
v -0.516348 10.454328 -0.710693
v -0.577509 10.398882 -0.794873
v -0.631117 10.324265 -0.868658
v -0.675112 10.233342 -0.929212
v -0.707803 10.129610 -0.974207
v -0.727934 10.017055 -1.001915
v -0.294252 10.500000 -0.577501
v -0.567488 9.900000 -1.113758
v -0.347557 10.488471 -0.682120
v -0.398815 10.454328 -0.782718
v -0.446054 10.398882 -0.875430
v -0.487459 10.324265 -0.956692
v -0.521440 10.233342 -1.023383
v -0.546689 10.129610 -1.072938
v -0.562238 10.017055 -1.103454
v -0.200288 10.500000 -0.616422
v -0.386271 9.900000 -1.188821
v -0.236571 10.488471 -0.728092
v -0.271461 10.454328 -0.835470
v -0.303615 10.398882 -0.934430
v -0.331798 10.324265 -1.021169
v -0.354927 10.233342 -1.092354
v -0.372114 10.129610 -1.145249
v -0.382698 10.017055 -1.177822
v -0.101392 10.500000 -0.640165
v -0.195543 9.900000 -1.234610
v -0.119760 10.488471 -0.756136
v -0.137422 10.454328 -0.867649
v -0.153700 10.398882 -0.970421
v -0.167967 10.324265 -1.060501
v -0.179676 10.233342 -1.134428
v -0.188376 10.129610 -1.189361
v -0.193734 10.017055 -1.223188
v -0.000000 8.000000 -0.648145
v 0.000000 8.600000 -1.250000
v -0.000000 8.011529 -0.765561
v -0.000000 8.045672 -0.878465
v -0.000000 8.101118 -0.982518
v -0.000000 8.175735 -1.073721
v -0.000000 8.266658 -1.148569
v -0.000000 8.370390 -1.204186
v 0.000000 8.482945 -1.238436
v 0.195543 8.600000 -1.234610
v 0.101392 8.000000 -0.640165
v 0.193734 8.482945 -1.223188
v 0.188376 8.370390 -1.189361
v 0.179676 8.266658 -1.134428
v 0.167967 8.175735 -1.060501
v 0.153700 8.101118 -0.970421
v 0.137422 8.045672 -0.867649
v 0.119760 8.011529 -0.756136
v 0.386271 8.600000 -1.188821
v 0.200288 8.000000 -0.616422
v 0.382698 8.482945 -1.177822
v 0.372114 8.370390 -1.145249
v 0.354927 8.266658 -1.092354
v 0.331798 8.175735 -1.021169
v 0.303615 8.101118 -0.934430
v 0.271461 8.045672 -0.835470
v 0.236571 8.011529 -0.728092
v 0.567488 8.600000 -1.113758
v 0.294252 8.000000 -0.577501
v 0.562238 8.482945 -1.103454
v 0.546689 8.370390 -1.072938
v 0.521440 8.266658 -1.023383
v 0.487459 8.175735 -0.956692
v 0.446054 8.101118 -0.875430
v 0.398815 8.045672 -0.782718
v 0.347557 8.011529 -0.682120
v 0.734732 8.600000 -1.011271
v 0.380970 8.000000 -0.524360
v 0.727934 8.482945 -1.001915
v 0.707803 8.370390 -0.974207
v 0.675112 8.266658 -0.929212
v 0.631117 8.175735 -0.868658
v 0.577509 8.101118 -0.794873
v 0.516348 8.045672 -0.710693
v 0.449985 8.011529 -0.619352
v 0.883883 8.600000 -0.883883
v 0.458307 8.000000 -0.458307
v 0.875706 8.482945 -0.875706
v 0.851488 8.370390 -0.851488
v 0.812161 8.266658 -0.812161
v 0.759235 8.175735 -0.759235
v 0.694745 8.101118 -0.694745
v 0.621168 8.045672 -0.621168
v 0.541333 8.011529 -0.541333
v 1.011271 8.600000 -0.734732
v 0.524360 8.000000 -0.380970
v 1.001915 8.482945 -0.727934
v 0.974207 8.370390 -0.707803
v 0.929212 8.266658 -0.675112
v 0.868658 8.175735 -0.631117
v 0.794873 8.101118 -0.577509
v 0.710693 8.045672 -0.516348
v 0.619352 8.011529 -0.449985
v 1.113758 8.600000 -0.567488
v 0.577501 8.000000 -0.294252
v 1.103454 8.482945 -0.562238
v 1.072938 8.370390 -0.546689
v 1.023383 8.266658 -0.521440
v 0.956692 8.175735 -0.487459
v 0.875430 8.101118 -0.446054
v 0.782718 8.045672 -0.398815
v 0.682120 8.011529 -0.347557
v 1.188821 8.600000 -0.386271
v 0.616422 8.000000 -0.200288
v 1.177822 8.482945 -0.382698
v 1.145249 8.370390 -0.372114
v 1.092354 8.266658 -0.354927
v 1.021169 8.175735 -0.331798
v 0.934430 8.101118 -0.303615
v 0.835470 8.045672 -0.271461
v 0.728092 8.011529 -0.236571
v 1.234610 8.600000 -0.195543
v 0.640165 8.000000 -0.101392
v 1.223188 8.482945 -0.193734
v 1.189361 8.370390 -0.188376
v 1.134428 8.266658 -0.179676
v 1.060501 8.175735 -0.167967
v 0.970421 8.101118 -0.153700
v 0.867649 8.045672 -0.137422
v 0.756136 8.011529 -0.119760
v 1.250000 8.600000 0.000000
v 0.648145 8.000000 -0.000000
v 1.238436 8.482945 0.000000
v 1.204186 8.370390 -0.000000
v 1.148569 8.266658 -0.000000
v 1.073721 8.175735 -0.000000
v 0.982518 8.101118 -0.000000
v 0.878465 8.045672 -0.000000
v 0.765561 8.011529 -0.000000
v 1.234610 8.600000 0.195543
v 0.640165 8.000000 0.101392
v 1.223188 8.482945 0.193734
v 1.189361 8.370390 0.188376
v 1.134428 8.266658 0.179676
v 1.060501 8.175735 0.167967
v 0.970421 8.101118 0.153700
v 0.867649 8.045672 0.137422
v 0.756136 8.011529 0.119760
v 1.188821 8.600000 0.386271
v 0.616422 8.000000 0.200288
v 1.177822 8.482945 0.382698
v 1.145249 8.370390 0.372114
v 1.092354 8.266658 0.354927
v 1.021169 8.175735 0.331798
v 0.934430 8.101118 0.303615
v 0.835470 8.045672 0.271461
v 0.728092 8.011529 0.236571
v 1.113758 8.600000 0.567488
v 0.577501 8.000000 0.294252
v 1.103454 8.482945 0.562238
v 1.072938 8.370390 0.546689
v 1.023383 8.266658 0.521440
v 0.956692 8.175735 0.487459
v 0.875430 8.101118 0.446054
v 0.782718 8.045672 0.398815
v 0.682120 8.011529 0.347557
v 1.011271 8.600000 0.734732
v 0.524360 8.000000 0.380970
v 1.001915 8.482945 0.727934
v 0.974207 8.370390 0.707803
v 0.929212 8.266658 0.675112
v 0.868658 8.175735 0.631117
v 0.794873 8.101118 0.577509
v 0.710693 8.045672 0.516348
v 0.619352 8.011529 0.449985
v 0.883883 8.600000 0.883883
v 0.458307 8.000000 0.458307
v 0.875706 8.482945 0.875706
v 0.851488 8.370390 0.851488
v 0.812161 8.266658 0.812161
v 0.759235 8.175735 0.759235
v 0.694745 8.101118 0.694745
v 0.621168 8.045672 0.621168
v 0.541333 8.011529 0.541333
v 0.734732 8.600000 1.011271
v 0.380970 8.000000 0.524360
v 0.727934 8.482945 1.001915
v 0.707803 8.370390 0.974207
v 0.675112 8.266658 0.929212
v 0.631117 8.175735 0.868658
v 0.577509 8.101118 0.794873
v 0.516348 8.045672 0.710693
v 0.449985 8.011529 0.619352
v 0.567488 8.600000 1.113758
v 0.294252 8.000000 0.577501
v 0.562238 8.482945 1.103454
v 0.546689 8.370390 1.072938
v 0.521440 8.266658 1.023383
v 0.487459 8.175735 0.956692
v 0.446054 8.101118 0.875430
v 0.398815 8.045672 0.782718
v 0.347557 8.011529 0.682120
v 0.386271 8.600000 1.188821
v 0.200288 8.000000 0.616422
v 0.382698 8.482945 1.177822
v 0.372114 8.370390 1.145249
v 0.354927 8.266658 1.092354
v 0.331798 8.175735 1.021169
v 0.303615 8.101118 0.934430
v 0.271461 8.045672 0.835470
v 0.236571 8.011529 0.728092
v 0.195543 8.600000 1.234610
v 0.101392 8.000000 0.640165
v 0.193734 8.482945 1.223188
v 0.188376 8.370390 1.189361
v 0.179676 8.266658 1.134428
v 0.167967 8.175735 1.060501
v 0.153700 8.101118 0.970421
v 0.137422 8.045672 0.867649
v 0.119760 8.011529 0.756136
v 0.000000 8.600000 1.250000
v 0.000000 8.000000 0.648145
v 0.000000 8.482945 1.238436
v 0.000000 8.370390 1.204186
v 0.000000 8.266658 1.148569
v 0.000000 8.175735 1.073721
v 0.000000 8.101118 0.982518
v 0.000000 8.045672 0.878465
v 0.000000 8.011529 0.765561
v -0.195543 8.600000 1.234610
v -0.101392 8.000000 0.640165
v -0.193734 8.482945 1.223188
v -0.188376 8.370390 1.189361
v -0.179676 8.266658 1.134428
v -0.167967 8.175735 1.060501
v -0.153700 8.101118 0.970421
v -0.137422 8.045672 0.867649
v -0.119760 8.011529 0.756136
v -0.386271 8.600000 1.188821
v -0.200288 8.000000 0.616422
v -0.382698 8.482945 1.177822
v -0.372114 8.370390 1.145249
v -0.354927 8.266658 1.092354
v -0.331798 8.175735 1.021169
v -0.303615 8.101118 0.934430
v -0.271461 8.045672 0.835470
v -0.236571 8.011529 0.728092
v -0.567488 8.600000 1.113758
v -0.294252 8.000000 0.577501
v -0.562238 8.482945 1.103454
v -0.546689 8.370390 1.072938
v -0.521440 8.266658 1.023383
v -0.487459 8.175735 0.956692
v -0.446054 8.101118 0.875430
v -0.398815 8.045672 0.782718
v -0.347557 8.011529 0.682120
v -0.734732 8.600000 1.011271
v -0.380970 8.000000 0.524360
v -0.727934 8.482945 1.001915
v -0.707803 8.370390 0.974207
v -0.675112 8.266658 0.929212
v -0.631117 8.175735 0.868658
v -0.577509 8.101118 0.794873
v -0.516348 8.045672 0.710693
v -0.449985 8.011529 0.619352
v -0.883883 8.600000 0.883883
v -0.458307 8.000000 0.458307
v -0.875706 8.482945 0.875706
v -0.851488 8.370390 0.851488
v -0.812161 8.266658 0.812161
v -0.759235 8.175735 0.759235
v -0.694745 8.101118 0.694745
v -0.621168 8.045672 0.621168
v -0.541333 8.011529 0.541333
v -1.011271 8.600000 0.734732
v -0.524360 8.000000 0.380970
v -1.001915 8.482945 0.727934
v -0.974207 8.370390 0.707803
v -0.929212 8.266658 0.675112
v -0.868658 8.175735 0.631117
v -0.794873 8.101118 0.577509
v -0.710693 8.045672 0.516348
v -0.619352 8.011529 0.449985
v -1.113758 8.600000 0.567488
v -0.577501 8.000000 0.294252
v -1.103454 8.482945 0.562238
v -1.072938 8.370390 0.546689
v -1.023383 8.266658 0.521440
v -0.956692 8.175735 0.487459
v -0.875430 8.101118 0.446054
v -0.782718 8.045672 0.398815
v -0.682120 8.011529 0.347557
v -1.188821 8.600000 0.386271
v -0.616422 8.000000 0.200288
v -1.177822 8.482945 0.382698
v -1.145249 8.370390 0.372114
v -1.092354 8.266658 0.354927
v -1.021169 8.175735 0.331798
v -0.934430 8.101118 0.303615
v -0.835470 8.045672 0.271461
v -0.728092 8.011529 0.236571
v -1.234610 8.600000 0.195543
v -0.640165 8.000000 0.101392
v -1.223188 8.482945 0.193734
v -1.189361 8.370390 0.188376
v -1.134428 8.266658 0.179676
v -1.060501 8.175735 0.167967
v -0.970421 8.101118 0.153700
v -0.867649 8.045672 0.137422
v -0.756136 8.011529 0.119760
v -1.250000 8.600000 0.000000
v -0.648145 8.000000 0.000000
v -1.238436 8.482945 0.000000
v -1.204186 8.370390 0.000000
v -1.148569 8.266658 0.000000
v -1.073721 8.175735 0.000000
v -0.982518 8.101118 0.000000
v -0.878465 8.045672 0.000000
v -0.765561 8.011529 0.000000
v -1.234610 8.600000 -0.195543
v -0.640165 8.000000 -0.101392
v -1.223188 8.482945 -0.193734
v -1.189361 8.370390 -0.188376
v -1.134428 8.266658 -0.179676
v -1.060501 8.175735 -0.167967
v -0.970421 8.101118 -0.153700
v -0.867649 8.045672 -0.137422
v -0.756136 8.011529 -0.119760
v -1.188821 8.600000 -0.386271
v -0.616422 8.000000 -0.200288
v -1.177822 8.482945 -0.382698
v -1.145249 8.370390 -0.372114
v -1.092354 8.266658 -0.354927
v -1.021169 8.175735 -0.331798
v -0.934430 8.101118 -0.303615
v -0.835470 8.045672 -0.271461
v -0.728092 8.011529 -0.236571
v -1.113758 8.600000 -0.567488
v -0.577501 8.000000 -0.294252
v -1.103454 8.482945 -0.562238
v -1.072938 8.370390 -0.546689
v -1.023383 8.266658 -0.521440
v -0.956692 8.175735 -0.487459
v -0.875430 8.101118 -0.446054
v -0.782718 8.045672 -0.398815
v -0.682120 8.011529 -0.347557
v -1.011271 8.600000 -0.734732
v -0.524360 8.000000 -0.380970
v -1.001915 8.482945 -0.727934
v -0.974207 8.370390 -0.707803
v -0.929212 8.266658 -0.675112
v -0.868658 8.175735 -0.631117
v -0.794873 8.101118 -0.577509
v -0.710693 8.045672 -0.516348
v -0.619352 8.011529 -0.449985
v -0.883883 8.600000 -0.883883
v -0.458307 8.000000 -0.458307
v -0.875706 8.482945 -0.875706
v -0.851488 8.370390 -0.851488
v -0.812161 8.266658 -0.812161
v -0.759235 8.175735 -0.759235
v -0.694745 8.101118 -0.694745
v -0.621168 8.045672 -0.621168
v -0.541333 8.011529 -0.541333
v -0.734732 8.600000 -1.011271
v -0.380970 8.000000 -0.524360
v -0.727934 8.482945 -1.001915
v -0.707803 8.370390 -0.974207
v -0.675112 8.266658 -0.929212
v -0.631117 8.175735 -0.868658
v -0.577509 8.101118 -0.794873
v -0.516348 8.045672 -0.710693
v -0.449985 8.011529 -0.619352
v -0.567488 8.600000 -1.113758
v -0.294252 8.000000 -0.577501
v -0.562238 8.482945 -1.103454
v -0.546689 8.370390 -1.072938
v -0.521440 8.266658 -1.023383
v -0.487459 8.175735 -0.956692
v -0.446054 8.101118 -0.875430
v -0.398815 8.045672 -0.782718
v -0.347557 8.011529 -0.682120
v -0.386271 8.600000 -1.188821
v -0.200288 8.000000 -0.616422
v -0.382698 8.482945 -1.177822
v -0.372114 8.370390 -1.145249
v -0.354927 8.266658 -1.092354
v -0.331798 8.175735 -1.021169
v -0.303615 8.101118 -0.934430
v -0.271461 8.045672 -0.835470
v -0.236571 8.011529 -0.728092
v -0.195543 8.600000 -1.234610
v -0.101392 8.000000 -0.640165
v -0.193734 8.482945 -1.223188
v -0.188376 8.370390 -1.189361
v -0.179676 8.266658 -1.134428
v -0.167967 8.175735 -1.060501
v -0.153700 8.101118 -0.970421
v -0.137422 8.045672 -0.867649
v -0.119760 8.011529 -0.756136
vn -0.0000 0.9987 -0.0514
vn -0.0000 0.0491 -0.9988
vn -0.0000 0.9800 -0.1992
vn -0.0000 0.9226 -0.3859
vn -0.0000 0.8300 -0.5578
vn -0.0000 0.7057 -0.7085
vn -0.0000 0.5545 -0.8322
vn -0.0000 0.3819 -0.9242
vn -0.0000 0.1947 -0.9809
vn 0.0080 0.9987 -0.0507
vn 0.1562 0.0491 -0.9865
vn 0.0312 0.9800 -0.1968
vn 0.0604 0.9226 -0.3811
vn 0.0873 0.8300 -0.5509
vn 0.1108 0.7057 -0.6998
vn 0.1302 0.5545 -0.8220
vn 0.1446 0.3819 -0.9128
vn 0.1534 0.1947 -0.9688
vn 0.0159 0.9987 -0.0488
vn 0.3086 0.0491 -0.9499
vn 0.0616 0.9800 -0.1895
vn 0.1192 0.9226 -0.3670
vn 0.1724 0.8300 -0.5305
vn 0.2189 0.7057 -0.6738
vn 0.2572 0.5545 -0.7915
vn 0.2856 0.3819 -0.8790
vn 0.3031 0.1947 -0.9329
vn 0.0233 0.9987 -0.0458
vn 0.4534 0.0491 -0.8899
vn 0.0904 0.9800 -0.1775
vn 0.1752 0.9226 -0.3438
vn 0.2532 0.8300 -0.4970
vn 0.3216 0.7057 -0.6313
vn 0.3778 0.5545 -0.7415
vn 0.4196 0.3819 -0.8235
vn 0.4453 0.1947 -0.8740
vn 0.0302 0.9987 -0.0415
vn 0.5871 0.0491 -0.8080
vn 0.1171 0.9800 -0.1612
vn 0.2268 0.9226 -0.3122
vn 0.3279 0.8300 -0.4513
vn 0.4164 0.7057 -0.5732
vn 0.4892 0.5545 -0.6733
vn 0.5432 0.3819 -0.7477
vn 0.5765 0.1947 -0.7935
vn 0.0363 0.9987 -0.0363
vn 0.7063 0.0491 -0.7063
vn 0.1409 0.9800 -0.1409
vn 0.2728 0.9226 -0.2728
vn 0.3944 0.8300 -0.3944
vn 0.5010 0.7057 -0.5010
vn 0.5885 0.5545 -0.5885
vn 0.6535 0.3819 -0.6535
vn 0.6936 0.1947 -0.6936
vn 0.0415 0.9987 -0.0302
vn 0.8080 0.0491 -0.5871
vn 0.1612 0.9800 -0.1171
vn 0.3122 0.9226 -0.2268
vn 0.4513 0.8300 -0.3279
vn 0.5732 0.7057 -0.4164
vn 0.6733 0.5545 -0.4892
vn 0.7477 0.3819 -0.5432
vn 0.7935 0.1947 -0.5765
vn 0.0458 0.9987 -0.0233
vn 0.8899 0.0491 -0.4534
vn 0.1775 0.9800 -0.0904
vn 0.3438 0.9226 -0.1752
vn 0.4970 0.8300 -0.2532
vn 0.6313 0.7057 -0.3216
vn 0.7415 0.5545 -0.3778
vn 0.8235 0.3819 -0.4196
vn 0.8740 0.1947 -0.4453
vn 0.0488 0.9987 -0.0159
vn 0.9499 0.0491 -0.3086
vn 0.1895 0.9800 -0.0616
vn 0.3670 0.9226 -0.1192
vn 0.5305 0.8300 -0.1724
vn 0.6738 0.7057 -0.2189
vn 0.7915 0.5545 -0.2572
vn 0.8790 0.3819 -0.2856
vn 0.9329 0.1947 -0.3031
vn 0.0507 0.9987 -0.0080
vn 0.9865 0.0491 -0.1562
vn 0.1968 0.9800 -0.0312
vn 0.3811 0.9226 -0.0604
vn 0.5509 0.8300 -0.0873
vn 0.6998 0.7057 -0.1108
vn 0.8220 0.5545 -0.1302
vn 0.9128 0.3819 -0.1446
vn 0.9688 0.1947 -0.1534
vn 0.0514 0.9987 -0.0000
vn 0.9988 0.0491 -0.0000
vn 0.1992 0.9800 -0.0000
vn 0.3859 0.9226 -0.0000
vn 0.5578 0.8300 -0.0000
vn 0.7085 0.7057 -0.0000
vn 0.8322 0.5545 -0.0000
vn 0.9242 0.3819 -0.0000
vn 0.9809 0.1947 -0.0000
vn 0.0507 0.9987 0.0080
vn 0.9865 0.0491 0.1562
vn 0.1968 0.9800 0.0312
vn 0.3811 0.9226 0.0604
vn 0.5509 0.8300 0.0873
vn 0.6998 0.7057 0.1108
vn 0.8220 0.5545 0.1302
vn 0.9128 0.3819 0.1446
vn 0.9688 0.1947 0.1534
vn 0.0488 0.9987 0.0159
vn 0.9499 0.0491 0.3086
vn 0.1895 0.9800 0.0616
vn 0.3670 0.9226 0.1192
vn 0.5305 0.8300 0.1724
vn 0.6738 0.7057 0.2189
vn 0.7915 0.5545 0.2572
vn 0.8790 0.3819 0.2856
vn 0.9329 0.1947 0.3031
vn 0.0458 0.9987 0.0233
vn 0.8899 0.0491 0.4534
vn 0.1775 0.9800 0.0904
vn 0.3438 0.9226 0.1752
vn 0.4970 0.8300 0.2532
vn 0.6313 0.7057 0.3216
vn 0.7415 0.5545 0.3778
vn 0.8235 0.3819 0.4196
vn 0.8740 0.1947 0.4453
vn 0.0415 0.9987 0.0302
vn 0.8080 0.0491 0.5871
vn 0.1612 0.9800 0.1171
vn 0.3122 0.9226 0.2268
vn 0.4513 0.8300 0.3279
vn 0.5732 0.7057 0.4164
vn 0.6733 0.5545 0.4892
vn 0.7477 0.3819 0.5432
vn 0.7935 0.1947 0.5765
vn 0.0363 0.9987 0.0363
vn 0.7063 0.0491 0.7063
vn 0.1409 0.9800 0.1409
vn 0.2728 0.9226 0.2728
vn 0.3944 0.8300 0.3944
vn 0.5010 0.7057 0.5010
vn 0.5885 0.5545 0.5885
vn 0.6535 0.3819 0.6535
vn 0.6936 0.1947 0.6936
vn 0.0302 0.9987 0.0415
vn 0.5871 0.0491 0.8080
vn 0.1171 0.9800 0.1612
vn 0.2268 0.9226 0.3122
vn 0.3279 0.8300 0.4513
vn 0.4164 0.7057 0.5732
vn 0.4892 0.5545 0.6733
vn 0.5432 0.3819 0.7477
vn 0.5765 0.1947 0.7935
vn 0.0233 0.9987 0.0458
vn 0.4534 0.0491 0.8899
vn 0.0904 0.9800 0.1775
vn 0.1752 0.9226 0.3438
vn 0.2532 0.8300 0.4970
vn 0.3216 0.7057 0.6313
vn 0.3778 0.5545 0.7415
vn 0.4196 0.3819 0.8235
vn 0.4453 0.1947 0.8740
vn 0.0159 0.9987 0.0488
vn 0.3086 0.0491 0.9499
vn 0.0616 0.9800 0.1895
vn 0.1192 0.9226 0.3670
vn 0.1724 0.8300 0.5305
vn 0.2189 0.7057 0.6738
vn 0.2572 0.5545 0.7915
vn 0.2856 0.3819 0.8790
vn 0.3031 0.1947 0.9329
vn 0.0080 0.9987 0.0507
vn 0.1562 0.0491 0.9865
vn 0.0312 0.9800 0.1968
vn 0.0604 0.9226 0.3811
vn 0.0873 0.8300 0.5509
vn 0.1108 0.7057 0.6998
vn 0.1302 0.5545 0.8220
vn 0.1446 0.3819 0.9128
vn 0.1534 0.1947 0.9688
vn -0.0000 0.9987 0.0514
vn -0.0000 0.0491 0.9988
vn -0.0000 0.9800 0.1992
vn -0.0000 0.9226 0.3859
vn -0.0000 0.8300 0.5578
vn -0.0000 0.7057 0.7085
vn -0.0000 0.5545 0.8322
vn -0.0000 0.3819 0.9242
vn -0.0000 0.1947 0.9809
vn -0.0080 0.9987 0.0507
vn -0.1562 0.0491 0.9865
vn -0.0312 0.9800 0.1968
vn -0.0604 0.9226 0.3811
vn -0.0873 0.8300 0.5509
vn -0.1108 0.7057 0.6998
vn -0.1302 0.5545 0.8220
vn -0.1446 0.3819 0.9128
vn -0.1534 0.1947 0.9688
vn -0.0159 0.9987 0.0488
vn -0.3086 0.0491 0.9499
vn -0.0616 0.9800 0.1895
vn -0.1192 0.9226 0.3670
vn -0.1724 0.8300 0.5305
vn -0.2189 0.7057 0.6738
vn -0.2572 0.5545 0.7915
vn -0.2856 0.3819 0.8790
vn -0.3031 0.1947 0.9329
vn -0.0233 0.9987 0.0458
vn -0.4534 0.0491 0.8899
vn -0.0904 0.9800 0.1775
vn -0.1752 0.9226 0.3438
vn -0.2532 0.8300 0.4970
vn -0.3216 0.7057 0.6313
vn -0.3778 0.5545 0.7415
vn -0.4196 0.3819 0.8235
vn -0.4453 0.1947 0.8740
vn -0.0302 0.9987 0.0415
vn -0.5871 0.0491 0.8080
vn -0.1171 0.9800 0.1612
vn -0.2268 0.9226 0.3122
vn -0.3279 0.8300 0.4513
vn -0.4164 0.7057 0.5732
vn -0.4892 0.5545 0.6733
vn -0.5432 0.3819 0.7477
vn -0.5765 0.1947 0.7935
vn -0.0363 0.9987 0.0363
vn -0.7063 0.0491 0.7063
vn -0.1409 0.9800 0.1409
vn -0.2728 0.9226 0.2728
vn -0.3944 0.8300 0.3944
vn -0.5010 0.7057 0.5010
vn -0.5885 0.5545 0.5885
vn -0.6535 0.3819 0.6535
vn -0.6936 0.1947 0.6936
vn -0.0415 0.9987 0.0302
vn -0.8080 0.0491 0.5871
vn -0.1612 0.9800 0.1171
vn -0.3122 0.9226 0.2268
vn -0.4513 0.8300 0.3279
vn -0.5732 0.7057 0.4164
vn -0.6733 0.5545 0.4892
vn -0.7477 0.3819 0.5432
vn -0.7935 0.1947 0.5765
vn -0.0458 0.9987 0.0233
vn -0.8899 0.0491 0.4534
vn -0.1775 0.9800 0.0904
vn -0.3438 0.9226 0.1752
vn -0.4970 0.8300 0.2532
vn -0.6313 0.7057 0.3216
vn -0.7415 0.5545 0.3778
vn -0.8235 0.3819 0.4196
vn -0.8740 0.1947 0.4453
vn -0.0488 0.9987 0.0159
vn -0.9499 0.0491 0.3086
vn -0.1895 0.9800 0.0616
vn -0.3670 0.9226 0.1192
vn -0.5305 0.8300 0.1724
vn -0.6738 0.7057 0.2189
vn -0.7915 0.5545 0.2572
vn -0.8790 0.3819 0.2856
vn -0.9329 0.1947 0.3031
vn -0.0507 0.9987 0.0080
vn -0.9865 0.0491 0.1562
vn -0.1968 0.9800 0.0312
vn -0.3811 0.9226 0.0604
vn -0.5509 0.8300 0.0873
vn -0.6998 0.7057 0.1108
vn -0.8220 0.5545 0.1302
vn -0.9128 0.3819 0.1446
vn -0.9688 0.1947 0.1534
vn -0.0514 0.9987 -0.0000
vn -0.9988 0.0491 -0.0000
vn -0.1992 0.9800 -0.0000
vn -0.3859 0.9226 -0.0000
vn -0.5578 0.8300 -0.0000
vn -0.7085 0.7057 -0.0000
vn -0.8322 0.5545 -0.0000
vn -0.9242 0.3819 -0.0000
vn -0.9809 0.1947 -0.0000
vn -0.0507 0.9987 -0.0080
vn -0.9865 0.0491 -0.1562
vn -0.1968 0.9800 -0.0312
vn -0.3811 0.9226 -0.0604
vn -0.5509 0.8300 -0.0873
vn -0.6998 0.7057 -0.1108
vn -0.8220 0.5545 -0.1302
vn -0.9128 0.3819 -0.1446
vn -0.9688 0.1947 -0.1534
vn -0.0488 0.9987 -0.0159
vn -0.9499 0.0491 -0.3086
vn -0.1895 0.9800 -0.0616
vn -0.3670 0.9226 -0.1192
vn -0.5305 0.8300 -0.1724
vn -0.6738 0.7057 -0.2189
vn -0.7915 0.5545 -0.2572
vn -0.8790 0.3819 -0.2856
vn -0.9329 0.1947 -0.3031
vn -0.0458 0.9987 -0.0233
vn -0.8899 0.0491 -0.4534
vn -0.1775 0.9800 -0.0904
vn -0.3438 0.9226 -0.1752
vn -0.4970 0.8300 -0.2532
vn -0.6313 0.7057 -0.3216
vn -0.7415 0.5545 -0.3778
vn -0.8235 0.3819 -0.4196
vn -0.8740 0.1947 -0.4453
vn -0.0415 0.9987 -0.0302
vn -0.8080 0.0491 -0.5871
vn -0.1612 0.9800 -0.1171
vn -0.3122 0.9226 -0.2268
vn -0.4513 0.8300 -0.3279
vn -0.5732 0.7057 -0.4164
vn -0.6733 0.5545 -0.4892
vn -0.7477 0.3819 -0.5432
vn -0.7935 0.1947 -0.5765
vn -0.0363 0.9987 -0.0363
vn -0.7063 0.0491 -0.7063
vn -0.1409 0.9800 -0.1409
vn -0.2728 0.9226 -0.2728
vn -0.3944 0.8300 -0.3944
vn -0.5010 0.7057 -0.5010
vn -0.5885 0.5545 -0.5885
vn -0.6535 0.3819 -0.6535
vn -0.6936 0.1947 -0.6936
vn -0.0302 0.9987 -0.0415
vn -0.5871 0.0491 -0.8080
vn -0.1171 0.9800 -0.1612
vn -0.2268 0.9226 -0.3122
vn -0.3279 0.8300 -0.4513
vn -0.4164 0.7057 -0.5732
vn -0.4892 0.5545 -0.6733
vn -0.5432 0.3819 -0.7477
vn -0.5765 0.1947 -0.7935
vn -0.0233 0.9987 -0.0458
vn -0.4534 0.0491 -0.8899
vn -0.0904 0.9800 -0.1775
vn -0.1752 0.9226 -0.3438
vn -0.2532 0.8300 -0.4970
vn -0.3216 0.7057 -0.6313
vn -0.3778 0.5545 -0.7415
vn -0.4196 0.3819 -0.8235
vn -0.4453 0.1947 -0.8740
vn -0.0159 0.9987 -0.0488
vn -0.3086 0.0491 -0.9499
vn -0.0616 0.9800 -0.1895
vn -0.1192 0.9226 -0.3670
vn -0.1724 0.8300 -0.5305
vn -0.2189 0.7057 -0.6738
vn -0.2572 0.5545 -0.7915
vn -0.2856 0.3819 -0.8790
vn -0.3031 0.1947 -0.9329
vn -0.0080 0.9987 -0.0507
vn -0.1562 0.0491 -0.9865
vn -0.0312 0.9800 -0.1968
vn -0.0604 0.9226 -0.3811
vn -0.0873 0.8300 -0.5509
vn -0.1108 0.7057 -0.6998
vn -0.1302 0.5545 -0.8220
vn -0.1446 0.3819 -0.9128
vn -0.1534 0.1947 -0.9688
vn -0.0000 -0.9987 -0.0514
vn -0.0000 -0.0491 -0.9988
vn -0.0000 -0.9800 -0.1992
vn -0.0000 -0.9226 -0.3859
vn -0.0000 -0.8300 -0.5578
vn -0.0000 -0.7057 -0.7085
vn -0.0000 -0.5545 -0.8322
vn -0.0000 -0.3819 -0.9242
vn -0.0000 -0.1947 -0.9809
vn 0.1562 -0.0491 -0.9865
vn 0.0080 -0.9987 -0.0507
vn 0.1534 -0.1947 -0.9688
vn 0.1446 -0.3819 -0.9128
vn 0.1302 -0.5545 -0.8220
vn 0.1108 -0.7057 -0.6998
vn 0.0873 -0.8300 -0.5509
vn 0.0604 -0.9226 -0.3811
vn 0.0312 -0.9800 -0.1968
vn 0.3086 -0.0491 -0.9499
vn 0.0159 -0.9987 -0.0488
vn 0.3031 -0.1947 -0.9329
vn 0.2856 -0.3819 -0.8790
vn 0.2572 -0.5545 -0.7915
vn 0.2189 -0.7057 -0.6738
vn 0.1724 -0.8300 -0.5305
vn 0.1192 -0.9226 -0.3670
vn 0.0616 -0.9800 -0.1895
vn 0.4534 -0.0491 -0.8899
vn 0.0233 -0.9987 -0.0458
vn 0.4453 -0.1947 -0.8740
vn 0.4196 -0.3819 -0.8235
vn 0.3778 -0.5545 -0.7415
vn 0.3216 -0.7057 -0.6313
vn 0.2532 -0.8300 -0.4970
vn 0.1752 -0.9226 -0.3438
vn 0.0904 -0.9800 -0.1775
vn 0.5871 -0.0491 -0.8080
vn 0.0302 -0.9987 -0.0415
vn 0.5765 -0.1947 -0.7935
vn 0.5432 -0.3819 -0.7477
vn 0.4892 -0.5545 -0.6733
vn 0.4164 -0.7057 -0.5732
vn 0.3279 -0.8300 -0.4513
vn 0.2268 -0.9226 -0.3122
vn 0.1171 -0.9800 -0.1612
vn 0.7063 -0.0491 -0.7063
vn 0.0363 -0.9987 -0.0363
vn 0.6936 -0.1947 -0.6936
vn 0.6535 -0.3819 -0.6535
vn 0.5885 -0.5545 -0.5885
vn 0.5010 -0.7057 -0.5010
vn 0.3944 -0.8300 -0.3944
vn 0.2728 -0.9226 -0.2728
vn 0.1409 -0.9800 -0.1409
vn 0.8080 -0.0491 -0.5871
vn 0.0415 -0.9987 -0.0302
vn 0.7935 -0.1947 -0.5765
vn 0.7477 -0.3819 -0.5432
vn 0.6733 -0.5545 -0.4892
vn 0.5732 -0.7057 -0.4164
vn 0.4513 -0.8300 -0.3279
vn 0.3122 -0.9226 -0.2268
vn 0.1612 -0.9800 -0.1171
vn 0.8899 -0.0491 -0.4534
vn 0.0458 -0.9987 -0.0233
vn 0.8740 -0.1947 -0.4453
vn 0.8235 -0.3819 -0.4196
vn 0.7415 -0.5545 -0.3778
vn 0.6313 -0.7057 -0.3216
vn 0.4970 -0.8300 -0.2532
vn 0.3438 -0.9226 -0.1752
vn 0.1775 -0.9800 -0.0904
vn 0.9499 -0.0491 -0.3086
vn 0.0488 -0.9987 -0.0159
vn 0.9329 -0.1947 -0.3031
vn 0.8790 -0.3819 -0.2856
vn 0.7915 -0.5545 -0.2572
vn 0.6738 -0.7057 -0.2189
vn 0.5305 -0.8300 -0.1724
vn 0.3670 -0.9226 -0.1192
vn 0.1895 -0.9800 -0.0616
vn 0.9865 -0.0491 -0.1562
vn 0.0507 -0.9987 -0.0080
vn 0.9688 -0.1947 -0.1534
vn 0.9128 -0.3819 -0.1446
vn 0.8220 -0.5545 -0.1302
vn 0.6998 -0.7057 -0.1108
vn 0.5509 -0.8300 -0.0873
vn 0.3811 -0.9226 -0.0604
vn 0.1968 -0.9800 -0.0312
vn 0.9988 -0.0491 -0.0000
vn 0.0514 -0.9987 -0.0000
vn 0.9809 -0.1947 -0.0000
vn 0.9242 -0.3819 -0.0000
vn 0.8322 -0.5545 -0.0000
vn 0.7085 -0.7057 -0.0000
vn 0.5578 -0.8300 -0.0000
vn 0.3859 -0.9226 -0.0000
vn 0.1992 -0.9800 -0.0000
vn 0.9865 -0.0491 0.1562
vn 0.0507 -0.9987 0.0080
vn 0.9688 -0.1947 0.1534
vn 0.9128 -0.3819 0.1446
vn 0.8220 -0.5545 0.1302
vn 0.6998 -0.7057 0.1108
vn 0.5509 -0.8300 0.0873
vn 0.3811 -0.9226 0.0604
vn 0.1968 -0.9800 0.0312
vn 0.9499 -0.0491 0.3086
vn 0.0488 -0.9987 0.0159
vn 0.9329 -0.1947 0.3031
vn 0.8790 -0.3819 0.2856
vn 0.7915 -0.5545 0.2572
vn 0.6738 -0.7057 0.2189
vn 0.5305 -0.8300 0.1724
vn 0.3670 -0.9226 0.1192
vn 0.1895 -0.9800 0.0616
vn 0.8899 -0.0491 0.4534
vn 0.0458 -0.9987 0.0233
vn 0.8740 -0.1947 0.4453
vn 0.8235 -0.3819 0.4196
vn 0.7415 -0.5545 0.3778
vn 0.6313 -0.7057 0.3216
vn 0.4970 -0.8300 0.2532
vn 0.3438 -0.9226 0.1752
vn 0.1775 -0.9800 0.0904
vn 0.8080 -0.0491 0.5871
vn 0.0415 -0.9987 0.0302
vn 0.7935 -0.1947 0.5765
vn 0.7477 -0.3819 0.5432
vn 0.6733 -0.5545 0.4892
vn 0.5732 -0.7057 0.4164
vn 0.4513 -0.8300 0.3279
vn 0.3122 -0.9226 0.2268
vn 0.1612 -0.9800 0.1171
vn 0.7063 -0.0491 0.7063
vn 0.0363 -0.9987 0.0363
vn 0.6936 -0.1947 0.6936
vn 0.6535 -0.3819 0.6535
vn 0.5885 -0.5545 0.5885
vn 0.5010 -0.7057 0.5010
vn 0.3944 -0.8300 0.3944
vn 0.2728 -0.9226 0.2728
vn 0.1409 -0.9800 0.1409
vn 0.5871 -0.0491 0.8080
vn 0.0302 -0.9987 0.0415
vn 0.5765 -0.1947 0.7935
vn 0.5432 -0.3819 0.7477
vn 0.4892 -0.5545 0.6733
vn 0.4164 -0.7057 0.5732
vn 0.3279 -0.8300 0.4513
vn 0.2268 -0.9226 0.3122
vn 0.1171 -0.9800 0.1612
vn 0.4534 -0.0491 0.8899
vn 0.0233 -0.9987 0.0458
vn 0.4453 -0.1947 0.8740
vn 0.4196 -0.3819 0.8235
vn 0.3778 -0.5545 0.7415
vn 0.3216 -0.7057 0.6313
vn 0.2532 -0.8300 0.4970
vn 0.1752 -0.9226 0.3438
vn 0.0904 -0.9800 0.1775
vn 0.3086 -0.0491 0.9499
vn 0.0159 -0.9987 0.0488
vn 0.3031 -0.1947 0.9329
vn 0.2856 -0.3819 0.8790
vn 0.2572 -0.5545 0.7915
vn 0.2189 -0.7057 0.6738
vn 0.1724 -0.8300 0.5305
vn 0.1192 -0.9226 0.3670
vn 0.0616 -0.9800 0.1895
vn 0.1562 -0.0491 0.9865
vn 0.0080 -0.9987 0.0507
vn 0.1534 -0.1947 0.9688
vn 0.1446 -0.3819 0.9128
vn 0.1302 -0.5545 0.8220
vn 0.1108 -0.7057 0.6998
vn 0.0873 -0.8300 0.5509
vn 0.0604 -0.9226 0.3811
vn 0.0312 -0.9800 0.1968
vn -0.0000 -0.0491 0.9988
vn -0.0000 -0.9987 0.0514
vn -0.0000 -0.1947 0.9809
vn -0.0000 -0.3819 0.9242
vn -0.0000 -0.5545 0.8322
vn -0.0000 -0.7057 0.7085
vn -0.0000 -0.8300 0.5578
vn -0.0000 -0.9226 0.3859
vn -0.0000 -0.9800 0.1992
vn -0.1562 -0.0491 0.9865
vn -0.0080 -0.9987 0.0507
vn -0.1534 -0.1947 0.9688
vn -0.1446 -0.3819 0.9128
vn -0.1302 -0.5545 0.8220
vn -0.1108 -0.7057 0.6998
vn -0.0873 -0.8300 0.5509
vn -0.0604 -0.9226 0.3811
vn -0.0312 -0.9800 0.1968
vn -0.3086 -0.0491 0.9499
vn -0.0159 -0.9987 0.0488
vn -0.3031 -0.1947 0.9329
vn -0.2856 -0.3819 0.8790
vn -0.2572 -0.5545 0.7915
vn -0.2189 -0.7057 0.6738
vn -0.1724 -0.8300 0.5305
vn -0.1192 -0.9226 0.3670
vn -0.0616 -0.9800 0.1895
vn -0.4534 -0.0491 0.8899
vn -0.0233 -0.9987 0.0458
vn -0.4453 -0.1947 0.8740
vn -0.4196 -0.3819 0.8235
vn -0.3778 -0.5545 0.7415
vn -0.3216 -0.7057 0.6313
vn -0.2532 -0.8300 0.4970
vn -0.1752 -0.9226 0.3438
vn -0.0904 -0.9800 0.1775
vn -0.5871 -0.0491 0.8080
vn -0.0302 -0.9987 0.0415
vn -0.5765 -0.1947 0.7935
vn -0.5432 -0.3819 0.7477
vn -0.4892 -0.5545 0.6733
vn -0.4164 -0.7057 0.5732
vn -0.3279 -0.8300 0.4513
vn -0.2268 -0.9226 0.3122
vn -0.1171 -0.9800 0.1612
vn -0.7063 -0.0491 0.7063
vn -0.0363 -0.9987 0.0363
vn -0.6936 -0.1947 0.6936
vn -0.6535 -0.3819 0.6535
vn -0.5885 -0.5545 0.5885
vn -0.5010 -0.7057 0.5010
vn -0.3944 -0.8300 0.3944
vn -0.2728 -0.9226 0.2728
vn -0.1409 -0.9800 0.1409
vn -0.8080 -0.0491 0.5871
vn -0.0415 -0.9987 0.0302
vn -0.7935 -0.1947 0.5765
vn -0.7477 -0.3819 0.5432
vn -0.6733 -0.5545 0.4892
vn -0.5732 -0.7057 0.4164
vn -0.4513 -0.8300 0.3279
vn -0.3122 -0.9226 0.2268
vn -0.1612 -0.9800 0.1171
vn -0.8899 -0.0491 0.4534
vn -0.0458 -0.9987 0.0233
vn -0.8740 -0.1947 0.4453
vn -0.8235 -0.3819 0.4196
vn -0.7415 -0.5545 0.3778
vn -0.6313 -0.7057 0.3216
vn -0.4970 -0.8300 0.2532
vn -0.3438 -0.9226 0.1752
vn -0.1775 -0.9800 0.0904
vn -0.9499 -0.0491 0.3086
vn -0.0488 -0.9987 0.0159
vn -0.9329 -0.1947 0.3031
vn -0.8790 -0.3819 0.2856
vn -0.7915 -0.5545 0.2572
vn -0.6738 -0.7057 0.2189
vn -0.5305 -0.8300 0.1724
vn -0.3670 -0.9226 0.1192
vn -0.1895 -0.9800 0.0616
vn -0.9865 -0.0491 0.1562
vn -0.0507 -0.9987 0.0080
vn -0.9688 -0.1947 0.1534
vn -0.9128 -0.3819 0.1446
vn -0.8220 -0.5545 0.1302
vn -0.6998 -0.7057 0.1108
vn -0.5509 -0.8300 0.0873
vn -0.3811 -0.9226 0.0604
vn -0.1968 -0.9800 0.0312
vn -0.9988 -0.0491 -0.0000
vn -0.0514 -0.9987 -0.0000
vn -0.9809 -0.1947 -0.0000
vn -0.9242 -0.3819 -0.0000
vn -0.8322 -0.5545 -0.0000
vn -0.7085 -0.7057 -0.0000
vn -0.5578 -0.8300 -0.0000
vn -0.3859 -0.9226 -0.0000
vn -0.1992 -0.9800 -0.0000
vn -0.9865 -0.0491 -0.1562
vn -0.0507 -0.9987 -0.0080
vn -0.9688 -0.1947 -0.1534
vn -0.9128 -0.3819 -0.1446
vn -0.8220 -0.5545 -0.1302
vn -0.6998 -0.7057 -0.1108
vn -0.5509 -0.8300 -0.0873
vn -0.3811 -0.9226 -0.0604
vn -0.1968 -0.9800 -0.0312
vn -0.9499 -0.0491 -0.3086
vn -0.0488 -0.9987 -0.0159
vn -0.9329 -0.1947 -0.3031
vn -0.8790 -0.3819 -0.2856
vn -0.7915 -0.5545 -0.2572
vn -0.6738 -0.7057 -0.2189
vn -0.5305 -0.8300 -0.1724
vn -0.3670 -0.9226 -0.1192
vn -0.1895 -0.9800 -0.0616
vn -0.8899 -0.0491 -0.4534
vn -0.0458 -0.9987 -0.0233
vn -0.8740 -0.1947 -0.4453
vn -0.8235 -0.3819 -0.4196
vn -0.7415 -0.5545 -0.3778
vn -0.6313 -0.7057 -0.3216
vn -0.4970 -0.8300 -0.2532
vn -0.3438 -0.9226 -0.1752
vn -0.1775 -0.9800 -0.0904
vn -0.8080 -0.0491 -0.5871
vn -0.0415 -0.9987 -0.0302
vn -0.7935 -0.1947 -0.5765
vn -0.7477 -0.3819 -0.5432
vn -0.6733 -0.5545 -0.4892
vn -0.5732 -0.7057 -0.4164
vn -0.4513 -0.8300 -0.3279
vn -0.3122 -0.9226 -0.2268
vn -0.1612 -0.9800 -0.1171
vn -0.7063 -0.0491 -0.7063
vn -0.0363 -0.9987 -0.0363
vn -0.6936 -0.1947 -0.6936
vn -0.6535 -0.3819 -0.6535
vn -0.5885 -0.5545 -0.5885
vn -0.5010 -0.7057 -0.5010
vn -0.3944 -0.8300 -0.3944
vn -0.2728 -0.9226 -0.2728
vn -0.1409 -0.9800 -0.1409
vn -0.5871 -0.0491 -0.8080
vn -0.0302 -0.9987 -0.0415
vn -0.5765 -0.1947 -0.7935
vn -0.5432 -0.3819 -0.7477
vn -0.4892 -0.5545 -0.6733
vn -0.4164 -0.7057 -0.5732
vn -0.3279 -0.8300 -0.4513
vn -0.2268 -0.9226 -0.3122
vn -0.1171 -0.9800 -0.1612
vn -0.4534 -0.0491 -0.8899
vn -0.0233 -0.9987 -0.0458
vn -0.4453 -0.1947 -0.8740
vn -0.4196 -0.3819 -0.8235
vn -0.3778 -0.5545 -0.7415
vn -0.3216 -0.7057 -0.6313
vn -0.2532 -0.8300 -0.4970
vn -0.1752 -0.9226 -0.3438
vn -0.0904 -0.9800 -0.1775
vn -0.3086 -0.0491 -0.9499
vn -0.0159 -0.9987 -0.0488
vn -0.3031 -0.1947 -0.9329
vn -0.2856 -0.3819 -0.8790
vn -0.2572 -0.5545 -0.7915
vn -0.2189 -0.7057 -0.6738
vn -0.1724 -0.8300 -0.5305
vn -0.1192 -0.9226 -0.3670
vn -0.0616 -0.9800 -0.1895
vn -0.1562 -0.0491 -0.9865
vn -0.0080 -0.9987 -0.0507
vn -0.1534 -0.1947 -0.9688
vn -0.1446 -0.3819 -0.9128
vn -0.1302 -0.5545 -0.8220
vn -0.1108 -0.7057 -0.6998
vn -0.0873 -0.8300 -0.5509
vn -0.0604 -0.9226 -0.3811
vn -0.0312 -0.9800 -0.1968
vt 0.394745 0.727574
vt 0.397036 0.727574
vt 0.395315 0.745001
vt 0.393045 0.745001
vt 0.390216 0.761758
vt 0.388009 0.761758
vt 0.381936 0.777201
vt 0.379830 0.777201
vt 0.370793 0.790737
vt 0.368824 0.790737
vt 0.357215 0.801845
vt 0.355414 0.801845
vt 0.341724 0.810100
vt 0.340114 0.810100
vt 0.324915 0.815183
vt 0.323512 0.815183
vt 0.307435 0.816899
vt 0.306247 0.816899
vt 0.387928 0.727574
vt 0.386291 0.745001
vt 0.381441 0.761758
vt 0.373567 0.777201
vt 0.362969 0.790737
vt 0.350056 0.801845
vt 0.335323 0.810100
vt 0.319337 0.815183
vt 0.302712 0.816899
vt 0.376753 0.727574
vt 0.375219 0.745001
vt 0.370676 0.761758
vt 0.363298 0.777201
vt 0.353370 0.790737
vt 0.341272 0.801845
vt 0.327469 0.810100
vt 0.312493 0.815183
vt 0.296918 0.816899
vt 0.361495 0.727574
vt 0.360102 0.745001
vt 0.355977 0.761758
vt 0.349279 0.777201
vt 0.340264 0.790737
vt 0.329279 0.801845
vt 0.316747 0.810100
vt 0.303148 0.815183
vt 0.289006 0.816899
vt 0.342530 0.727574
vt 0.341313 0.745001
vt 0.337708 0.761758
vt 0.331853 0.777201
vt 0.323973 0.790737
vt 0.314372 0.801845
vt 0.303419 0.810100
vt 0.291533 0.815183
vt 0.279173 0.816899
vt 0.320326 0.727574
vt 0.319313 0.745001
vt 0.316317 0.761758
vt 0.311450 0.777201
vt 0.304900 0.790737
vt 0.296919 0.801845
vt 0.287814 0.810100
vt 0.277934 0.815183
vt 0.267659 0.816899
vt 0.295427 0.727574
vt 0.294645 0.745001
vt 0.292331 0.761758
vt 0.288572 0.777201
vt 0.283513 0.790737
vt 0.277349 0.801845
vt 0.270316 0.810100
vt 0.262685 0.815183
vt 0.254749 0.816899
vt 0.268448 0.727574
vt 0.267916 0.745001
vt 0.266341 0.761758
vt 0.263782 0.777201
vt 0.260339 0.790737
vt 0.256143 0.801845
vt 0.251356 0.810100
vt 0.246162 0.815183
vt 0.240760 0.816899
vt 0.240054 0.727574
vt 0.239784 0.745001
vt 0.238987 0.761758
vt 0.237691 0.777201
vt 0.235948 0.790737
vt 0.233824 0.801845
vt 0.231401 0.810100
vt 0.228772 0.815183
vt 0.226037 0.816899
vt 0.210942 0.727574
vt 0.210942 0.745001
vt 0.210942 0.761758
vt 0.210942 0.777201
vt 0.210942 0.790737
vt 0.210942 0.801845
vt 0.210942 0.810100
vt 0.210942 0.815183
vt 0.210942 0.816899
vt 0.181831 0.727574
vt 0.182100 0.745001
vt 0.182898 0.761758
vt 0.184193 0.777201
vt 0.185936 0.790737
vt 0.188060 0.801845
vt 0.190483 0.810100
vt 0.193113 0.815183
vt 0.195847 0.816899
vt 0.153436 0.727574
vt 0.153968 0.745001
vt 0.155544 0.761758
vt 0.158102 0.777201
vt 0.161546 0.790737
vt 0.165742 0.801845
vt 0.170528 0.810100
vt 0.175723 0.815183
vt 0.181124 0.816899
vt 0.126457 0.727574
vt 0.127239 0.745001
vt 0.129554 0.761758
vt 0.133313 0.777201
vt 0.138372 0.790737
vt 0.144536 0.801845
vt 0.151569 0.810100
vt 0.159200 0.815183
vt 0.167135 0.816899
vt 0.101559 0.727574
vt 0.102571 0.745001
vt 0.105568 0.761758
vt 0.110435 0.777201
vt 0.116985 0.790737
vt 0.124966 0.801845
vt 0.134071 0.810100
vt 0.143951 0.815183
vt 0.154225 0.816899
vt 0.079354 0.727574
vt 0.080571 0.745001
vt 0.084177 0.761758
vt 0.090032 0.777201
vt 0.097911 0.790737
vt 0.107512 0.801845
vt 0.118466 0.810100
vt 0.130351 0.815183
vt 0.142712 0.816899
vt 0.060389 0.727574
vt 0.061782 0.745001
vt 0.065907 0.761758
vt 0.072606 0.777201
vt 0.081621 0.790737
vt 0.092605 0.801845
vt 0.105138 0.810100
vt 0.118736 0.815183
vt 0.132878 0.816899
vt 0.045131 0.727574
vt 0.046665 0.745001
vt 0.051208 0.761758
vt 0.058586 0.777201
vt 0.068515 0.790737
vt 0.080613 0.801845
vt 0.094415 0.810100
vt 0.109392 0.815183
vt 0.124967 0.816899
vt 0.033956 0.727574
vt 0.035594 0.745001
vt 0.040443 0.761758
vt 0.048318 0.777201
vt 0.058916 0.790737
vt 0.071829 0.801845
vt 0.086562 0.810100
vt 0.102547 0.815183
vt 0.119172 0.816899
vt 0.027139 0.727574
vt 0.028840 0.745001
vt 0.033876 0.761758
vt 0.042054 0.777201
vt 0.053060 0.790737
vt 0.066471 0.801845
vt 0.081771 0.810100
vt 0.098372 0.815183
vt 0.115638 0.816899
vt 0.024848 0.727574
vt 0.026570 0.745001
vt 0.031669 0.761758
vt 0.039949 0.777201
vt 0.051092 0.790737
vt 0.064670 0.801845
vt 0.080161 0.810100
vt 0.096969 0.815183
vt 0.114450 0.816899
vt 0.763507 0.941923
vt 0.764357 0.941923
vt 0.763718 0.948389
vt 0.762876 0.948389
vt 0.761826 0.954607
vt 0.761007 0.954607
vt 0.758754 0.960337
vt 0.757973 0.960337
vt 0.754620 0.965359
vt 0.753889 0.965359
vt 0.749582 0.969481
vt 0.748913 0.969481
vt 0.743834 0.972544
vt 0.743236 0.972544
vt 0.737597 0.974430
vt 0.737076 0.974430
vt 0.731111 0.975067
vt 0.730670 0.975067
vt 0.760978 0.941923
vt 0.760370 0.948389
vt 0.758571 0.954607
vt 0.755649 0.960337
vt 0.751717 0.965359
vt 0.746925 0.969481
vt 0.741459 0.972544
vt 0.735527 0.974430
vt 0.729359 0.975067
vt 0.756831 0.941923
vt 0.756262 0.948389
vt 0.754576 0.954607
vt 0.751839 0.960337
vt 0.748155 0.965359
vt 0.743666 0.969481
vt 0.738545 0.972544
vt 0.732988 0.974430
vt 0.727209 0.975067
vt 0.751170 0.941923
vt 0.750653 0.948389
vt 0.749123 0.954607
vt 0.746637 0.960337
vt 0.743292 0.965359
vt 0.739216 0.969481
vt 0.734566 0.972544
vt 0.729521 0.974430
vt 0.724273 0.975067
vt 0.744133 0.941923
vt 0.743681 0.948389
vt 0.742344 0.954607
vt 0.740171 0.960337
vt 0.737248 0.965359
vt 0.733685 0.969481
vt 0.729621 0.972544
vt 0.725211 0.974430
vt 0.720625 0.975067
vt 0.735894 0.941923
vt 0.735519 0.948389
vt 0.734407 0.954607
vt 0.732601 0.960337
vt 0.730170 0.965359
vt 0.727209 0.969481
vt 0.723831 0.972544
vt 0.720165 0.974430
vt 0.716353 0.975067
vt 0.726656 0.941923
vt 0.726366 0.948389
vt 0.725507 0.954607
vt 0.724112 0.960337
vt 0.722235 0.965359
vt 0.719948 0.969481
vt 0.717338 0.972544
vt 0.714507 0.974430
vt 0.711562 0.975067
vt 0.716645 0.941923
vt 0.716448 0.948389
vt 0.715863 0.954607
vt 0.714914 0.960337
vt 0.713636 0.965359
vt 0.712080 0.969481
vt 0.710303 0.972544
vt 0.708376 0.974430
vt 0.706372 0.975067
vt 0.706110 0.941923
vt 0.706010 0.948389
vt 0.705714 0.954607
vt 0.705233 0.960337
vt 0.704586 0.965359
vt 0.703798 0.969481
vt 0.702899 0.972544
vt 0.701924 0.974430
vt 0.700909 0.975067
vt 0.695308 0.941923
vt 0.695308 0.948389
vt 0.695308 0.954607
vt 0.695308 0.960337
vt 0.695308 0.965359
vt 0.695308 0.969481
vt 0.695308 0.972544
vt 0.695308 0.974430
vt 0.695308 0.975067
vt 0.684506 0.941923
vt 0.684606 0.948389
vt 0.684902 0.954607
vt 0.685383 0.960337
vt 0.686030 0.965359
vt 0.686818 0.969481
vt 0.687717 0.972544
vt 0.688693 0.974430
vt 0.689707 0.975067
vt 0.673971 0.941923
vt 0.674168 0.948389
vt 0.674753 0.954607
vt 0.675702 0.960337
vt 0.676980 0.965359
vt 0.678537 0.969481
vt 0.680313 0.972544
vt 0.682240 0.974430
vt 0.684244 0.975067
vt 0.663961 0.941923
vt 0.664251 0.948389
vt 0.665109 0.954607
vt 0.666504 0.960337
vt 0.668381 0.965359
vt 0.670668 0.969481
vt 0.673278 0.972544
vt 0.676109 0.974430
vt 0.679054 0.975067
vt 0.654722 0.941923
vt 0.655098 0.948389
vt 0.656210 0.954607
vt 0.658015 0.960337
vt 0.660446 0.965359
vt 0.663407 0.969481
vt 0.666785 0.972544
vt 0.670451 0.974430
vt 0.674264 0.975067
vt 0.646483 0.941923
vt 0.646935 0.948389
vt 0.648273 0.954607
vt 0.650445 0.960337
vt 0.653369 0.965359
vt 0.656931 0.969481
vt 0.660995 0.972544
vt 0.665405 0.974430
vt 0.669992 0.975067
vt 0.639446 0.941923
vt 0.639963 0.948389
vt 0.641494 0.954607
vt 0.643979 0.960337
vt 0.647324 0.965359
vt 0.651400 0.969481
vt 0.656050 0.972544
vt 0.661096 0.974430
vt 0.666343 0.975067
vt 0.633785 0.941923
vt 0.634354 0.948389
vt 0.636040 0.954607
vt 0.638777 0.960337
vt 0.642461 0.965359
vt 0.646950 0.969481
vt 0.652071 0.972544
vt 0.657628 0.974430
vt 0.663407 0.975067
vt 0.629639 0.941923
vt 0.630246 0.948389
vt 0.632045 0.954607
vt 0.634967 0.960337
vt 0.638900 0.965359
vt 0.643691 0.969481
vt 0.649157 0.972544
vt 0.655089 0.974430
vt 0.661257 0.975067
vt 0.627109 0.941923
vt 0.627740 0.948389
vt 0.629609 0.954607
vt 0.632643 0.960337
vt 0.636727 0.965359
vt 0.641703 0.969481
vt 0.647380 0.972544
vt 0.653540 0.974430
vt 0.659946 0.975067
vt 0.626259 0.941923
vt 0.626898 0.948389
vt 0.628790 0.954607
vt 0.631862 0.960337
vt 0.635997 0.965359
vt 0.641035 0.969481
vt 0.646782 0.972544
vt 0.653019 0.974430
vt 0.659505 0.975067
vt 0.613713 0.895743
vt 0.614570 0.906633
vt 0.613713 0.917523
vt 0.611162 0.928145
vt 0.606982 0.938237
vt 0.601275 0.947551
vt 0.594180 0.955857
vt 0.585874 0.962952
vt 0.576560 0.968659
vt 0.566468 0.972840
vt 0.555846 0.975390
vt 0.544956 0.976247
vt 0.534066 0.975390
vt 0.523444 0.972840
vt 0.513352 0.968659
vt 0.504038 0.962952
vt 0.495731 0.955857
vt 0.488637 0.947551
vt 0.482929 0.938237
vt 0.478749 0.928145
vt 0.476199 0.917523
vt 0.475342 0.906633
vt 0.476199 0.895743
vt 0.478749 0.885121
vt 0.482929 0.875029
vt 0.488637 0.865715
vt 0.495731 0.857408
vt 0.504038 0.850314
vt 0.513352 0.844606
vt 0.523444 0.840426
vt 0.534066 0.837876
vt 0.544956 0.837019
vt 0.555846 0.837876
vt 0.566468 0.840426
vt 0.576560 0.844606
vt 0.585874 0.850314
vt 0.594180 0.857408
vt 0.601275 0.865715
vt 0.606982 0.875029
vt 0.611162 0.885121
vt 0.397036 0.534037
vt 0.394745 0.534037
vt 0.393045 0.516610
vt 0.395315 0.516610
vt 0.388009 0.499853
vt 0.390216 0.499853
vt 0.379830 0.484410
vt 0.381936 0.484410
vt 0.368824 0.470874
vt 0.370793 0.470874
vt 0.355414 0.459766
vt 0.357215 0.459766
vt 0.340114 0.451511
vt 0.341724 0.451511
vt 0.323512 0.446428
vt 0.324915 0.446428
vt 0.306247 0.444712
vt 0.307435 0.444712
vt 0.387928 0.534037
vt 0.386291 0.516610
vt 0.381441 0.499853
vt 0.373567 0.484410
vt 0.362969 0.470874
vt 0.350056 0.459766
vt 0.335323 0.451511
vt 0.319337 0.446428
vt 0.302712 0.444712
vt 0.376753 0.534037
vt 0.375219 0.516610
vt 0.370676 0.499853
vt 0.363298 0.484410
vt 0.353370 0.470874
vt 0.341272 0.459766
vt 0.327469 0.451511
vt 0.312493 0.446428
vt 0.296918 0.444712
vt 0.361495 0.534037
vt 0.360102 0.516610
vt 0.355977 0.499853
vt 0.349279 0.484410
vt 0.340264 0.470874
vt 0.329279 0.459766
vt 0.316747 0.451511
vt 0.303148 0.446428
vt 0.289006 0.444712
vt 0.342530 0.534037
vt 0.341313 0.516610
vt 0.337708 0.499853
vt 0.331853 0.484410
vt 0.323973 0.470874
vt 0.314372 0.459766
vt 0.303419 0.451511
vt 0.291533 0.446428
vt 0.279173 0.444712
vt 0.320326 0.534037
vt 0.319313 0.516610
vt 0.316317 0.499853
vt 0.311450 0.484410
vt 0.304900 0.470874
vt 0.296919 0.459766
vt 0.287814 0.451511
vt 0.277934 0.446428
vt 0.267659 0.444712
vt 0.295427 0.534037
vt 0.294645 0.516610
vt 0.292331 0.499853
vt 0.288572 0.484410
vt 0.283513 0.470874
vt 0.277349 0.459766
vt 0.270316 0.451511
vt 0.262685 0.446428
vt 0.254749 0.444712
vt 0.268448 0.534037
vt 0.267916 0.516610
vt 0.266341 0.499853
vt 0.263782 0.484410
vt 0.260339 0.470874
vt 0.256143 0.459766
vt 0.251356 0.451511
vt 0.246162 0.446428
vt 0.240760 0.444712
vt 0.240054 0.534037
vt 0.239784 0.516610
vt 0.238987 0.499853
vt 0.237691 0.484410
vt 0.235948 0.470874
vt 0.233824 0.459766
vt 0.231401 0.451511
vt 0.228772 0.446428
vt 0.226037 0.444712
vt 0.210942 0.534037
vt 0.210942 0.516610
vt 0.210942 0.499853
vt 0.210942 0.484410
vt 0.210942 0.470874
vt 0.210942 0.459766
vt 0.210942 0.451511
vt 0.210942 0.446428
vt 0.210942 0.444712
vt 0.181831 0.534037
vt 0.182100 0.516610
vt 0.182898 0.499853
vt 0.184193 0.484410
vt 0.185936 0.470874
vt 0.188060 0.459766
vt 0.190483 0.451511
vt 0.193113 0.446428
vt 0.195847 0.444712
vt 0.153436 0.534037
vt 0.153968 0.516610
vt 0.155544 0.499853
vt 0.158102 0.484410
vt 0.161546 0.470874
vt 0.165742 0.459766
vt 0.170528 0.451511
vt 0.175723 0.446428
vt 0.181124 0.444712
vt 0.126457 0.534037
vt 0.127239 0.516610
vt 0.129554 0.499853
vt 0.133313 0.484410
vt 0.138372 0.470874
vt 0.144536 0.459766
vt 0.151569 0.451511
vt 0.159200 0.446428
vt 0.167135 0.444712
vt 0.101559 0.534037
vt 0.102571 0.516610
vt 0.105568 0.499853
vt 0.110435 0.484410
vt 0.116985 0.470874
vt 0.124966 0.459766
vt 0.134071 0.451511
vt 0.143951 0.446428
vt 0.154225 0.444712
vt 0.079354 0.534037
vt 0.080571 0.516610
vt 0.084177 0.499853
vt 0.090032 0.484410
vt 0.097911 0.470874
vt 0.107512 0.459766
vt 0.118466 0.451511
vt 0.130351 0.446428
vt 0.142712 0.444712
vt 0.060389 0.534037
vt 0.061782 0.516610
vt 0.065907 0.499853
vt 0.072606 0.484410
vt 0.081621 0.470874
vt 0.092605 0.459766
vt 0.105138 0.451511
vt 0.118736 0.446428
vt 0.132878 0.444712
vt 0.045131 0.534037
vt 0.046665 0.516610
vt 0.051208 0.499853
vt 0.058586 0.484410
vt 0.068515 0.470874
vt 0.080613 0.459766
vt 0.094415 0.451511
vt 0.109392 0.446428
vt 0.124967 0.444712
vt 0.033956 0.534037
vt 0.035594 0.516610
vt 0.040443 0.499853
vt 0.048318 0.484410
vt 0.058916 0.470874
vt 0.071829 0.459766
vt 0.086562 0.451511
vt 0.102547 0.446428
vt 0.119172 0.444712
vt 0.027139 0.534037
vt 0.028840 0.516610
vt 0.033876 0.499853
vt 0.042054 0.484410
vt 0.053060 0.470874
vt 0.066471 0.459766
vt 0.081771 0.451511
vt 0.098372 0.446428
vt 0.115638 0.444712
vt 0.024848 0.534037
vt 0.026570 0.516610
vt 0.031669 0.499853
vt 0.039949 0.484410
vt 0.051092 0.470874
vt 0.064670 0.459766
vt 0.080161 0.451511
vt 0.096969 0.446428
vt 0.114450 0.444712
vt 0.764357 0.870112
vt 0.763507 0.870112
vt 0.762876 0.863646
vt 0.763718 0.863646
vt 0.761007 0.857429
vt 0.761826 0.857429
vt 0.757973 0.851699
vt 0.758754 0.851699
vt 0.753889 0.846676
vt 0.754620 0.846676
vt 0.748913 0.842554
vt 0.749582 0.842554
vt 0.743236 0.839492
vt 0.743834 0.839492
vt 0.737076 0.837606
vt 0.737597 0.837606
vt 0.730670 0.836969
vt 0.731111 0.836969
vt 0.760978 0.870112
vt 0.760370 0.863646
vt 0.758571 0.857429
vt 0.755649 0.851699
vt 0.751717 0.846676
vt 0.746925 0.842554
vt 0.741459 0.839492
vt 0.735527 0.837606
vt 0.729359 0.836969
vt 0.756831 0.870112
vt 0.756262 0.863646
vt 0.754576 0.857429
vt 0.751839 0.851699
vt 0.748155 0.846676
vt 0.743666 0.842554
vt 0.738545 0.839492
vt 0.732988 0.837606
vt 0.727209 0.836969
vt 0.751170 0.870112
vt 0.750653 0.863646
vt 0.749123 0.857429
vt 0.746637 0.851699
vt 0.743292 0.846676
vt 0.739216 0.842554
vt 0.734566 0.839492
vt 0.729521 0.837606
vt 0.724273 0.836969
vt 0.744133 0.870112
vt 0.743681 0.863646
vt 0.742344 0.857429
vt 0.740171 0.851699
vt 0.737248 0.846676
vt 0.733685 0.842554
vt 0.729621 0.839492
vt 0.725211 0.837606
vt 0.720625 0.836969
vt 0.735894 0.870112
vt 0.735519 0.863646
vt 0.734407 0.857429
vt 0.732601 0.851699
vt 0.730170 0.846676
vt 0.727209 0.842554
vt 0.723831 0.839492
vt 0.720165 0.837606
vt 0.716353 0.836969
vt 0.726656 0.870112
vt 0.726366 0.863646
vt 0.725507 0.857429
vt 0.724112 0.851699
vt 0.722235 0.846676
vt 0.719948 0.842554
vt 0.717338 0.839492
vt 0.714507 0.837606
vt 0.711562 0.836969
vt 0.716645 0.870112
vt 0.716448 0.863646
vt 0.715863 0.857429
vt 0.714914 0.851699
vt 0.713636 0.846676
vt 0.712080 0.842554
vt 0.710303 0.839492
vt 0.708376 0.837606
vt 0.706372 0.836969
vt 0.706110 0.870112
vt 0.706010 0.863646
vt 0.705714 0.857429
vt 0.705233 0.851699
vt 0.704586 0.846676
vt 0.703798 0.842554
vt 0.702899 0.839492
vt 0.701924 0.837606
vt 0.700909 0.836969
vt 0.695308 0.870112
vt 0.695308 0.863646
vt 0.695308 0.857429
vt 0.695308 0.851699
vt 0.695308 0.846676
vt 0.695308 0.842554
vt 0.695308 0.839492
vt 0.695308 0.837606
vt 0.695308 0.836969
vt 0.684506 0.870112
vt 0.684606 0.863646
vt 0.684902 0.857429
vt 0.685383 0.851699
vt 0.686030 0.846676
vt 0.686818 0.842554
vt 0.687717 0.839492
vt 0.688693 0.837606
vt 0.689707 0.836969
vt 0.673971 0.870112
vt 0.674168 0.863646
vt 0.674753 0.857429
vt 0.675702 0.851699
vt 0.676980 0.846676
vt 0.678537 0.842554
vt 0.680313 0.839492
vt 0.682240 0.837606
vt 0.684244 0.836969
vt 0.663961 0.870112
vt 0.664251 0.863646
vt 0.665109 0.857429
vt 0.666504 0.851699
vt 0.668381 0.846676
vt 0.670668 0.842554
vt 0.673278 0.839492
vt 0.676109 0.837606
vt 0.679054 0.836969
vt 0.654722 0.870112
vt 0.655098 0.863646
vt 0.656210 0.857429
vt 0.658015 0.851699
vt 0.660446 0.846676
vt 0.663407 0.842554
vt 0.666785 0.839492
vt 0.670451 0.837606
vt 0.674264 0.836969
vt 0.646483 0.870112
vt 0.646935 0.863646
vt 0.648273 0.857429
vt 0.650445 0.851699
vt 0.653369 0.846676
vt 0.656931 0.842554
vt 0.660995 0.839492
vt 0.665405 0.837606
vt 0.669992 0.836969
vt 0.639446 0.870112
vt 0.639963 0.863646
vt 0.641494 0.857429
vt 0.643979 0.851699
vt 0.647324 0.846676
vt 0.651400 0.842554
vt 0.656050 0.839492
vt 0.661096 0.837606
vt 0.666343 0.836969
vt 0.633785 0.870112
vt 0.634354 0.863646
vt 0.636040 0.857429
vt 0.638777 0.851699
vt 0.642461 0.846676
vt 0.646950 0.842554
vt 0.652071 0.839492
vt 0.657628 0.837606
vt 0.663407 0.836969
vt 0.629639 0.870112
vt 0.630246 0.863646
vt 0.632045 0.857429
vt 0.634967 0.851699
vt 0.638900 0.846676
vt 0.643691 0.842554
vt 0.649157 0.839492
vt 0.655089 0.837606
vt 0.661257 0.836969
vt 0.627109 0.870112
vt 0.627740 0.863646
vt 0.629609 0.857429
vt 0.632643 0.851699
vt 0.636727 0.846676
vt 0.641703 0.842554
vt 0.647380 0.839492
vt 0.653540 0.837606
vt 0.659946 0.836969
vt 0.626259 0.870112
vt 0.626898 0.863646
vt 0.628790 0.857429
vt 0.631862 0.851699
vt 0.635997 0.846676
vt 0.641035 0.842554
vt 0.646782 0.839492
vt 0.653019 0.837606
vt 0.659505 0.836969
vt 0.244138 0.837167
vt 0.255015 0.838023
vt 0.265624 0.840571
vt 0.275705 0.844746
vt 0.285008 0.850447
vt 0.293305 0.857533
vt 0.300391 0.865830
vt 0.306092 0.875133
vt 0.310267 0.885213
vt 0.312814 0.895823
vt 0.313670 0.906700
vt 0.312814 0.917577
vt 0.310267 0.928187
vt 0.306092 0.938267
vt 0.300391 0.947570
vt 0.293305 0.955867
vt 0.285008 0.962953
vt 0.275705 0.968654
vt 0.265624 0.972829
vt 0.255015 0.975376
vt 0.244138 0.976232
vt 0.233260 0.975376
vt 0.222651 0.972829
vt 0.212571 0.968654
vt 0.203268 0.962953
vt 0.194971 0.955867
vt 0.187885 0.947570
vt 0.182184 0.938267
vt 0.178008 0.928187
vt 0.175461 0.917577
vt 0.174605 0.906700
vt 0.175461 0.895823
vt 0.178008 0.885213
vt 0.182184 0.875133
vt 0.187885 0.865830
vt 0.194971 0.857533
vt 0.203268 0.850447
vt 0.212571 0.844746
vt 0.222651 0.840571
vt 0.233260 0.838023
s 1
usemtl Material.004
f 491/721/493 482/722/484 489/723/491 498/724/500
f 498/724/500 489/723/491 488/725/490 497/726/499
f 497/726/499 488/725/490 487/727/489 496/728/498
f 496/728/498 487/727/489 486/729/488 495/730/497
f 495/730/497 486/729/488 485/731/487 494/732/496
f 494/732/496 485/731/487 484/733/486 493/734/495
f 493/734/495 484/733/486 483/735/485 492/736/494
f 492/736/494 483/735/485 481/737/483 490/738/492
f 500/739/502 491/721/493 498/724/500 507/740/509
f 507/740/509 498/724/500 497/726/499 506/741/508
f 506/741/508 497/726/499 496/728/498 505/742/507
f 505/742/507 496/728/498 495/730/497 504/743/506
f 504/743/506 495/730/497 494/732/496 503/744/505
f 503/744/505 494/732/496 493/734/495 502/745/504
f 502/745/504 493/734/495 492/736/494 501/746/503
f 501/746/503 492/736/494 490/738/492 499/747/501
f 509/748/511 500/739/502 507/740/509 516/749/518
f 516/749/518 507/740/509 506/741/508 515/750/517
f 515/750/517 506/741/508 505/742/507 514/751/516
f 514/751/516 505/742/507 504/743/506 513/752/515
f 513/752/515 504/743/506 503/744/505 512/753/514
f 512/753/514 503/744/505 502/745/504 511/754/513
f 511/754/513 502/745/504 501/746/503 510/755/512
f 510/755/512 501/746/503 499/747/501 508/756/510
f 518/757/520 509/748/511 516/749/518 525/758/527
f 525/758/527 516/749/518 515/750/517 524/759/526
f 524/759/526 515/750/517 514/751/516 523/760/525
f 523/760/525 514/751/516 513/752/515 522/761/524
f 522/761/524 513/752/515 512/753/514 521/762/523
f 521/762/523 512/753/514 511/754/513 520/763/522
f 520/763/522 511/754/513 510/755/512 519/764/521
f 519/764/521 510/755/512 508/756/510 517/765/519
f 527/766/529 518/757/520 525/758/527 534/767/536
f 534/767/536 525/758/527 524/759/526 533/768/535
f 533/768/535 524/759/526 523/760/525 532/769/534
f 532/769/534 523/760/525 522/761/524 531/770/533
f 531/770/533 522/761/524 521/762/523 530/771/532
f 530/771/532 521/762/523 520/763/522 529/772/531
f 529/772/531 520/763/522 519/764/521 528/773/530
f 528/773/530 519/764/521 517/765/519 526/774/528
f 536/775/538 527/766/529 534/767/536 543/776/545
f 543/776/545 534/767/536 533/768/535 542/777/544
f 542/777/544 533/768/535 532/769/534 541/778/543
f 541/778/543 532/769/534 531/770/533 540/779/542
f 540/779/542 531/770/533 530/771/532 539/780/541
f 539/780/541 530/771/532 529/772/531 538/781/540
f 538/781/540 529/772/531 528/773/530 537/782/539
f 537/782/539 528/773/530 526/774/528 535/783/537
f 545/784/547 536/775/538 543/776/545 552/785/554
f 552/785/554 543/776/545 542/777/544 551/786/553
f 551/786/553 542/777/544 541/778/543 550/787/552
f 550/787/552 541/778/543 540/779/542 549/788/551
f 549/788/551 540/779/542 539/780/541 548/789/550
f 548/789/550 539/780/541 538/781/540 547/790/549
f 547/790/549 538/781/540 537/782/539 546/791/548
f 546/791/548 537/782/539 535/783/537 544/792/546
f 554/793/556 545/784/547 552/785/554 561/794/563
f 561/794/563 552/785/554 551/786/553 560/795/562
f 560/795/562 551/786/553 550/787/552 559/796/561
f 559/796/561 550/787/552 549/788/551 558/797/560
f 558/797/560 549/788/551 548/789/550 557/798/559
f 557/798/559 548/789/550 547/790/549 556/799/558
f 556/799/558 547/790/549 546/791/548 555/800/557
f 555/800/557 546/791/548 544/792/546 553/801/555
f 563/802/565 554/793/556 561/794/563 570/803/572
f 570/803/572 561/794/563 560/795/562 569/804/571
f 569/804/571 560/795/562 559/796/561 568/805/570
f 568/805/570 559/796/561 558/797/560 567/806/569
f 567/806/569 558/797/560 557/798/559 566/807/568
f 566/807/568 557/798/559 556/799/558 565/808/567
f 565/808/567 556/799/558 555/800/557 564/809/566
f 564/809/566 555/800/557 553/801/555 562/810/564
f 572/811/574 563/802/565 570/803/572 579/812/581
f 579/812/581 570/803/572 569/804/571 578/813/580
f 578/813/580 569/804/571 568/805/570 577/814/579
f 577/814/579 568/805/570 567/806/569 576/815/578
f 576/815/578 567/806/569 566/807/568 575/816/577
f 575/816/577 566/807/568 565/808/567 574/817/576
f 574/817/576 565/808/567 564/809/566 573/818/575
f 573/818/575 564/809/566 562/810/564 571/819/573
f 581/820/583 572/811/574 579/812/581 588/821/590
f 588/821/590 579/812/581 578/813/580 587/822/589
f 587/822/589 578/813/580 577/814/579 586/823/588
f 586/823/588 577/814/579 576/815/578 585/824/587
f 585/824/587 576/815/578 575/816/577 584/825/586
f 584/825/586 575/816/577 574/817/576 583/826/585
f 583/826/585 574/817/576 573/818/575 582/827/584
f 582/827/584 573/818/575 571/819/573 580/828/582
f 590/829/592 581/820/583 588/821/590 597/830/599
f 597/830/599 588/821/590 587/822/589 596/831/598
f 596/831/598 587/822/589 586/823/588 595/832/597
f 595/832/597 586/823/588 585/824/587 594/833/596
f 594/833/596 585/824/587 584/825/586 593/834/595
f 593/834/595 584/825/586 583/826/585 592/835/594
f 592/835/594 583/826/585 582/827/584 591/836/593
f 591/836/593 582/827/584 580/828/582 589/837/591
f 599/838/601 590/829/592 597/830/599 606/839/608
f 606/839/608 597/830/599 596/831/598 605/840/607
f 605/840/607 596/831/598 595/832/597 604/841/606
f 604/841/606 595/832/597 594/833/596 603/842/605
f 603/842/605 594/833/596 593/834/595 602/843/604
f 602/843/604 593/834/595 592/835/594 601/844/603
f 601/844/603 592/835/594 591/836/593 600/845/602
f 600/845/602 591/836/593 589/837/591 598/846/600
f 608/847/610 599/838/601 606/839/608 615/848/617
f 615/848/617 606/839/608 605/840/607 614/849/616
f 614/849/616 605/840/607 604/841/606 613/850/615
f 613/850/615 604/841/606 603/842/605 612/851/614
f 612/851/614 603/842/605 602/843/604 611/852/613
f 611/852/613 602/843/604 601/844/603 610/853/612
f 610/853/612 601/844/603 600/845/602 609/854/611
f 609/854/611 600/845/602 598/846/600 607/855/609
f 617/856/619 608/847/610 615/848/617 624/857/626
f 624/857/626 615/848/617 614/849/616 623/858/625
f 623/858/625 614/849/616 613/850/615 622/859/624
f 622/859/624 613/850/615 612/851/614 621/860/623
f 621/860/623 612/851/614 611/852/613 620/861/622
f 620/861/622 611/852/613 610/853/612 619/862/621
f 619/862/621 610/853/612 609/854/611 618/863/620
f 618/863/620 609/854/611 607/855/609 616/864/618
f 626/865/628 617/856/619 624/857/626 633/866/635
f 633/866/635 624/857/626 623/858/625 632/867/634
f 632/867/634 623/858/625 622/859/624 631/868/633
f 631/868/633 622/859/624 621/860/623 630/869/632
f 630/869/632 621/860/623 620/861/622 629/870/631
f 629/870/631 620/861/622 619/862/621 628/871/630
f 628/871/630 619/862/621 618/863/620 627/872/629
f 627/872/629 618/863/620 616/864/618 625/873/627
f 635/874/637 626/865/628 633/866/635 642/875/644
f 642/875/644 633/866/635 632/867/634 641/876/643
f 641/876/643 632/867/634 631/868/633 640/877/642
f 640/877/642 631/868/633 630/869/632 639/878/641
f 639/878/641 630/869/632 629/870/631 638/879/640
f 638/879/640 629/870/631 628/871/630 637/880/639
f 637/880/639 628/871/630 627/872/629 636/881/638
f 636/881/638 627/872/629 625/873/627 634/882/636
f 644/883/646 635/874/637 642/875/644 651/884/653
f 651/884/653 642/875/644 641/876/643 650/885/652
f 650/885/652 641/876/643 640/877/642 649/886/651
f 649/886/651 640/877/642 639/878/641 648/887/650
f 648/887/650 639/878/641 638/879/640 647/888/649
f 647/888/649 638/879/640 637/880/639 646/889/648
f 646/889/648 637/880/639 636/881/638 645/890/647
f 645/890/647 636/881/638 634/882/636 643/891/645
f 653/892/655 644/883/646 651/884/653 660/893/662
f 660/893/662 651/884/653 650/885/652 659/894/661
f 659/894/661 650/885/652 649/886/651 658/895/660
f 658/895/660 649/886/651 648/887/650 657/896/659
f 657/896/659 648/887/650 647/888/649 656/897/658
f 656/897/658 647/888/649 646/889/648 655/898/657
f 655/898/657 646/889/648 645/890/647 654/899/656
f 654/899/656 645/890/647 643/891/645 652/900/654
f 662/901/664 653/892/655 660/893/662 669/902/671
f 669/902/671 660/893/662 659/894/661 668/903/670
f 668/903/670 659/894/661 658/895/660 667/904/669
f 667/904/669 658/895/660 657/896/659 666/905/668
f 666/905/668 657/896/659 656/897/658 665/906/667
f 665/906/667 656/897/658 655/898/657 664/907/666
f 664/907/666 655/898/657 654/899/656 663/908/665
f 663/908/665 654/899/656 652/900/654 661/909/663
f 671/910/673 662/911/664 669/912/671 678/913/680
f 678/913/680 669/912/671 668/914/670 677/915/679
f 677/915/679 668/914/670 667/916/669 676/917/678
f 676/917/678 667/916/669 666/918/668 675/919/677
f 675/919/677 666/918/668 665/920/667 674/921/676
f 674/921/676 665/920/667 664/922/666 673/923/675
f 673/923/675 664/922/666 663/924/665 672/925/674
f 672/925/674 663/924/665 661/926/663 670/927/672
f 680/928/682 671/910/673 678/913/680 687/929/689
f 687/929/689 678/913/680 677/915/679 686/930/688
f 686/930/688 677/915/679 676/917/678 685/931/687
f 685/931/687 676/917/678 675/919/677 684/932/686
f 684/932/686 675/919/677 674/921/676 683/933/685
f 683/933/685 674/921/676 673/923/675 682/934/684
f 682/934/684 673/923/675 672/925/674 681/935/683
f 681/935/683 672/925/674 670/927/672 679/936/681
f 689/937/691 680/928/682 687/929/689 696/938/698
f 696/938/698 687/929/689 686/930/688 695/939/697
f 695/939/697 686/930/688 685/931/687 694/940/696
f 694/940/696 685/931/687 684/932/686 693/941/695
f 693/941/695 684/932/686 683/933/685 692/942/694
f 692/942/694 683/933/685 682/934/684 691/943/693
f 691/943/693 682/934/684 681/935/683 690/944/692
f 690/944/692 681/935/683 679/936/681 688/945/690
f 698/946/700 689/937/691 696/938/698 705/947/707
f 705/947/707 696/938/698 695/939/697 704/948/706
f 704/948/706 695/939/697 694/940/696 703/949/705
f 703/949/705 694/940/696 693/941/695 702/950/704
f 702/950/704 693/941/695 692/942/694 701/951/703
f 701/951/703 692/942/694 691/943/693 700/952/702
f 700/952/702 691/943/693 690/944/692 699/953/701
f 699/953/701 690/944/692 688/945/690 697/954/699
f 707/955/709 698/946/700 705/947/707 714/956/716
f 714/956/716 705/947/707 704/948/706 713/957/715
f 713/957/715 704/948/706 703/949/705 712/958/714
f 712/958/714 703/949/705 702/950/704 711/959/713
f 711/959/713 702/950/704 701/951/703 710/960/712
f 710/960/712 701/951/703 700/952/702 709/961/711
f 709/961/711 700/952/702 699/953/701 708/962/710
f 708/962/710 699/953/701 697/954/699 706/963/708
f 716/964/718 707/955/709 714/956/716 723/965/725
f 723/965/725 714/956/716 713/957/715 722/966/724
f 722/966/724 713/957/715 712/958/714 721/967/723
f 721/967/723 712/958/714 711/959/713 720/968/722
f 720/968/722 711/959/713 710/960/712 719/969/721
f 719/969/721 710/960/712 709/961/711 718/970/720
f 718/970/720 709/961/711 708/962/710 717/971/719
f 717/971/719 708/962/710 706/963/708 715/972/717
f 725/973/727 716/964/718 723/965/725 732/974/734
f 732/974/734 723/965/725 722/966/724 731/975/733
f 731/975/733 722/966/724 721/967/723 730/976/732
f 730/976/732 721/967/723 720/968/722 729/977/731
f 729/977/731 720/968/722 719/969/721 728/978/730
f 728/978/730 719/969/721 718/970/720 727/979/729
f 727/979/729 718/970/720 717/971/719 726/980/728
f 726/980/728 717/971/719 715/972/717 724/981/726
f 734/982/736 725/973/727 732/974/734 741/983/743
f 741/983/743 732/974/734 731/975/733 740/984/742
f 740/984/742 731/975/733 730/976/732 739/985/741
f 739/985/741 730/976/732 729/977/731 738/986/740
f 738/986/740 729/977/731 728/978/730 737/987/739
f 737/987/739 728/978/730 727/979/729 736/988/738
f 736/988/738 727/979/729 726/980/728 735/989/737
f 735/989/737 726/980/728 724/981/726 733/990/735
f 743/991/745 734/982/736 741/983/743 750/992/752
f 750/992/752 741/983/743 740/984/742 749/993/751
f 749/993/751 740/984/742 739/985/741 748/994/750
f 748/994/750 739/985/741 738/986/740 747/995/749
f 747/995/749 738/986/740 737/987/739 746/996/748
f 746/996/748 737/987/739 736/988/738 745/997/747
f 745/997/747 736/988/738 735/989/737 744/998/746
f 744/998/746 735/989/737 733/990/735 742/999/744
f 752/1000/754 743/991/745 750/992/752 759/1001/761
f 759/1001/761 750/992/752 749/993/751 758/1002/760
f 758/1002/760 749/993/751 748/994/750 757/1003/759
f 757/1003/759 748/994/750 747/995/749 756/1004/758
f 756/1004/758 747/995/749 746/996/748 755/1005/757
f 755/1005/757 746/996/748 745/997/747 754/1006/756
f 754/1006/756 745/997/747 744/998/746 753/1007/755
f 753/1007/755 744/998/746 742/999/744 751/1008/753
f 761/1009/763 752/1000/754 759/1001/761 768/1010/770
f 768/1010/770 759/1001/761 758/1002/760 767/1011/769
f 767/1011/769 758/1002/760 757/1003/759 766/1012/768
f 766/1012/768 757/1003/759 756/1004/758 765/1013/767
f 765/1013/767 756/1004/758 755/1005/757 764/1014/766
f 764/1014/766 755/1005/757 754/1006/756 763/1015/765
f 763/1015/765 754/1006/756 753/1007/755 762/1016/764
f 762/1016/764 753/1007/755 751/1008/753 760/1017/762
f 770/1018/772 761/1009/763 768/1010/770 777/1019/779
f 777/1019/779 768/1010/770 767/1011/769 776/1020/778
f 776/1020/778 767/1011/769 766/1012/768 775/1021/777
f 775/1021/777 766/1012/768 765/1013/767 774/1022/776
f 774/1022/776 765/1013/767 764/1014/766 773/1023/775
f 773/1023/775 764/1014/766 763/1015/765 772/1024/774
f 772/1024/774 763/1015/765 762/1016/764 771/1025/773
f 771/1025/773 762/1016/764 760/1017/762 769/1026/771
f 779/1027/781 770/1018/772 777/1019/779 786/1028/788
f 786/1028/788 777/1019/779 776/1020/778 785/1029/787
f 785/1029/787 776/1020/778 775/1021/777 784/1030/786
f 784/1030/786 775/1021/777 774/1022/776 783/1031/785
f 783/1031/785 774/1022/776 773/1023/775 782/1032/784
f 782/1032/784 773/1023/775 772/1024/774 781/1033/783
f 781/1033/783 772/1024/774 771/1025/773 780/1034/782
f 780/1034/782 771/1025/773 769/1026/771 778/1035/780
f 788/1036/790 779/1027/781 786/1028/788 795/1037/797
f 795/1037/797 786/1028/788 785/1029/787 794/1038/796
f 794/1038/796 785/1029/787 784/1030/786 793/1039/795
f 793/1039/795 784/1030/786 783/1031/785 792/1040/794
f 792/1040/794 783/1031/785 782/1032/784 791/1041/793
f 791/1041/793 782/1032/784 781/1033/783 790/1042/792
f 790/1042/792 781/1033/783 780/1034/782 789/1043/791
f 789/1043/791 780/1034/782 778/1035/780 787/1044/789
f 797/1045/799 788/1036/790 795/1037/797 804/1046/806
f 804/1046/806 795/1037/797 794/1038/796 803/1047/805
f 803/1047/805 794/1038/796 793/1039/795 802/1048/804
f 802/1048/804 793/1039/795 792/1040/794 801/1049/803
f 801/1049/803 792/1040/794 791/1041/793 800/1050/802
f 800/1050/802 791/1041/793 790/1042/792 799/1051/801
f 799/1051/801 790/1042/792 789/1043/791 798/1052/800
f 798/1052/800 789/1043/791 787/1044/789 796/1053/798
f 806/1054/808 797/1045/799 804/1046/806 813/1055/815
f 813/1055/815 804/1046/806 803/1047/805 812/1056/814
f 812/1056/814 803/1047/805 802/1048/804 811/1057/813
f 811/1057/813 802/1048/804 801/1049/803 810/1058/812
f 810/1058/812 801/1049/803 800/1050/802 809/1059/811
f 809/1059/811 800/1050/802 799/1051/801 808/1060/810
f 808/1060/810 799/1051/801 798/1052/800 807/1061/809
f 807/1061/809 798/1052/800 796/1053/798 805/1062/807
f 815/1063/817 806/1054/808 813/1055/815 822/1064/824
f 822/1064/824 813/1055/815 812/1056/814 821/1065/823
f 821/1065/823 812/1056/814 811/1057/813 820/1066/822
f 820/1066/822 811/1057/813 810/1058/812 819/1067/821
f 819/1067/821 810/1058/812 809/1059/811 818/1068/820
f 818/1068/820 809/1059/811 808/1060/810 817/1069/819
f 817/1069/819 808/1060/810 807/1061/809 816/1070/818
f 816/1070/818 807/1061/809 805/1062/807 814/1071/816
f 824/1072/826 815/1063/817 822/1064/824 831/1073/833
f 831/1073/833 822/1064/824 821/1065/823 830/1074/832
f 830/1074/832 821/1065/823 820/1066/822 829/1075/831
f 829/1075/831 820/1066/822 819/1067/821 828/1076/830
f 828/1076/830 819/1067/821 818/1068/820 827/1077/829
f 827/1077/829 818/1068/820 817/1069/819 826/1078/828
f 826/1078/828 817/1069/819 816/1070/818 825/1079/827
f 825/1079/827 816/1070/818 814/1071/816 823/1080/825
f 833/1081/835 824/1072/826 831/1073/833 840/1082/842
f 840/1082/842 831/1073/833 830/1074/832 839/1083/841
f 839/1083/841 830/1074/832 829/1075/831 838/1084/840
f 838/1084/840 829/1075/831 828/1076/830 837/1085/839
f 837/1085/839 828/1076/830 827/1077/829 836/1086/838
f 836/1086/838 827/1077/829 826/1078/828 835/1087/837
f 835/1087/837 826/1078/828 825/1079/827 834/1088/836
f 834/1088/836 825/1079/827 823/1080/825 832/1089/834
f 482/1090/484 833/1081/835 840/1082/842 489/1091/491
f 489/1091/491 840/1082/842 839/1083/841 488/1092/490
f 488/1092/490 839/1083/841 838/1084/840 487/1093/489
f 487/1093/489 838/1084/840 837/1085/839 486/1094/488
f 486/1094/488 837/1085/839 836/1086/838 485/1095/487
f 485/1095/487 836/1086/838 835/1087/837 484/1096/486
f 484/1096/486 835/1087/837 834/1088/836 483/1097/485
f 483/1097/485 834/1088/836 832/1089/834 481/1098/483
f 490/1099/492 481/1100/483 832/1101/834 823/1102/825 814/1103/816 805/1104/807 796/1105/798 787/1106/789 778/1107/780 769/1108/771 760/1109/762 751/1110/753 742/1111/744 733/1112/735 724/1113/726 715/1114/717 706/1115/708 697/1116/699 688/1117/690 679/1118/681 670/1119/672 661/1120/663 652/1121/654 643/1122/645 634/1123/636 625/1124/627 616/1125/618 607/1126/609 598/1127/600 589/1128/591 580/1129/582 571/1130/573 562/1131/564 553/1132/555 544/1133/546 535/1134/537 526/1135/528 517/1136/519 508/1137/510 499/1138/501
f 842/1139/844 850/1140/852 852/1141/854 849/1142/851
f 849/1142/851 852/1141/854 853/1143/855 848/1144/850
f 848/1144/850 853/1143/855 854/1145/856 847/1146/849
f 847/1146/849 854/1145/856 855/1147/857 846/1148/848
f 846/1148/848 855/1147/857 856/1149/858 845/1150/847
f 845/1150/847 856/1149/858 857/1151/859 844/1152/846
f 844/1152/846 857/1151/859 858/1153/860 843/1154/845
f 843/1154/845 858/1153/860 851/1155/853 841/1156/843
f 850/1140/852 859/1157/861 861/1158/863 852/1141/854
f 852/1141/854 861/1158/863 862/1159/864 853/1143/855
f 853/1143/855 862/1159/864 863/1160/865 854/1145/856
f 854/1145/856 863/1160/865 864/1161/866 855/1147/857
f 855/1147/857 864/1161/866 865/1162/867 856/1149/858
f 856/1149/858 865/1162/867 866/1163/868 857/1151/859
f 857/1151/859 866/1163/868 867/1164/869 858/1153/860
f 858/1153/860 867/1164/869 860/1165/862 851/1155/853
f 859/1157/861 868/1166/870 870/1167/872 861/1158/863
f 861/1158/863 870/1167/872 871/1168/873 862/1159/864
f 862/1159/864 871/1168/873 872/1169/874 863/1160/865
f 863/1160/865 872/1169/874 873/1170/875 864/1161/866
f 864/1161/866 873/1170/875 874/1171/876 865/1162/867
f 865/1162/867 874/1171/876 875/1172/877 866/1163/868
f 866/1163/868 875/1172/877 876/1173/878 867/1164/869
f 867/1164/869 876/1173/878 869/1174/871 860/1165/862
f 868/1166/870 877/1175/879 879/1176/881 870/1167/872
f 870/1167/872 879/1176/881 880/1177/882 871/1168/873
f 871/1168/873 880/1177/882 881/1178/883 872/1169/874
f 872/1169/874 881/1178/883 882/1179/884 873/1170/875
f 873/1170/875 882/1179/884 883/1180/885 874/1171/876
f 874/1171/876 883/1180/885 884/1181/886 875/1172/877
f 875/1172/877 884/1181/886 885/1182/887 876/1173/878
f 876/1173/878 885/1182/887 878/1183/880 869/1174/871
f 877/1175/879 886/1184/888 888/1185/890 879/1176/881
f 879/1176/881 888/1185/890 889/1186/891 880/1177/882
f 880/1177/882 889/1186/891 890/1187/892 881/1178/883
f 881/1178/883 890/1187/892 891/1188/893 882/1179/884
f 882/1179/884 891/1188/893 892/1189/894 883/1180/885
f 883/1180/885 892/1189/894 893/1190/895 884/1181/886
f 884/1181/886 893/1190/895 894/1191/896 885/1182/887
f 885/1182/887 894/1191/896 887/1192/889 878/1183/880
f 886/1184/888 895/1193/897 897/1194/899 888/1185/890
f 888/1185/890 897/1194/899 898/1195/900 889/1186/891
f 889/1186/891 898/1195/900 899/1196/901 890/1187/892
f 890/1187/892 899/1196/901 900/1197/902 891/1188/893
f 891/1188/893 900/1197/902 901/1198/903 892/1189/894
f 892/1189/894 901/1198/903 902/1199/904 893/1190/895
f 893/1190/895 902/1199/904 903/1200/905 894/1191/896
f 894/1191/896 903/1200/905 896/1201/898 887/1192/889
f 895/1193/897 904/1202/906 906/1203/908 897/1194/899
f 897/1194/899 906/1203/908 907/1204/909 898/1195/900
f 898/1195/900 907/1204/909 908/1205/910 899/1196/901
f 899/1196/901 908/1205/910 909/1206/911 900/1197/902
f 900/1197/902 909/1206/911 910/1207/912 901/1198/903
f 901/1198/903 910/1207/912 911/1208/913 902/1199/904
f 902/1199/904 911/1208/913 912/1209/914 903/1200/905
f 903/1200/905 912/1209/914 905/1210/907 896/1201/898
f 904/1202/906 913/1211/915 915/1212/917 906/1203/908
f 906/1203/908 915/1212/917 916/1213/918 907/1204/909
f 907/1204/909 916/1213/918 917/1214/919 908/1205/910
f 908/1205/910 917/1214/919 918/1215/920 909/1206/911
f 909/1206/911 918/1215/920 919/1216/921 910/1207/912
f 910/1207/912 919/1216/921 920/1217/922 911/1208/913
f 911/1208/913 920/1217/922 921/1218/923 912/1209/914
f 912/1209/914 921/1218/923 914/1219/916 905/1210/907
f 913/1211/915 922/1220/924 924/1221/926 915/1212/917
f 915/1212/917 924/1221/926 925/1222/927 916/1213/918
f 916/1213/918 925/1222/927 926/1223/928 917/1214/919
f 917/1214/919 926/1223/928 927/1224/929 918/1215/920
f 918/1215/920 927/1224/929 928/1225/930 919/1216/921
f 919/1216/921 928/1225/930 929/1226/931 920/1217/922
f 920/1217/922 929/1226/931 930/1227/932 921/1218/923
f 921/1218/923 930/1227/932 923/1228/925 914/1219/916
f 922/1220/924 931/1229/933 933/1230/935 924/1221/926
f 924/1221/926 933/1230/935 934/1231/936 925/1222/927
f 925/1222/927 934/1231/936 935/1232/937 926/1223/928
f 926/1223/928 935/1232/937 936/1233/938 927/1224/929
f 927/1224/929 936/1233/938 937/1234/939 928/1225/930
f 928/1225/930 937/1234/939 938/1235/940 929/1226/931
f 929/1226/931 938/1235/940 939/1236/941 930/1227/932
f 930/1227/932 939/1236/941 932/1237/934 923/1228/925
f 931/1229/933 940/1238/942 942/1239/944 933/1230/935
f 933/1230/935 942/1239/944 943/1240/945 934/1231/936
f 934/1231/936 943/1240/945 944/1241/946 935/1232/937
f 935/1232/937 944/1241/946 945/1242/947 936/1233/938
f 936/1233/938 945/1242/947 946/1243/948 937/1234/939
f 937/1234/939 946/1243/948 947/1244/949 938/1235/940
f 938/1235/940 947/1244/949 948/1245/950 939/1236/941
f 939/1236/941 948/1245/950 941/1246/943 932/1237/934
f 940/1238/942 949/1247/951 951/1248/953 942/1239/944
f 942/1239/944 951/1248/953 952/1249/954 943/1240/945
f 943/1240/945 952/1249/954 953/1250/955 944/1241/946
f 944/1241/946 953/1250/955 954/1251/956 945/1242/947
f 945/1242/947 954/1251/956 955/1252/957 946/1243/948
f 946/1243/948 955/1252/957 956/1253/958 947/1244/949
f 947/1244/949 956/1253/958 957/1254/959 948/1245/950
f 948/1245/950 957/1254/959 950/1255/952 941/1246/943
f 949/1247/951 958/1256/960 960/1257/962 951/1248/953
f 951/1248/953 960/1257/962 961/1258/963 952/1249/954
f 952/1249/954 961/1258/963 962/1259/964 953/1250/955
f 953/1250/955 962/1259/964 963/1260/965 954/1251/956
f 954/1251/956 963/1260/965 964/1261/966 955/1252/957
f 955/1252/957 964/1261/966 965/1262/967 956/1253/958
f 956/1253/958 965/1262/967 966/1263/968 957/1254/959
f 957/1254/959 966/1263/968 959/1264/961 950/1255/952
f 958/1256/960 967/1265/969 969/1266/971 960/1257/962
f 960/1257/962 969/1266/971 970/1267/972 961/1258/963
f 961/1258/963 970/1267/972 971/1268/973 962/1259/964
f 962/1259/964 971/1268/973 972/1269/974 963/1260/965
f 963/1260/965 972/1269/974 973/1270/975 964/1261/966
f 964/1261/966 973/1270/975 974/1271/976 965/1262/967
f 965/1262/967 974/1271/976 975/1272/977 966/1263/968
f 966/1263/968 975/1272/977 968/1273/970 959/1264/961
f 967/1265/969 976/1274/978 978/1275/980 969/1266/971
f 969/1266/971 978/1275/980 979/1276/981 970/1267/972
f 970/1267/972 979/1276/981 980/1277/982 971/1268/973
f 971/1268/973 980/1277/982 981/1278/983 972/1269/974
f 972/1269/974 981/1278/983 982/1279/984 973/1270/975
f 973/1270/975 982/1279/984 983/1280/985 974/1271/976
f 974/1271/976 983/1280/985 984/1281/986 975/1272/977
f 975/1272/977 984/1281/986 977/1282/979 968/1273/970
f 976/1274/978 985/1283/987 987/1284/989 978/1275/980
f 978/1275/980 987/1284/989 988/1285/990 979/1276/981
f 979/1276/981 988/1285/990 989/1286/991 980/1277/982
f 980/1277/982 989/1286/991 990/1287/992 981/1278/983
f 981/1278/983 990/1287/992 991/1288/993 982/1279/984
f 982/1279/984 991/1288/993 992/1289/994 983/1280/985
f 983/1280/985 992/1289/994 993/1290/995 984/1281/986
f 984/1281/986 993/1290/995 986/1291/988 977/1282/979
f 985/1283/987 994/1292/996 996/1293/998 987/1284/989
f 987/1284/989 996/1293/998 997/1294/999 988/1285/990
f 988/1285/990 997/1294/999 998/1295/1000 989/1286/991
f 989/1286/991 998/1295/1000 999/1296/1001 990/1287/992
f 990/1287/992 999/1296/1001 1000/1297/1002 991/1288/993
f 991/1288/993 1000/1297/1002 1001/1298/1003 992/1289/994
f 992/1289/994 1001/1298/1003 1002/1299/1004 993/1290/995
f 993/1290/995 1002/1299/1004 995/1300/997 986/1291/988
f 994/1292/996 1003/1301/1005 1005/1302/1007 996/1293/998
f 996/1293/998 1005/1302/1007 1006/1303/1008 997/1294/999
f 997/1294/999 1006/1303/1008 1007/1304/1009 998/1295/1000
f 998/1295/1000 1007/1304/1009 1008/1305/1010 999/1296/1001
f 999/1296/1001 1008/1305/1010 1009/1306/1011 1000/1297/1002
f 1000/1297/1002 1009/1306/1011 1010/1307/1012 1001/1298/1003
f 1001/1298/1003 1010/1307/1012 1011/1308/1013 1002/1299/1004
f 1002/1299/1004 1011/1308/1013 1004/1309/1006 995/1300/997
f 1003/1301/1005 1012/1310/1014 1014/1311/1016 1005/1302/1007
f 1005/1302/1007 1014/1311/1016 1015/1312/1017 1006/1303/1008
f 1006/1303/1008 1015/1312/1017 1016/1313/1018 1007/1304/1009
f 1007/1304/1009 1016/1313/1018 1017/1314/1019 1008/1305/1010
f 1008/1305/1010 1017/1314/1019 1018/1315/1020 1009/1306/1011
f 1009/1306/1011 1018/1315/1020 1019/1316/1021 1010/1307/1012
f 1010/1307/1012 1019/1316/1021 1020/1317/1022 1011/1308/1013
f 1011/1308/1013 1020/1317/1022 1013/1318/1015 1004/1309/1006
f 1012/1310/1014 1021/1319/1023 1023/1320/1025 1014/1311/1016
f 1014/1311/1016 1023/1320/1025 1024/1321/1026 1015/1312/1017
f 1015/1312/1017 1024/1321/1026 1025/1322/1027 1016/1313/1018
f 1016/1313/1018 1025/1322/1027 1026/1323/1028 1017/1314/1019
f 1017/1314/1019 1026/1323/1028 1027/1324/1029 1018/1315/1020
f 1018/1315/1020 1027/1324/1029 1028/1325/1030 1019/1316/1021
f 1019/1316/1021 1028/1325/1030 1029/1326/1031 1020/1317/1022
f 1020/1317/1022 1029/1326/1031 1022/1327/1024 1013/1318/1015
f 1021/1328/1023 1030/1329/1032 1032/1330/1034 1023/1331/1025
f 1023/1331/1025 1032/1330/1034 1033/1332/1035 1024/1333/1026
f 1024/1333/1026 1033/1332/1035 1034/1334/1036 1025/1335/1027
f 1025/1335/1027 1034/1334/1036 1035/1336/1037 1026/1337/1028
f 1026/1337/1028 1035/1336/1037 1036/1338/1038 1027/1339/1029
f 1027/1339/1029 1036/1338/1038 1037/1340/1039 1028/1341/1030
f 1028/1341/1030 1037/1340/1039 1038/1342/1040 1029/1343/1031
f 1029/1343/1031 1038/1342/1040 1031/1344/1033 1022/1345/1024
f 1030/1329/1032 1039/1346/1041 1041/1347/1043 1032/1330/1034
f 1032/1330/1034 1041/1347/1043 1042/1348/1044 1033/1332/1035
f 1033/1332/1035 1042/1348/1044 1043/1349/1045 1034/1334/1036
f 1034/1334/1036 1043/1349/1045 1044/1350/1046 1035/1336/1037
f 1035/1336/1037 1044/1350/1046 1045/1351/1047 1036/1338/1038
f 1036/1338/1038 1045/1351/1047 1046/1352/1048 1037/1340/1039
f 1037/1340/1039 1046/1352/1048 1047/1353/1049 1038/1342/1040
f 1038/1342/1040 1047/1353/1049 1040/1354/1042 1031/1344/1033
f 1039/1346/1041 1048/1355/1050 1050/1356/1052 1041/1347/1043
f 1041/1347/1043 1050/1356/1052 1051/1357/1053 1042/1348/1044
f 1042/1348/1044 1051/1357/1053 1052/1358/1054 1043/1349/1045
f 1043/1349/1045 1052/1358/1054 1053/1359/1055 1044/1350/1046
f 1044/1350/1046 1053/1359/1055 1054/1360/1056 1045/1351/1047
f 1045/1351/1047 1054/1360/1056 1055/1361/1057 1046/1352/1048
f 1046/1352/1048 1055/1361/1057 1056/1362/1058 1047/1353/1049
f 1047/1353/1049 1056/1362/1058 1049/1363/1051 1040/1354/1042
f 1048/1355/1050 1057/1364/1059 1059/1365/1061 1050/1356/1052
f 1050/1356/1052 1059/1365/1061 1060/1366/1062 1051/1357/1053
f 1051/1357/1053 1060/1366/1062 1061/1367/1063 1052/1358/1054
f 1052/1358/1054 1061/1367/1063 1062/1368/1064 1053/1359/1055
f 1053/1359/1055 1062/1368/1064 1063/1369/1065 1054/1360/1056
f 1054/1360/1056 1063/1369/1065 1064/1370/1066 1055/1361/1057
f 1055/1361/1057 1064/1370/1066 1065/1371/1067 1056/1362/1058
f 1056/1362/1058 1065/1371/1067 1058/1372/1060 1049/1363/1051
f 1057/1364/1059 1066/1373/1068 1068/1374/1070 1059/1365/1061
f 1059/1365/1061 1068/1374/1070 1069/1375/1071 1060/1366/1062
f 1060/1366/1062 1069/1375/1071 1070/1376/1072 1061/1367/1063
f 1061/1367/1063 1070/1376/1072 1071/1377/1073 1062/1368/1064
f 1062/1368/1064 1071/1377/1073 1072/1378/1074 1063/1369/1065
f 1063/1369/1065 1072/1378/1074 1073/1379/1075 1064/1370/1066
f 1064/1370/1066 1073/1379/1075 1074/1380/1076 1065/1371/1067
f 1065/1371/1067 1074/1380/1076 1067/1381/1069 1058/1372/1060
f 1066/1373/1068 1075/1382/1077 1077/1383/1079 1068/1374/1070
f 1068/1374/1070 1077/1383/1079 1078/1384/1080 1069/1375/1071
f 1069/1375/1071 1078/1384/1080 1079/1385/1081 1070/1376/1072
f 1070/1376/1072 1079/1385/1081 1080/1386/1082 1071/1377/1073
f 1071/1377/1073 1080/1386/1082 1081/1387/1083 1072/1378/1074
f 1072/1378/1074 1081/1387/1083 1082/1388/1084 1073/1379/1075
f 1073/1379/1075 1082/1388/1084 1083/1389/1085 1074/1380/1076
f 1074/1380/1076 1083/1389/1085 1076/1390/1078 1067/1381/1069
f 1075/1382/1077 1084/1391/1086 1086/1392/1088 1077/1383/1079
f 1077/1383/1079 1086/1392/1088 1087/1393/1089 1078/1384/1080
f 1078/1384/1080 1087/1393/1089 1088/1394/1090 1079/1385/1081
f 1079/1385/1081 1088/1394/1090 1089/1395/1091 1080/1386/1082
f 1080/1386/1082 1089/1395/1091 1090/1396/1092 1081/1387/1083
f 1081/1387/1083 1090/1396/1092 1091/1397/1093 1082/1388/1084
f 1082/1388/1084 1091/1397/1093 1092/1398/1094 1083/1389/1085
f 1083/1389/1085 1092/1398/1094 1085/1399/1087 1076/1390/1078
f 1084/1391/1086 1093/1400/1095 1095/1401/1097 1086/1392/1088
f 1086/1392/1088 1095/1401/1097 1096/1402/1098 1087/1393/1089
f 1087/1393/1089 1096/1402/1098 1097/1403/1099 1088/1394/1090
f 1088/1394/1090 1097/1403/1099 1098/1404/1100 1089/1395/1091
f 1089/1395/1091 1098/1404/1100 1099/1405/1101 1090/1396/1092
f 1090/1396/1092 1099/1405/1101 1100/1406/1102 1091/1397/1093
f 1091/1397/1093 1100/1406/1102 1101/1407/1103 1092/1398/1094
f 1092/1398/1094 1101/1407/1103 1094/1408/1096 1085/1399/1087
f 1093/1400/1095 1102/1409/1104 1104/1410/1106 1095/1401/1097
f 1095/1401/1097 1104/1410/1106 1105/1411/1107 1096/1402/1098
f 1096/1402/1098 1105/1411/1107 1106/1412/1108 1097/1403/1099
f 1097/1403/1099 1106/1412/1108 1107/1413/1109 1098/1404/1100
f 1098/1404/1100 1107/1413/1109 1108/1414/1110 1099/1405/1101
f 1099/1405/1101 1108/1414/1110 1109/1415/1111 1100/1406/1102
f 1100/1406/1102 1109/1415/1111 1110/1416/1112 1101/1407/1103
f 1101/1407/1103 1110/1416/1112 1103/1417/1105 1094/1408/1096
f 1102/1409/1104 1111/1418/1113 1113/1419/1115 1104/1410/1106
f 1104/1410/1106 1113/1419/1115 1114/1420/1116 1105/1411/1107
f 1105/1411/1107 1114/1420/1116 1115/1421/1117 1106/1412/1108
f 1106/1412/1108 1115/1421/1117 1116/1422/1118 1107/1413/1109
f 1107/1413/1109 1116/1422/1118 1117/1423/1119 1108/1414/1110
f 1108/1414/1110 1117/1423/1119 1118/1424/1120 1109/1415/1111
f 1109/1415/1111 1118/1424/1120 1119/1425/1121 1110/1416/1112
f 1110/1416/1112 1119/1425/1121 1112/1426/1114 1103/1417/1105
f 1111/1418/1113 1120/1427/1122 1122/1428/1124 1113/1419/1115
f 1113/1419/1115 1122/1428/1124 1123/1429/1125 1114/1420/1116
f 1114/1420/1116 1123/1429/1125 1124/1430/1126 1115/1421/1117
f 1115/1421/1117 1124/1430/1126 1125/1431/1127 1116/1422/1118
f 1116/1422/1118 1125/1431/1127 1126/1432/1128 1117/1423/1119
f 1117/1423/1119 1126/1432/1128 1127/1433/1129 1118/1424/1120
f 1118/1424/1120 1127/1433/1129 1128/1434/1130 1119/1425/1121
f 1119/1425/1121 1128/1434/1130 1121/1435/1123 1112/1426/1114
f 1120/1427/1122 1129/1436/1131 1131/1437/1133 1122/1428/1124
f 1122/1428/1124 1131/1437/1133 1132/1438/1134 1123/1429/1125
f 1123/1429/1125 1132/1438/1134 1133/1439/1135 1124/1430/1126
f 1124/1430/1126 1133/1439/1135 1134/1440/1136 1125/1431/1127
f 1125/1431/1127 1134/1440/1136 1135/1441/1137 1126/1432/1128
f 1126/1432/1128 1135/1441/1137 1136/1442/1138 1127/1433/1129
f 1127/1433/1129 1136/1442/1138 1137/1443/1139 1128/1434/1130
f 1128/1434/1130 1137/1443/1139 1130/1444/1132 1121/1435/1123
f 1129/1436/1131 1138/1445/1140 1140/1446/1142 1131/1437/1133
f 1131/1437/1133 1140/1446/1142 1141/1447/1143 1132/1438/1134
f 1132/1438/1134 1141/1447/1143 1142/1448/1144 1133/1439/1135
f 1133/1439/1135 1142/1448/1144 1143/1449/1145 1134/1440/1136
f 1134/1440/1136 1143/1449/1145 1144/1450/1146 1135/1441/1137
f 1135/1441/1137 1144/1450/1146 1145/1451/1147 1136/1442/1138
f 1136/1442/1138 1145/1451/1147 1146/1452/1148 1137/1443/1139
f 1137/1443/1139 1146/1452/1148 1139/1453/1141 1130/1444/1132
f 1138/1445/1140 1147/1454/1149 1149/1455/1151 1140/1446/1142
f 1140/1446/1142 1149/1455/1151 1150/1456/1152 1141/1447/1143
f 1141/1447/1143 1150/1456/1152 1151/1457/1153 1142/1448/1144
f 1142/1448/1144 1151/1457/1153 1152/1458/1154 1143/1449/1145
f 1143/1449/1145 1152/1458/1154 1153/1459/1155 1144/1450/1146
f 1144/1450/1146 1153/1459/1155 1154/1460/1156 1145/1451/1147
f 1145/1451/1147 1154/1460/1156 1155/1461/1157 1146/1452/1148
f 1146/1452/1148 1155/1461/1157 1148/1462/1150 1139/1453/1141
f 1147/1454/1149 1156/1463/1158 1158/1464/1160 1149/1455/1151
f 1149/1455/1151 1158/1464/1160 1159/1465/1161 1150/1456/1152
f 1150/1456/1152 1159/1465/1161 1160/1466/1162 1151/1457/1153
f 1151/1457/1153 1160/1466/1162 1161/1467/1163 1152/1458/1154
f 1152/1458/1154 1161/1467/1163 1162/1468/1164 1153/1459/1155
f 1153/1459/1155 1162/1468/1164 1163/1469/1165 1154/1460/1156
f 1154/1460/1156 1163/1469/1165 1164/1470/1166 1155/1461/1157
f 1155/1461/1157 1164/1470/1166 1157/1471/1159 1148/1462/1150
f 1156/1463/1158 1165/1472/1167 1167/1473/1169 1158/1464/1160
f 1158/1464/1160 1167/1473/1169 1168/1474/1170 1159/1465/1161
f 1159/1465/1161 1168/1474/1170 1169/1475/1171 1160/1466/1162
f 1160/1466/1162 1169/1475/1171 1170/1476/1172 1161/1467/1163
f 1161/1467/1163 1170/1476/1172 1171/1477/1173 1162/1468/1164
f 1162/1468/1164 1171/1477/1173 1172/1478/1174 1163/1469/1165
f 1163/1469/1165 1172/1478/1174 1173/1479/1175 1164/1470/1166
f 1164/1470/1166 1173/1479/1175 1166/1480/1168 1157/1471/1159
f 1165/1472/1167 1174/1481/1176 1176/1482/1178 1167/1473/1169
f 1167/1473/1169 1176/1482/1178 1177/1483/1179 1168/1474/1170
f 1168/1474/1170 1177/1483/1179 1178/1484/1180 1169/1475/1171
f 1169/1475/1171 1178/1484/1180 1179/1485/1181 1170/1476/1172
f 1170/1476/1172 1179/1485/1181 1180/1486/1182 1171/1477/1173
f 1171/1477/1173 1180/1486/1182 1181/1487/1183 1172/1478/1174
f 1172/1478/1174 1181/1487/1183 1182/1488/1184 1173/1479/1175
f 1173/1479/1175 1182/1488/1184 1175/1489/1177 1166/1480/1168
f 1174/1481/1176 1183/1490/1185 1185/1491/1187 1176/1482/1178
f 1176/1482/1178 1185/1491/1187 1186/1492/1188 1177/1483/1179
f 1177/1483/1179 1186/1492/1188 1187/1493/1189 1178/1484/1180
f 1178/1484/1180 1187/1493/1189 1188/1494/1190 1179/1485/1181
f 1179/1485/1181 1188/1494/1190 1189/1495/1191 1180/1486/1182
f 1180/1486/1182 1189/1495/1191 1190/1496/1192 1181/1487/1183
f 1181/1487/1183 1190/1496/1192 1191/1497/1193 1182/1488/1184
f 1182/1488/1184 1191/1497/1193 1184/1498/1186 1175/1489/1177
f 1183/1490/1185 1192/1499/1194 1194/1500/1196 1185/1491/1187
f 1185/1491/1187 1194/1500/1196 1195/1501/1197 1186/1492/1188
f 1186/1492/1188 1195/1501/1197 1196/1502/1198 1187/1493/1189
f 1187/1493/1189 1196/1502/1198 1197/1503/1199 1188/1494/1190
f 1188/1494/1190 1197/1503/1199 1198/1504/1200 1189/1495/1191
f 1189/1495/1191 1198/1504/1200 1199/1505/1201 1190/1496/1192
f 1190/1496/1192 1199/1505/1201 1200/1506/1202 1191/1497/1193
f 1191/1497/1193 1200/1506/1202 1193/1507/1195 1184/1498/1186
f 1192/1499/1194 842/1508/844 849/1509/851 1194/1500/1196
f 1194/1500/1196 849/1509/851 848/1510/850 1195/1501/1197
f 1195/1501/1197 848/1510/850 847/1511/849 1196/1502/1198
f 1196/1502/1198 847/1511/849 846/1512/848 1197/1503/1199
f 1197/1503/1199 846/1512/848 845/1513/847 1198/1504/1200
f 1198/1504/1200 845/1513/847 844/1514/846 1199/1505/1201
f 1199/1505/1201 844/1514/846 843/1515/845 1200/1506/1202
f 1200/1506/1202 843/1515/845 841/1516/843 1193/1507/1195
f 842/1139/844 482/722/484 491/721/493 850/1140/852
f 841/1517/843 851/1518/853 860/1519/862 869/1520/871 878/1521/880 887/1522/889 896/1523/898 905/1524/907 914/1525/916 923/1526/925 932/1527/934 941/1528/943 950/1529/952 959/1530/961 968/1531/970 977/1532/979 986/1533/988 995/1534/997 1004/1535/1006 1013/1536/1015 1022/1537/1024 1031/1538/1033 1040/1539/1042 1049/1540/1051 1058/1541/1060 1067/1542/1069 1076/1543/1078 1085/1544/1087 1094/1545/1096 1103/1546/1105 1112/1547/1114 1121/1548/1123 1130/1549/1132 1139/1550/1141 1148/1551/1150 1157/1552/1159 1166/1553/1168 1175/1554/1177 1184/1555/1186 1193/1556/1195
f 1192/1499/1194 833/1081/835 482/1090/484 842/1508/844
f 850/1140/852 491/721/493 500/739/502 859/1157/861
f 859/1157/861 500/739/502 509/748/511 868/1166/870
f 868/1166/870 509/748/511 518/757/520 877/1175/879
f 877/1175/879 518/757/520 527/766/529 886/1184/888
f 886/1184/888 527/766/529 536/775/538 895/1193/897
f 895/1193/897 536/775/538 545/784/547 904/1202/906
f 904/1202/906 545/784/547 554/793/556 913/1211/915
f 913/1211/915 554/793/556 563/802/565 922/1220/924
f 922/1220/924 563/802/565 572/811/574 931/1229/933
f 931/1229/933 572/811/574 581/820/583 940/1238/942
f 940/1238/942 581/820/583 590/829/592 949/1247/951
f 949/1247/951 590/829/592 599/838/601 958/1256/960
f 958/1256/960 599/838/601 608/847/610 967/1265/969
f 967/1265/969 608/847/610 617/856/619 976/1274/978
f 976/1274/978 617/856/619 626/865/628 985/1283/987
f 985/1283/987 626/865/628 635/874/637 994/1292/996
f 994/1292/996 635/874/637 644/883/646 1003/1301/1005
f 1003/1301/1005 644/883/646 653/892/655 1012/1310/1014
f 1012/1310/1014 653/892/655 662/901/664 1021/1319/1023
f 1021/1328/1023 662/911/664 671/910/673 1030/1329/1032
f 1030/1329/1032 671/910/673 680/928/682 1039/1346/1041
f 1039/1346/1041 680/928/682 689/937/691 1048/1355/1050
f 1048/1355/1050 689/937/691 698/946/700 1057/1364/1059
f 1057/1364/1059 698/946/700 707/955/709 1066/1373/1068
f 1066/1373/1068 707/955/709 716/964/718 1075/1382/1077
f 1075/1382/1077 716/964/718 725/973/727 1084/1391/1086
f 1084/1391/1086 725/973/727 734/982/736 1093/1400/1095
f 1093/1400/1095 734/982/736 743/991/745 1102/1409/1104
f 1102/1409/1104 743/991/745 752/1000/754 1111/1418/1113
f 1111/1418/1113 752/1000/754 761/1009/763 1120/1427/1122
f 1120/1427/1122 761/1009/763 770/1018/772 1129/1436/1131
f 1129/1436/1131 770/1018/772 779/1027/781 1138/1445/1140
f 1138/1445/1140 779/1027/781 788/1036/790 1147/1454/1149
f 1147/1454/1149 788/1036/790 797/1045/799 1156/1463/1158
f 1156/1463/1158 797/1045/799 806/1054/808 1165/1472/1167
f 1165/1472/1167 806/1054/808 815/1063/817 1174/1481/1176
f 1174/1481/1176 815/1063/817 824/1072/826 1183/1490/1185
f 1183/1490/1185 824/1072/826 833/1081/835 1192/1499/1194
